basin,year,month,fill_ratio,stored_hm3,capacity_hm3
Cantábrico Occidental,1988,1,0.7928,1687.0,2128.0
Cantábrico Occidental,1988,2,0.8473,1803.0,2128.0
Cantábrico Occidental,1988,3,0.7805,2076.0,2660.0
Cantábrico Occidental,1988,4,0.8369,1781.0,2128.0
Cantábrico Occidental,1988,5,0.9338,2484.0,2660.0
Cantábrico Occidental,1988,6,0.9131,1943.0,2128.0
Cantábrico Occidental,1988,7,0.8181,1741.0,2128.0
Cantábrico Occidental,1988,8,0.682,1814.0,2660.0
Cantábrico Occidental,1988,9,0.5869,1249.0,2128.0
Cantábrico Occidental,1988,10,0.5752,1224.0,2128.0
Cantábrico Occidental,1988,11,0.4903,1314.0,2680.0
Cantábrico Occidental,1988,12,0.4473,959.0,2144.0
Cantábrico Occidental,1989,1,0.4504,1207.0,2680.0
Cantábrico Occidental,1989,2,0.4333,929.0,2144.0
Cantábrico Occidental,1989,3,0.6432,1379.0,2144.0
Cantábrico Occidental,1989,4,0.6702,1437.0,2144.0
Cantábrico Occidental,1989,5,0.7164,1920.0,2680.0
Cantábrico Occidental,1989,6,0.7542,1617.0,2144.0
Cantábrico Occidental,1989,7,0.7127,1528.0,2144.0
Cantábrico Occidental,1989,8,0.6545,1754.0,2680.0
Cantábrico Occidental,1989,9,0.5965,1279.0,2144.0
Cantábrico Occidental,1989,10,0.5369,1439.0,2680.0
Cantábrico Occidental,1989,11,0.541,1160.0,2144.0
Cantábrico Occidental,1989,12,0.6441,1381.0,2144.0
Cantábrico Occidental,1990,1,0.7616,2041.0,2680.0
Cantábrico Occidental,1990,2,0.8479,1818.0,2144.0
Cantábrico Occidental,1990,3,0.7785,1669.0,2144.0
Cantábrico Occidental,1990,4,0.7864,1686.0,2144.0
Cantábrico Occidental,1990,5,0.8731,2340.0,2680.0
Cantábrico Occidental,1990,6,0.8671,1859.0,2144.0
Cantábrico Occidental,1990,7,0.8097,2170.0,2680.0
Cantábrico Occidental,1990,8,0.7519,1612.0,2144.0
Cantábrico Occidental,1990,9,0.6796,1457.0,2144.0
Cantábrico Occidental,1990,10,0.6186,1669.0,2698.0
Cantábrico Occidental,1990,11,0.6399,1395.0,2180.0
Cantábrico Occidental,1990,12,0.6702,1461.0,2180.0
Cantábrico Occidental,1991,1,0.857,2320.0,2707.0
Cantábrico Occidental,1991,2,0.8461,1814.0,2144.0
Cantábrico Occidental,1991,3,0.8937,1916.0,2144.0
Cantábrico Occidental,1991,4,0.8802,2359.0,2680.0
Cantábrico Occidental,1991,5,0.9142,1960.0,2144.0
Cantábrico Occidental,1991,6,0.938,2011.0,2144.0
Cantábrico Occidental,1991,7,0.8776,2352.0,2680.0
Cantábrico Occidental,1991,8,0.834,1788.0,2144.0
Cantábrico Occidental,1991,9,0.7593,1628.0,2144.0
Cantábrico Occidental,1991,10,0.6758,1849.0,2736.0
Cantábrico Occidental,1991,11,0.6964,1532.0,2200.0
Cantábrico Occidental,1991,12,0.7331,2016.0,2750.0
Cantábrico Occidental,1992,1,0.6686,1471.0,2200.0
Cantábrico Occidental,1992,2,0.6227,1370.0,2200.0
Cantábrico Occidental,1992,3,0.5982,1645.0,2750.0
Cantábrico Occidental,1992,4,0.8677,1909.0,2200.0
Cantábrico Occidental,1992,5,0.9277,2041.0,2200.0
Cantábrico Occidental,1992,6,0.9305,2559.0,2750.0
Cantábrico Occidental,1992,7,0.8818,1940.0,2200.0
Cantábrico Occidental,1992,8,0.8373,1842.0,2200.0
Cantábrico Occidental,1992,9,0.7869,2164.0,2750.0
Cantábrico Occidental,1992,10,0.7318,1610.0,2200.0
Cantábrico Occidental,1992,11,0.795,1749.0,2200.0
Cantábrico Occidental,1992,12,0.8375,2303.0,2750.0
Cantábrico Occidental,1993,1,0.7541,1659.0,2200.0
Cantábrico Occidental,1993,2,0.7041,1549.0,2200.0
Cantábrico Occidental,1993,3,0.6727,1850.0,2750.0
Cantábrico Occidental,1993,4,0.7595,1671.0,2200.0
Cantábrico Occidental,1993,5,0.9073,1996.0,2200.0
Cantábrico Occidental,1993,6,0.9324,2564.0,2750.0
Cantábrico Occidental,1993,7,0.925,2035.0,2200.0
Cantábrico Occidental,1993,8,0.8415,2314.0,2750.0
Cantábrico Occidental,1993,9,0.7518,1654.0,2200.0
Cantábrico Occidental,1993,10,0.7623,1677.0,2200.0
Cantábrico Occidental,1993,11,0.6825,1877.0,2750.0
Cantábrico Occidental,1993,12,0.7432,1635.0,2200.0
Cantábrico Occidental,1994,1,0.8709,1916.0,2200.0
Cantábrico Occidental,1994,2,0.8132,1789.0,2200.0
Cantábrico Occidental,1994,3,0.7625,2097.0,2750.0
Cantábrico Occidental,1994,4,0.7682,1690.0,2200.0
Cantábrico Occidental,1994,5,0.8218,2260.0,2750.0
Cantábrico Occidental,1994,6,0.8686,1911.0,2200.0
Cantábrico Occidental,1994,7,0.8264,1818.0,2200.0
Cantábrico Occidental,1994,8,0.7473,2055.0,2750.0
Cantábrico Occidental,1994,9,0.655,1441.0,2200.0
Cantábrico Occidental,1994,10,0.6018,1324.0,2200.0
Cantábrico Occidental,1994,11,0.5905,1624.0,2750.0
Cantábrico Occidental,1994,12,0.6032,1327.0,2200.0
Cantábrico Occidental,1995,1,0.8044,2212.0,2750.0
Cantábrico Occidental,1995,2,0.845,1859.0,2200.0
Cantábrico Occidental,1995,3,0.8709,1916.0,2200.0
Cantábrico Occidental,1995,4,0.7959,1751.0,2200.0
Cantábrico Occidental,1995,5,0.8075,2223.0,2753.0
Cantábrico Occidental,1995,6,0.8123,1787.0,2200.0
Cantábrico Occidental,1995,7,0.7795,1715.0,2200.0
Cantábrico Occidental,1995,8,0.7287,2004.0,2750.0
Cantábrico Occidental,1995,9,0.67,1474.0,2200.0
Cantábrico Occidental,1995,10,0.6345,1745.0,2750.0
Cantábrico Occidental,1995,11,0.6423,1413.0,2200.0
Cantábrico Occidental,1995,12,0.7905,1739.0,2200.0
Cantábrico Occidental,1996,1,0.8436,2320.0,2750.0
Cantábrico Occidental,1996,2,0.7827,1722.0,2200.0
Cantábrico Occidental,1996,3,0.8043,1767.0,2197.0
Cantábrico Occidental,1996,4,0.8663,2378.0,2745.0
Cantábrico Occidental,1996,5,0.9003,1977.0,2196.0
Cantábrico Occidental,1996,6,0.9148,2009.0,2196.0
Cantábrico Occidental,1996,7,0.8761,2405.0,2745.0
Cantábrico Occidental,1996,8,0.8165,1793.0,2196.0
Cantábrico Occidental,1996,9,0.7295,1602.0,2196.0
Cantábrico Occidental,1996,10,0.6339,1740.0,2745.0
Cantábrico Occidental,1996,11,0.6275,1378.0,2196.0
Cantábrico Occidental,1996,12,0.8113,2227.0,2745.0
Cantábrico Occidental,1997,1,0.8397,1844.0,2196.0
Cantábrico Occidental,1997,2,0.8147,1789.0,2196.0
Cantábrico Occidental,1997,3,0.8083,1775.0,2196.0
Cantábrico Occidental,1997,4,0.7625,2093.0,2745.0
Cantábrico Occidental,1997,5,0.7637,1677.0,2196.0
Cantábrico Occidental,1997,6,0.816,1792.0,2196.0
Cantábrico Occidental,1997,7,0.7872,2161.0,2745.0
Cantábrico Occidental,1997,8,0.5615,1233.0,2196.0
Cantábrico Occidental,1997,9,0.5005,1374.0,2745.0
Cantábrico Occidental,1997,10,0.4722,1037.0,2196.0
Cantábrico Occidental,1997,11,0.6321,1388.0,2196.0
Cantábrico Occidental,1997,12,0.8474,2326.0,2745.0
Cantábrico Occidental,1998,1,0.847,1860.0,2196.0
Cantábrico Occidental,1998,2,0.8288,1820.0,2196.0
Cantábrico Occidental,1998,3,0.8321,2284.0,2745.0
Cantábrico Occidental,1998,4,0.8752,1922.0,2196.0
Cantábrico Occidental,1998,5,0.9026,1982.0,2196.0
Cantábrico Occidental,1998,6,0.8998,2470.0,2745.0
Cantábrico Occidental,1998,7,0.8948,1965.0,2196.0
Cantábrico Occidental,1998,8,0.8238,1809.0,2196.0
Cantábrico Occidental,1998,9,0.7297,2003.0,2745.0
Cantábrico Occidental,1998,10,0.6762,1485.0,2196.0
Cantábrico Occidental,1998,11,0.5902,1296.0,2196.0
Cantábrico Occidental,1998,12,0.5421,1488.0,2745.0
Cantábrico Occidental,1999,1,0.5774,1268.0,2196.0
Cantábrico Occidental,1999,2,0.6758,1484.0,2196.0
Cantábrico Occidental,1999,3,0.7628,2094.0,2745.0
Cantábrico Occidental,1999,4,0.8169,1794.0,2196.0
Cantábrico Occidental,1999,5,0.806,1770.0,2196.0
Cantábrico Occidental,1999,6,0.5472,1502.0,2745.0
Cantábrico Occidental,1999,7,0.4162,914.0,2196.0
Cantábrico Occidental,1999,8,0.4047,1111.0,2745.0
Cantábrico Occidental,1999,9,0.3862,848.0,2196.0
Cantábrico Occidental,1999,10,0.4135,908.0,2196.0
Cantábrico Occidental,1999,11,0.6801,1867.0,2745.0
Cantábrico Occidental,1999,12,0.7505,1648.0,2196.0
Cantábrico Occidental,2000,1,0.7113,1562.0,2196.0
Cantábrico Occidental,2000,2,0.6288,1726.0,2745.0
Cantábrico Occidental,2000,3,0.5993,1316.0,2196.0
Cantábrico Occidental,2000,4,0.7341,1612.0,2196.0
Cantábrico Occidental,2000,5,0.8106,2225.0,2745.0
Cantábrico Occidental,2000,6,0.6794,1492.0,2196.0
Cantábrico Occidental,2000,7,0.6079,1335.0,2196.0
Cantábrico Occidental,2000,8,0.6095,1673.0,2745.0
Cantábrico Occidental,2000,9,0.5697,1251.0,2196.0
Cantábrico Occidental,2000,10,0.5705,1566.0,2745.0
Cantábrico Occidental,2000,11,0.7951,1746.0,2196.0
Cantábrico Occidental,2000,12,0.8393,1843.0,2196.0
Cantábrico Occidental,2001,1,0.863,2369.0,2745.0
Cantábrico Occidental,2001,2,0.8538,1875.0,2196.0
Cantábrico Occidental,2001,3,0.8939,1963.0,2196.0
Cantábrico Occidental,2001,4,0.8689,1908.0,2196.0
Cantábrico Occidental,2001,5,0.8776,2409.0,2745.0
Cantábrico Occidental,2001,6,0.857,1882.0,2196.0
Cantábrico Occidental,2001,7,0.8102,2224.0,2745.0
Cantábrico Occidental,2001,8,0.7145,1569.0,2196.0
Cantábrico Occidental,2001,9,0.633,1390.0,2196.0
Cantábrico Occidental,2001,10,0.5275,1448.0,2745.0
Cantábrico Occidental,2001,11,0.495,1087.0,2196.0
Cantábrico Occidental,2001,12,0.5,1098.0,2196.0
Cantábrico Occidental,2002,1,0.4379,1202.0,2745.0
Cantábrico Occidental,2002,2,0.5642,1239.0,2196.0
Cantábrico Occidental,2002,3,0.7127,1565.0,2196.0
Cantábrico Occidental,2002,4,0.784,2152.0,2745.0
Cantábrico Occidental,2002,5,0.8037,1765.0,2196.0
Cantábrico Occidental,2002,6,0.8397,1844.0,2196.0
Cantábrico Occidental,2002,7,0.8175,2244.0,2745.0
Cantábrico Occidental,2002,8,0.7769,1706.0,2196.0
Cantábrico Occidental,2002,9,0.7719,1695.0,2196.0
Cantábrico Occidental,2002,10,0.7246,1989.0,2745.0
Cantábrico Occidental,2002,11,0.7127,1565.0,2196.0
Cantábrico Occidental,2002,12,0.7836,2151.0,2745.0
Cantábrico Occidental,2003,1,0.8843,1942.0,2196.0
Cantábrico Occidental,2003,2,0.8379,1840.0,2196.0
Cantábrico Occidental,2003,3,0.8138,1787.0,2196.0
Cantábrico Occidental,2003,4,0.7683,2109.0,2745.0
Cantábrico Occidental,2003,5,0.791,1737.0,2196.0
Cantábrico Occidental,2003,6,0.7609,1671.0,2196.0
Cantábrico Occidental,2003,7,0.7348,2017.0,2745.0
Cantábrico Occidental,2003,8,0.6548,1438.0,2196.0
Cantábrico Occidental,2003,9,0.5927,1627.0,2745.0
Cantábrico Occidental,2003,10,0.532,1171.0,2201.0
Cantábrico Occidental,2003,11,0.6728,1491.0,2216.0
Cantábrico Occidental,2003,12,0.7188,1991.0,2770.0
Cantábrico Occidental,2004,1,0.8213,1820.0,2216.0
Cantábrico Occidental,2004,2,0.7911,1753.0,2216.0
Cantábrico Occidental,2004,3,0.7372,2042.0,2770.0
Cantábrico Occidental,2004,4,0.7766,1721.0,2216.0
Cantábrico Occidental,2004,5,0.884,1959.0,2216.0
Cantábrico Occidental,2004,6,0.8852,2452.0,2770.0
Cantábrico Occidental,2004,7,0.8533,1891.0,2216.0
Cantábrico Occidental,2004,8,0.7924,2195.0,2770.0
Cantábrico Occidental,2004,9,0.6507,1442.0,2216.0
Cantábrico Occidental,2004,10,0.5275,1169.0,2216.0
Cantábrico Occidental,2004,11,0.6054,1677.0,2770.0
Cantábrico Occidental,2004,12,0.5591,1239.0,2216.0
Cantábrico Occidental,2005,1,0.6828,1513.0,2216.0
Cantábrico Occidental,2005,2,0.6376,1413.0,2216.0
Cantábrico Occidental,2005,3,0.6116,1694.0,2770.0
Cantábrico Occidental,2005,4,0.7563,1676.0,2216.0
Cantábrico Occidental,2005,5,0.8527,2362.0,2770.0
Cantábrico Occidental,2005,6,0.8123,1800.0,2216.0
Cantábrico Occidental,2005,7,0.7437,1648.0,2216.0
Cantábrico Occidental,2005,8,0.6661,1845.0,2770.0
Cantábrico Occidental,2005,9,0.6327,1402.0,2216.0
Cantábrico Occidental,2005,10,0.5961,1321.0,2216.0
Cantábrico Occidental,2005,11,0.5942,1646.0,2770.0
Cantábrico Occidental,2005,12,0.5948,1318.0,2216.0
Cantábrico Occidental,2006,1,0.6957,1927.0,2770.0
Cantábrico Occidental,2006,2,0.6891,1527.0,2216.0
Cantábrico Occidental,2006,3,0.8344,1849.0,2216.0
Cantábrico Occidental,2006,4,0.8236,1825.0,2216.0
Cantábrico Occidental,2006,5,0.8209,2274.0,2770.0
Cantábrico Occidental,2006,6,0.7396,1639.0,2216.0
Cantábrico Occidental,2006,7,0.7238,1604.0,2216.0
Cantábrico Occidental,2006,8,0.6538,1811.0,2770.0
Cantábrico Occidental,2006,9,0.5961,1321.0,2216.0
Cantábrico Occidental,2006,10,0.6386,1769.0,2770.0
Cantábrico Occidental,2006,11,0.6904,1530.0,2216.0
Cantábrico Occidental,2006,12,0.819,1815.0,2216.0
Cantábrico Occidental,2007,1,0.6975,1932.0,2770.0
Cantábrico Occidental,2007,2,0.8132,1802.0,2216.0
Cantábrico Occidental,2007,3,0.8371,1855.0,2216.0
Cantábrico Occidental,2007,4,0.8245,1827.0,2216.0
Cantábrico Occidental,2007,5,0.8563,2372.0,2770.0
Cantábrico Occidental,2007,6,0.88,1950.0,2216.0
Cantábrico Occidental,2007,7,0.8332,2308.0,2770.0
Cantábrico Occidental,2007,8,0.7893,1749.0,2216.0
Cantábrico Occidental,2007,9,0.7843,1738.0,2216.0
Cantábrico Occidental,2007,10,0.7267,2013.0,2770.0
Cantábrico Occidental,2007,11,0.6864,1521.0,2216.0
Cantábrico Occidental,2007,12,0.6295,1395.0,2216.0
Cantábrico Occidental,2008,1,0.6217,1722.0,2770.0
Cantábrico Occidental,2008,2,0.6539,1449.0,2216.0
Cantábrico Occidental,2008,3,0.7035,1559.0,2216.0
Cantábrico Occidental,2008,4,0.8552,2369.0,2770.0
Cantábrico Occidental,2008,5,0.8759,1941.0,2216.0
Cantábrico Occidental,2008,6,0.8903,1973.0,2216.0
Cantábrico Occidental,2008,7,0.8794,2436.0,2770.0
Cantábrico Occidental,2008,8,0.8457,1874.0,2216.0
Cantábrico Occidental,2008,9,0.7895,2187.0,2770.0
Cantábrico Occidental,2008,10,0.6886,1526.0,2216.0
Cantábrico Occidental,2008,11,0.6616,1466.0,2216.0
Cantábrico Occidental,2008,12,0.7585,2101.0,2770.0
Cantábrico Occidental,2009,1,0.7875,1745.0,2216.0
Cantábrico Occidental,2009,2,0.866,1919.0,2216.0
Cantábrico Occidental,2009,3,0.7762,2150.0,2770.0
Cantábrico Occidental,2009,4,0.7536,1670.0,2216.0
Cantábrico Occidental,2009,5,0.8394,1860.0,2216.0
Cantábrico Occidental,2009,6,0.9137,2531.0,2770.0
Cantábrico Occidental,2009,7,0.8894,1971.0,2216.0
Cantábrico Occidental,2009,8,0.8407,1863.0,2216.0
Cantábrico Occidental,2009,9,0.7357,2038.0,2770.0
Cantábrico Occidental,2009,10,0.5988,1327.0,2216.0
Cantábrico Occidental,2009,11,0.6277,1391.0,2216.0
Cantábrico Occidental,2009,12,0.7404,2051.0,2770.0
Cantábrico Occidental,2010,1,0.8511,1886.0,2216.0
Cantábrico Occidental,2010,2,0.7658,1697.0,2216.0
Cantábrico Occidental,2010,3,0.8671,2402.0,2770.0
Cantábrico Occidental,2010,4,0.8493,1882.0,2216.0
Cantábrico Occidental,2010,5,0.8222,1822.0,2216.0
Cantábrico Occidental,2010,6,0.8715,2414.0,2770.0
Cantábrico Occidental,2010,7,0.7852,1740.0,2216.0
Cantábrico Occidental,2010,8,0.6502,1801.0,2770.0
Cantábrico Occidental,2010,9,0.6011,1332.0,2216.0
Cantábrico Occidental,2010,10,0.5925,1313.0,2216.0
Cantábrico Occidental,2010,11,0.6856,1899.0,2770.0
Cantábrico Occidental,2010,12,0.6981,1547.0,2216.0
Cantábrico Occidental,2011,1,0.7843,1738.0,2216.0
Cantábrico Occidental,2011,2,0.676,1498.0,2216.0
Cantábrico Occidental,2011,3,0.7538,2088.0,2770.0
Cantábrico Occidental,2011,4,0.7856,1741.0,2216.0
Cantábrico Occidental,2011,5,0.7892,2186.0,2770.0
Cantábrico Occidental,2011,6,0.796,1764.0,2216.0
Cantábrico Occidental,2011,7,0.7103,1574.0,2216.0
Cantábrico Occidental,2011,8,0.6282,1740.0,2770.0
Cantábrico Occidental,2011,9,0.5239,1161.0,2216.0
Cantábrico Occidental,2011,10,0.4734,1049.0,2216.0
Cantábrico Occidental,2011,11,0.4812,1333.0,2770.0
Cantábrico Occidental,2011,12,0.5731,1270.0,2216.0
Cantábrico Occidental,2012,1,0.6231,1726.0,2770.0
Cantábrico Occidental,2012,2,0.6796,1506.0,2216.0
Cantábrico Occidental,2012,3,0.7148,1584.0,2216.0
Cantábrico Occidental,2012,4,0.7978,1768.0,2216.0
Cantábrico Occidental,2012,5,0.8704,2411.0,2770.0
Cantábrico Occidental,2012,6,0.8687,1925.0,2216.0
Cantábrico Occidental,2012,7,0.7574,2098.0,2770.0
Cantábrico Occidental,2012,8,0.6579,1458.0,2216.0
Cantábrico Occidental,2012,9,0.6079,1347.0,2216.0
Cantábrico Occidental,2012,10,0.5921,1640.0,2770.0
Cantábrico Occidental,2012,11,0.6318,1400.0,2216.0
Cantábrico Occidental,2012,12,0.6823,1512.0,2216.0
Cantábrico Occidental,2013,1,0.7726,2140.0,2770.0
Cantábrico Occidental,2013,2,0.8858,1963.0,2216.0
Cantábrico Occidental,2013,3,0.8389,1859.0,2216.0
Cantábrico Occidental,2013,4,0.9159,2537.0,2770.0
Cantábrico Occidental,2013,5,0.9165,2031.0,2216.0
Cantábrico Occidental,2013,6,0.8944,1982.0,2216.0
Cantábrico Occidental,2013,7,0.8769,2429.0,2770.0
Cantábrico Occidental,2013,8,0.8312,1842.0,2216.0
Cantábrico Occidental,2013,9,0.7459,1653.0,2216.0
Cantábrico Occidental,2013,10,0.6278,1739.0,2770.0
Cantábrico Occidental,2013,11,0.6805,1508.0,2216.0
Cantábrico Occidental,2013,12,0.6502,1801.0,2770.0
Cantábrico Occidental,2014,1,0.8267,1832.0,2216.0
Cantábrico Occidental,2014,2,0.8931,1979.0,2216.0
Cantábrico Occidental,2014,3,0.8773,1944.0,2216.0
Cantábrico Occidental,2014,4,0.8697,2409.0,2770.0
Cantábrico Occidental,2014,5,0.8457,1874.0,2216.0
Cantábrico Occidental,2014,6,0.8005,1774.0,2216.0
Cantábrico Occidental,2014,7,0.6989,1936.0,2770.0
Cantábrico Occidental,2014,8,0.6187,1371.0,2216.0
Cantábrico Occidental,2014,9,0.5498,1523.0,2770.0
Cantábrico Occidental,2014,10,0.5077,1125.0,2216.0
Cantábrico Occidental,2014,11,0.5456,1209.0,2216.0
Cantábrico Occidental,2014,12,0.6126,1697.0,2770.0
Cantábrico Occidental,2015,1,0.6277,1391.0,2216.0
Cantábrico Occidental,2015,2,0.8055,1785.0,2216.0
Cantábrico Occidental,2015,3,0.813,2252.0,2770.0
Cantábrico Occidental,2015,4,0.8213,1820.0,2216.0
Cantábrico Occidental,2015,5,0.8899,1972.0,2216.0
Cantábrico Occidental,2015,6,0.8473,2347.0,2770.0
Cantábrico Occidental,2015,7,0.7811,1731.0,2216.0
Cantábrico Occidental,2015,8,0.718,1591.0,2216.0
Cantábrico Occidental,2015,9,0.6787,1880.0,2770.0
Cantábrico Occidental,2015,10,0.6399,1418.0,2216.0
Cantábrico Occidental,2015,11,0.5988,1327.0,2216.0
Cantábrico Occidental,2015,12,0.5653,1566.0,2770.0
Cantábrico Occidental,2016,1,0.7712,1709.0,2216.0
Cantábrico Occidental,2016,2,0.8231,1824.0,2216.0
Cantábrico Occidental,2016,3,0.8617,2387.0,2770.0
Cantábrico Occidental,2016,4,0.8579,1901.0,2216.0
Cantábrico Occidental,2016,5,0.883,2446.0,2770.0
Cantábrico Occidental,2016,6,0.8863,1964.0,2216.0
Cantábrico Occidental,2016,7,0.8822,1955.0,2216.0
Cantábrico Occidental,2016,8,0.8155,2259.0,2770.0
Cantábrico Occidental,2016,9,0.7432,1647.0,2216.0
Cantábrico Occidental,2016,10,0.6592,1408.0,2136.0
Cantábrico Occidental,2016,11,0.6154,1643.0,2670.0
Cantábrico Occidental,2016,12,0.6021,1286.0,2136.0
Cantábrico Occidental,2017,1,0.5573,1488.0,2670.0
Cantábrico Occidental,2017,2,0.7046,1505.0,2136.0
Cantábrico Occidental,2017,3,0.7608,1625.0,2136.0
Cantábrico Occidental,2017,4,0.7898,1687.0,2136.0
Cantábrico Occidental,2017,5,0.8315,2220.0,2670.0
Cantábrico Occidental,2017,6,0.8769,1873.0,2136.0
Cantábrico Occidental,2017,7,0.868,1854.0,2136.0
Cantábrico Occidental,2017,8,0.8258,2205.0,2670.0
Cantábrico Occidental,2017,9,0.7079,1515.0,2140.0
Cantábrico Occidental,2017,10,0.5699,1476.0,2590.0
Cantábrico Occidental,2017,11,0.5304,1099.0,2072.0
Cantábrico Occidental,2017,12,0.5719,1185.0,2072.0
Cantábrico Occidental,2018,1,0.7208,1867.0,2590.0
Cantábrico Occidental,2018,2,0.7765,1609.0,2072.0
Cantábrico Occidental,2018,3,0.8431,1747.0,2072.0
Cantábrico Occidental,2018,4,0.8948,1854.0,2072.0
Cantábrico Occidental,2018,5,0.9058,2346.0,2590.0
Cantábrico Occidental,2018,6,0.9484,1965.0,2072.0
Cantábrico Occidental,2018,7,0.9124,2363.0,2590.0
Cantábrico Occidental,2018,8,0.8316,1723.0,2072.0
Cantábrico Occidental,2018,9,0.7273,1507.0,2072.0
Cantábrico Occidental,2018,10,0.649,1681.0,2590.0
Cantábrico Occidental,2018,11,0.6819,1413.0,2072.0
Cantábrico Occidental,2018,12,0.6559,1359.0,2072.0
Cantábrico Occidental,2019,1,0.6274,1625.0,2590.0
Cantábrico Occidental,2019,2,0.8118,1682.0,2072.0
Cantábrico Occidental,2019,3,0.7722,1600.0,2072.0
Cantábrico Occidental,2019,4,0.8174,2117.0,2590.0
Cantábrico Occidental,2019,5,0.8885,1841.0,2072.0
Cantábrico Occidental,2019,6,0.8842,1832.0,2072.0
Cantábrico Occidental,2019,7,0.8143,2109.0,2590.0
Cantábrico Occidental,2019,8,0.7563,1567.0,2072.0
Cantábrico Occidental,2019,9,0.6998,1450.0,2072.0
Cantábrico Occidental,2019,10,0.6239,1616.0,2590.0
Cantábrico Occidental,2019,11,0.7408,1535.0,2072.0
Cantábrico Occidental,2019,12,0.8757,2268.0,2590.0
Cantábrico Occidental,2020,1,0.7403,1534.0,2072.0
Cantábrico Occidental,2020,2,0.7529,1560.0,2072.0
Cantábrico Occidental,2020,3,0.7838,2030.0,2590.0
Cantábrico Occidental,2020,4,0.832,1724.0,2072.0
Cantábrico Occidental,2020,5,0.8856,1835.0,2072.0
Cantábrico Occidental,2020,6,0.8622,2233.0,2590.0
Cantábrico Occidental,2020,7,0.8041,1666.0,2072.0
Cantábrico Occidental,2020,8,0.749,1552.0,2072.0
Cantábrico Occidental,2020,9,0.7081,1834.0,2590.0
Cantábrico Occidental,2020,10,0.6622,1372.0,2072.0
Cantábrico Occidental,2020,11,0.6704,1389.0,2072.0
Cantábrico Occidental,2020,12,0.673,1743.0,2590.0
Cantábrico Occidental,2021,1,0.6351,1316.0,2072.0
Cantábrico Occidental,2021,2,0.8499,1761.0,2072.0
Cantábrico Occidental,2021,3,0.81,2098.0,2590.0
Cantábrico Occidental,2021,4,0.7794,1615.0,2072.0
Cantábrico Occidental,2021,5,0.7997,1657.0,2072.0
Cantábrico Occidental,2021,6,0.8479,2196.0,2590.0
Cantábrico Occidental,2021,7,0.8277,1715.0,2072.0
Cantábrico Occidental,2021,8,0.7525,1949.0,2590.0
Cantábrico Occidental,2021,9,0.6467,1340.0,2072.0
Cantábrico Occidental,2021,10,0.5758,1193.0,2072.0
Cantábrico Occidental,2021,11,0.5795,1501.0,2590.0
Cantábrico Occidental,2021,12,0.6868,1423.0,2072.0
Cantábrico Occidental,2022,1,0.6424,1331.0,2072.0
Cantábrico Occidental,2022,2,0.6255,1296.0,2072.0
Cantábrico Occidental,2022,3,0.6239,1616.0,2590.0
Cantábrico Occidental,2022,4,0.6255,1296.0,2072.0
Cantábrico Occidental,2022,5,0.6363,1648.0,2590.0
Cantábrico Occidental,2022,6,0.6404,1327.0,2072.0
Cantábrico Occidental,2022,7,0.6443,1335.0,2072.0
Cantábrico Occidental,2022,8,0.6104,1581.0,2590.0
Cantábrico Occidental,2022,9,0.5734,1188.0,2072.0
Cantábrico Occidental,2022,10,0.5612,1100.0,1960.0
Cantábrico Occidental,2022,11,0.5682,1392.0,2450.0
Cantábrico Occidental,2022,12,0.5949,1166.0,1960.0
Cantábrico Occidental,2023,1,0.8147,1996.0,2450.0
Cantábrico Occidental,2023,2,0.7495,1469.0,1960.0
Cantábrico Occidental,2023,3,0.7097,1391.0,1960.0
Cantábrico Occidental,2023,4,0.7878,1544.0,1960.0
Cantábrico Occidental,2023,5,0.8445,2069.0,2450.0
Cantábrico Occidental,2023,6,0.9061,1776.0,1960.0
Cantábrico Occidental,2023,7,0.8949,1754.0,1960.0
Cantábrico Occidental,2023,8,0.8514,2086.0,2450.0
Cantábrico Occidental,2023,9,0.801,1570.0,1960.0
Cantábrico Occidental,2023,10,0.7453,1826.0,2450.0
Cantábrico Occidental,2023,11,0.8276,1622.0,1960.0
Cantábrico Occidental,2023,12,0.7929,1554.0,1960.0
Cantábrico Occidental,2024,1,0.7996,1959.0,2450.0
Cantábrico Occidental,2024,2,0.773,1515.0,1960.0
Cantábrico Occidental,2024,3,0.8878,1740.0,1960.0
Cantábrico Occidental,2024,4,0.8722,2137.0,2450.0
Cantábrico Occidental,2024,5,0.9087,1781.0,1960.0
Cantábrico Occidental,2024,6,0.9281,1819.0,1960.0
Cantábrico Occidental,2024,7,0.902,2210.0,2450.0
Cantábrico Occidental,2024,8,0.8199,1607.0,1960.0
Cantábrico Occidental,2024,9,0.7286,1428.0,1960.0
Cantábrico Occidental,2024,10,0.7408,1815.0,2450.0
Cantábrico Occidental,2024,11,0.6163,1208.0,1960.0
Cantábrico Occidental,2024,12,0.638,1563.0,2450.0
Cantábrico Occidental,2025,1,0.6622,1298.0,1960.0
Cantábrico Occidental,2025,2,0.7964,1561.0,1960.0
Cantábrico Occidental,2025,3,0.7403,1451.0,1960.0
Cantábrico Occidental,2025,4,0.82,2009.0,2450.0
Cantábrico Occidental,2025,5,0.9031,1770.0,1960.0
Cantábrico Occidental,2025,6,0.8913,1747.0,1960.0
Cantábrico Occidental,2025,7,0.7914,1939.0,2450.0
Cantábrico Occidental,2025,8,0.699,1370.0,1960.0
Cantábrico Occidental,2025,9,0.6465,1584.0,2450.0
Cantábrico Occidental,2025,10,0.5964,1169.0,1960.0
Cantábrico Occidental,2025,11,0.5643,1106.0,1960.0
Cantábrico Occidental,2025,12,0.6049,1482.0,2450.0
Cantábrico Occidental,2026,1,0.5776,1132.0,1960.0
Cantábrico Occidental,2026,2,0.8862,1737.0,1960.0
Cantábrico Occidental,2026,3,0.8584,2103.0,2450.0
Cantábrico Occidental,2026,4,0.8464,1659.0,1960.0
Cantábrico Occidental,2026,5,0.848,1662.0,1960.0
Cantábrico Occidental,2026,6,0.8649,2119.0,2450.0
Cantábrico Occidental,2026,7,0.8102,794.0,980.0
Cantábrico Oriental,1988,1,0.5644,149.0,264.0
Cantábrico Oriental,1988,2,0.7841,207.0,264.0
Cantábrico Oriental,1988,3,0.803,265.0,330.0
Cantábrico Oriental,1988,4,0.822,217.0,264.0
Cantábrico Oriental,1988,5,0.8424,278.0,330.0
Cantábrico Oriental,1988,6,0.8371,221.0,264.0
Cantábrico Oriental,1988,7,0.8333,220.0,264.0
Cantábrico Oriental,1988,8,0.7758,256.0,330.0
Cantábrico Oriental,1988,9,0.7083,187.0,264.0
Cantábrico Oriental,1988,10,0.6477,171.0,264.0
Cantábrico Oriental,1988,11,0.5576,184.0,330.0
Cantábrico Oriental,1988,12,0.4962,131.0,264.0
Cantábrico Oriental,1989,1,0.4333,143.0,330.0
Cantábrico Oriental,1989,2,0.4015,106.0,264.0
Cantábrico Oriental,1989,3,0.4394,116.0,264.0
Cantábrico Oriental,1989,4,0.553,146.0,264.0
Cantábrico Oriental,1989,5,0.7182,237.0,330.0
Cantábrico Oriental,1989,6,0.6667,176.0,264.0
Cantábrico Oriental,1989,7,0.6098,161.0,264.0
Cantábrico Oriental,1989,8,0.5121,169.0,330.0
Cantábrico Oriental,1989,9,0.4242,112.0,264.0
Cantábrico Oriental,1989,10,0.3364,111.0,330.0
Cantábrico Oriental,1989,11,0.2803,74.0,264.0
Cantábrico Oriental,1989,12,0.2235,59.0,264.0
Cantábrico Oriental,1990,1,0.1818,60.0,330.0
Cantábrico Oriental,1990,2,0.1894,50.0,264.0
Cantábrico Oriental,1990,3,0.2121,56.0,264.0
Cantábrico Oriental,1990,4,0.3182,84.0,264.0
Cantábrico Oriental,1990,5,0.8394,277.0,330.0
Cantábrico Oriental,1990,6,0.8182,216.0,264.0
Cantábrico Oriental,1990,7,0.7697,254.0,330.0
Cantábrico Oriental,1990,8,0.7008,185.0,264.0
Cantábrico Oriental,1990,9,0.6364,168.0,264.0
Cantábrico Oriental,1990,10,0.5647,192.0,340.0
Cantábrico Oriental,1990,11,0.5599,159.0,284.0
Cantábrico Oriental,1990,12,0.6972,198.0,284.0
Cantábrico Oriental,1991,1,0.8,276.0,345.0
Cantábrico Oriental,1991,2,0.8068,213.0,264.0
Cantábrico Oriental,1991,3,0.7955,210.0,264.0
Cantábrico Oriental,1991,4,0.8364,276.0,330.0
Cantábrico Oriental,1991,5,0.8902,235.0,264.0
Cantábrico Oriental,1991,6,0.8333,220.0,264.0
Cantábrico Oriental,1991,7,0.7515,248.0,330.0
Cantábrico Oriental,1991,8,0.6629,175.0,264.0
Cantábrico Oriental,1991,9,0.5871,155.0,264.0
Cantábrico Oriental,1991,10,0.5543,194.0,350.0
Cantábrico Oriental,1991,11,0.6197,176.0,284.0
Cantábrico Oriental,1991,12,0.7408,263.0,355.0
Cantábrico Oriental,1992,1,0.6761,192.0,284.0
Cantábrico Oriental,1992,2,0.6338,180.0,284.0
Cantábrico Oriental,1992,3,0.5972,212.0,355.0
Cantábrico Oriental,1992,4,0.8521,242.0,284.0
Cantábrico Oriental,1992,5,0.9049,257.0,284.0
Cantábrico Oriental,1992,6,0.8817,313.0,355.0
Cantábrico Oriental,1992,7,0.912,259.0,284.0
Cantábrico Oriental,1992,8,0.838,238.0,284.0
Cantábrico Oriental,1992,9,0.7718,274.0,355.0
Cantábrico Oriental,1992,10,0.8415,239.0,284.0
Cantábrico Oriental,1992,11,0.8662,246.0,284.0
Cantábrico Oriental,1992,12,0.8592,305.0,355.0
Cantábrico Oriental,1993,1,0.831,236.0,284.0
Cantábrico Oriental,1993,2,0.7641,217.0,284.0
Cantábrico Oriental,1993,3,0.7549,268.0,355.0
Cantábrico Oriental,1993,4,0.743,211.0,284.0
Cantábrico Oriental,1993,5,0.743,211.0,284.0
Cantábrico Oriental,1993,6,0.693,246.0,355.0
Cantábrico Oriental,1993,7,0.6514,185.0,284.0
Cantábrico Oriental,1993,8,0.5803,206.0,355.0
Cantábrico Oriental,1993,9,0.5106,145.0,284.0
Cantábrico Oriental,1993,10,0.5669,161.0,284.0
Cantábrico Oriental,1993,11,0.6056,215.0,355.0
Cantábrico Oriental,1993,12,0.6514,185.0,284.0
Cantábrico Oriental,1994,1,0.8732,248.0,284.0
Cantábrico Oriental,1994,2,0.8803,250.0,284.0
Cantábrico Oriental,1994,3,0.8789,312.0,355.0
Cantábrico Oriental,1994,4,0.8908,253.0,284.0
Cantábrico Oriental,1994,5,0.8845,314.0,355.0
Cantábrico Oriental,1994,6,0.8662,246.0,284.0
Cantábrico Oriental,1994,7,0.8204,233.0,284.0
Cantábrico Oriental,1994,8,0.7465,265.0,355.0
Cantábrico Oriental,1994,9,0.6796,193.0,284.0
Cantábrico Oriental,1994,10,0.6937,197.0,284.0
Cantábrico Oriental,1994,11,0.6845,243.0,355.0
Cantábrico Oriental,1994,12,0.6585,187.0,284.0
Cantábrico Oriental,1995,1,0.8479,301.0,355.0
Cantábrico Oriental,1995,2,0.8521,242.0,284.0
Cantábrico Oriental,1995,3,0.8768,249.0,284.0
Cantábrico Oriental,1995,4,0.8592,244.0,284.0
Cantábrico Oriental,1995,5,0.8225,292.0,355.0
Cantábrico Oriental,1995,6,0.7782,221.0,284.0
Cantábrico Oriental,1995,7,0.75,213.0,284.0
Cantábrico Oriental,1995,8,0.6732,239.0,355.0
Cantábrico Oriental,1995,9,0.588,167.0,284.0
Cantábrico Oriental,1995,10,0.5099,181.0,355.0
Cantábrico Oriental,1995,11,0.4225,120.0,284.0
Cantábrico Oriental,1995,12,0.3944,112.0,284.0
Cantábrico Oriental,1996,1,0.369,131.0,355.0
Cantábrico Oriental,1996,2,0.4754,135.0,284.0
Cantábrico Oriental,1996,3,0.7324,208.0,284.0
Cantábrico Oriental,1996,4,0.7324,260.0,355.0
Cantábrico Oriental,1996,5,0.7113,202.0,284.0
Cantábrico Oriental,1996,6,0.6655,189.0,284.0
Cantábrico Oriental,1996,7,0.5887,209.0,355.0
Cantábrico Oriental,1996,8,0.5669,161.0,284.0
Cantábrico Oriental,1996,9,0.5423,154.0,284.0
Cantábrico Oriental,1996,10,0.5662,201.0,355.0
Cantábrico Oriental,1996,11,0.6127,174.0,284.0
Cantábrico Oriental,1996,12,0.9127,324.0,355.0
Cantábrico Oriental,1997,1,0.9155,260.0,284.0
Cantábrico Oriental,1997,2,0.8979,255.0,284.0
Cantábrico Oriental,1997,3,0.838,238.0,284.0
Cantábrico Oriental,1997,4,0.7718,274.0,355.0
Cantábrico Oriental,1997,5,0.7852,223.0,284.0
Cantábrico Oriental,1997,6,0.8662,246.0,284.0
Cantábrico Oriental,1997,7,0.8761,311.0,355.0
Cantábrico Oriental,1997,8,0.8768,249.0,284.0
Cantábrico Oriental,1997,9,0.8197,291.0,355.0
Cantábrico Oriental,1997,10,0.7606,216.0,284.0
Cantábrico Oriental,1997,11,0.7254,206.0,284.0
Cantábrico Oriental,1997,12,0.8451,300.0,355.0
Cantábrico Oriental,1998,1,0.8873,252.0,284.0
Cantábrico Oriental,1998,2,0.8627,245.0,284.0
Cantábrico Oriental,1998,3,0.8394,298.0,355.0
Cantábrico Oriental,1998,4,0.831,236.0,284.0
Cantábrico Oriental,1998,5,0.8627,245.0,284.0
Cantábrico Oriental,1998,6,0.8197,291.0,355.0
Cantábrico Oriental,1998,7,0.7535,214.0,284.0
Cantábrico Oriental,1998,8,0.7183,204.0,284.0
Cantábrico Oriental,1998,9,0.6254,222.0,355.0
Cantábrico Oriental,1998,10,0.8204,233.0,284.0
Cantábrico Oriental,1998,11,0.8451,240.0,284.0
Cantábrico Oriental,1998,12,0.8817,313.0,355.0
Cantábrico Oriental,1999,1,0.8592,244.0,284.0
Cantábrico Oriental,1999,2,0.9049,257.0,284.0
Cantábrico Oriental,1999,3,0.8986,319.0,355.0
Cantábrico Oriental,1999,4,0.8944,254.0,284.0
Cantábrico Oriental,1999,5,0.9014,256.0,284.0
Cantábrico Oriental,1999,6,0.8648,307.0,355.0
Cantábrico Oriental,1999,7,0.7676,218.0,284.0
Cantábrico Oriental,1999,8,0.6451,229.0,355.0
Cantábrico Oriental,1999,9,0.5669,161.0,284.0
Cantábrico Oriental,1999,10,0.4824,137.0,284.0
Cantábrico Oriental,1999,11,0.431,153.0,355.0
Cantábrico Oriental,1999,12,0.5317,151.0,284.0
Cantábrico Oriental,2000,1,0.6408,182.0,284.0
Cantábrico Oriental,2000,2,0.6958,247.0,355.0
Cantábrico Oriental,2000,3,0.8028,228.0,284.0
Cantábrico Oriental,2000,4,0.831,236.0,284.0
Cantábrico Oriental,2000,5,0.8423,299.0,355.0
Cantábrico Oriental,2000,6,0.7289,207.0,284.0
Cantábrico Oriental,2000,7,0.7359,209.0,284.0
Cantábrico Oriental,2000,8,0.7127,253.0,355.0
Cantábrico Oriental,2000,9,0.6092,173.0,284.0
Cantábrico Oriental,2000,10,0.6113,217.0,355.0
Cantábrico Oriental,2000,11,0.7394,210.0,284.0
Cantábrico Oriental,2000,12,0.7852,223.0,284.0
Cantábrico Oriental,2001,1,0.7915,281.0,355.0
Cantábrico Oriental,2001,2,0.8697,247.0,284.0
Cantábrico Oriental,2001,3,0.8768,249.0,284.0
Cantábrico Oriental,2001,4,0.8732,248.0,284.0
Cantábrico Oriental,2001,5,0.8958,318.0,355.0
Cantábrico Oriental,2001,6,0.8275,235.0,284.0
Cantábrico Oriental,2001,7,0.7408,263.0,355.0
Cantábrico Oriental,2001,8,0.6479,184.0,284.0
Cantábrico Oriental,2001,9,0.5669,161.0,284.0
Cantábrico Oriental,2001,10,0.4732,168.0,355.0
Cantábrico Oriental,2001,11,0.419,119.0,284.0
Cantábrico Oriental,2001,12,0.419,119.0,284.0
Cantábrico Oriental,2002,1,0.4141,147.0,355.0
Cantábrico Oriental,2002,2,0.4683,133.0,284.0
Cantábrico Oriental,2002,3,0.6268,178.0,284.0
Cantábrico Oriental,2002,4,0.6507,231.0,355.0
Cantábrico Oriental,2002,5,0.7817,222.0,284.0
Cantábrico Oriental,2002,6,0.8134,231.0,284.0
Cantábrico Oriental,2002,7,0.769,273.0,355.0
Cantábrico Oriental,2002,8,0.7324,208.0,284.0
Cantábrico Oriental,2002,9,0.7676,218.0,284.0
Cantábrico Oriental,2002,10,0.7155,254.0,355.0
Cantábrico Oriental,2002,11,0.7394,210.0,284.0
Cantábrico Oriental,2002,12,0.8704,309.0,355.0
Cantábrico Oriental,2003,1,0.8944,254.0,284.0
Cantábrico Oriental,2003,2,0.9085,258.0,284.0
Cantábrico Oriental,2003,3,0.8838,251.0,284.0
Cantábrico Oriental,2003,4,0.8366,297.0,355.0
Cantábrico Oriental,2003,5,0.8415,239.0,284.0
Cantábrico Oriental,2003,6,0.8063,229.0,284.0
Cantábrico Oriental,2003,7,0.7211,256.0,355.0
Cantábrico Oriental,2003,8,0.6373,181.0,284.0
Cantábrico Oriental,2003,9,0.5437,193.0,355.0
Cantábrico Oriental,2003,10,0.4789,136.0,284.0
Cantábrico Oriental,2003,11,0.4894,139.0,284.0
Cantábrico Oriental,2003,12,0.538,191.0,355.0
Cantábrico Oriental,2004,1,0.6232,177.0,284.0
Cantábrico Oriental,2004,2,0.7993,227.0,284.0
Cantábrico Oriental,2004,3,0.8873,315.0,355.0
Cantábrico Oriental,2004,4,0.8873,252.0,284.0
Cantábrico Oriental,2004,5,0.8908,253.0,284.0
Cantábrico Oriental,2004,6,0.8366,297.0,355.0
Cantábrico Oriental,2004,7,0.7465,212.0,284.0
Cantábrico Oriental,2004,8,0.6563,233.0,355.0
Cantábrico Oriental,2004,9,0.5669,161.0,284.0
Cantábrico Oriental,2004,10,0.4683,133.0,284.0
Cantábrico Oriental,2004,11,0.5099,181.0,355.0
Cantábrico Oriental,2004,12,0.6232,177.0,284.0
Cantábrico Oriental,2005,1,0.8239,234.0,284.0
Cantábrico Oriental,2005,2,0.8908,253.0,284.0
Cantábrico Oriental,2005,3,0.8817,313.0,355.0
Cantábrico Oriental,2005,4,0.8768,249.0,284.0
Cantábrico Oriental,2005,5,0.8761,311.0,355.0
Cantábrico Oriental,2005,6,0.8099,230.0,284.0
Cantábrico Oriental,2005,7,0.7324,208.0,284.0
Cantábrico Oriental,2005,8,0.6479,230.0,355.0
Cantábrico Oriental,2005,9,0.5845,166.0,284.0
Cantábrico Oriental,2005,10,0.5246,149.0,284.0
Cantábrico Oriental,2005,11,0.5127,182.0,355.0
Cantábrico Oriental,2005,12,0.7746,220.0,284.0
Cantábrico Oriental,2006,1,0.8704,309.0,355.0
Cantábrico Oriental,2006,2,0.8521,242.0,284.0
Cantábrico Oriental,2006,3,0.8697,247.0,284.0
Cantábrico Oriental,2006,4,0.838,238.0,284.0
Cantábrico Oriental,2006,5,0.8028,285.0,355.0
Cantábrico Oriental,2006,6,0.7359,209.0,284.0
Cantábrico Oriental,2006,7,0.6725,191.0,284.0
Cantábrico Oriental,2006,8,0.6056,215.0,355.0
Cantábrico Oriental,2006,9,0.5282,150.0,284.0
Cantábrico Oriental,2006,10,0.4901,174.0,355.0
Cantábrico Oriental,2006,11,0.4472,127.0,284.0
Cantábrico Oriental,2006,12,0.5246,149.0,284.0
Cantábrico Oriental,2007,1,0.5577,198.0,355.0
Cantábrico Oriental,2007,2,0.7007,199.0,284.0
Cantábrico Oriental,2007,3,0.8592,244.0,284.0
Cantábrico Oriental,2007,4,0.9014,256.0,284.0
Cantábrico Oriental,2007,5,0.893,317.0,355.0
Cantábrico Oriental,2007,6,0.8979,255.0,284.0
Cantábrico Oriental,2007,7,0.8394,298.0,355.0
Cantábrico Oriental,2007,8,0.7958,226.0,284.0
Cantábrico Oriental,2007,9,0.8134,231.0,284.0
Cantábrico Oriental,2007,10,0.7803,277.0,355.0
Cantábrico Oriental,2007,11,0.7183,204.0,284.0
Cantábrico Oriental,2007,12,0.7746,220.0,284.0
Cantábrico Oriental,2008,1,0.8338,296.0,355.0
Cantábrico Oriental,2008,2,0.8451,240.0,284.0
Cantábrico Oriental,2008,3,0.831,236.0,284.0
Cantábrico Oriental,2008,4,0.9042,321.0,355.0
Cantábrico Oriental,2008,5,0.8803,250.0,284.0
Cantábrico Oriental,2008,6,0.8979,255.0,284.0
Cantábrico Oriental,2008,7,0.8563,304.0,355.0
Cantábrico Oriental,2008,8,0.7782,221.0,284.0
Cantábrico Oriental,2008,9,0.6986,248.0,355.0
Cantábrico Oriental,2008,10,0.6479,184.0,284.0
Cantábrico Oriental,2008,11,0.7746,220.0,284.0
Cantábrico Oriental,2008,12,0.8986,319.0,355.0
Cantábrico Oriental,2009,1,0.8732,248.0,284.0
Cantábrico Oriental,2009,2,0.8768,249.0,284.0
Cantábrico Oriental,2009,3,0.862,306.0,355.0
Cantábrico Oriental,2009,4,0.8521,242.0,284.0
Cantábrico Oriental,2009,5,0.8627,245.0,284.0
Cantábrico Oriental,2009,6,0.8254,293.0,355.0
Cantábrico Oriental,2009,7,0.757,215.0,284.0
Cantábrico Oriental,2009,8,0.7007,199.0,284.0
Cantábrico Oriental,2009,9,0.6451,229.0,355.0
Cantábrico Oriental,2009,10,0.6056,172.0,284.0
Cantábrico Oriental,2009,11,0.7218,205.0,284.0
Cantábrico Oriental,2009,12,0.8,284.0,355.0
Cantábrico Oriental,2010,1,0.8451,240.0,284.0
Cantábrico Oriental,2010,2,0.8571,264.0,308.0
Cantábrico Oriental,2010,3,0.8228,325.0,395.0
Cantábrico Oriental,2010,4,0.7848,248.0,316.0
Cantábrico Oriental,2010,5,0.8101,256.0,316.0
Cantábrico Oriental,2010,6,0.843,333.0,395.0
Cantábrico Oriental,2010,7,0.8228,260.0,316.0
Cantábrico Oriental,2010,8,0.7544,298.0,395.0
Cantábrico Oriental,2010,9,0.6835,216.0,316.0
Cantábrico Oriental,2010,10,0.6392,202.0,316.0
Cantábrico Oriental,2010,11,0.6658,263.0,395.0
Cantábrico Oriental,2010,12,0.8196,259.0,316.0
Cantábrico Oriental,2011,1,0.8196,259.0,316.0
Cantábrico Oriental,2011,2,0.7753,245.0,316.0
Cantábrico Oriental,2011,3,0.8456,334.0,395.0
Cantábrico Oriental,2011,4,0.8133,257.0,316.0
Cantábrico Oriental,2011,5,0.7671,303.0,395.0
Cantábrico Oriental,2011,6,0.7342,232.0,316.0
Cantábrico Oriental,2011,7,0.693,219.0,316.0
Cantábrico Oriental,2011,8,0.7367,291.0,395.0
Cantábrico Oriental,2011,9,0.6899,218.0,316.0
Cantábrico Oriental,2011,10,0.6424,203.0,316.0
Cantábrico Oriental,2011,11,0.6532,258.0,395.0
Cantábrico Oriental,2011,12,0.6424,203.0,316.0
Cantábrico Oriental,2012,1,0.7519,297.0,395.0
Cantábrico Oriental,2012,2,0.807,255.0,316.0
Cantábrico Oriental,2012,3,0.8038,254.0,316.0
Cantábrico Oriental,2012,4,0.807,255.0,316.0
Cantábrico Oriental,2012,5,0.8785,347.0,395.0
Cantábrico Oriental,2012,6,0.8639,273.0,316.0
Cantábrico Oriental,2012,7,0.8025,317.0,395.0
Cantábrico Oriental,2012,8,0.731,231.0,316.0
Cantábrico Oriental,2012,9,0.6835,216.0,316.0
Cantábrico Oriental,2012,10,0.6278,248.0,395.0
Cantábrico Oriental,2012,11,0.6456,204.0,316.0
Cantábrico Oriental,2012,12,0.8228,260.0,316.0
Cantábrico Oriental,2013,1,0.8658,342.0,395.0
Cantábrico Oriental,2013,2,0.8861,280.0,316.0
Cantábrico Oriental,2013,3,0.8734,276.0,316.0
Cantábrico Oriental,2013,4,0.8911,352.0,395.0
Cantábrico Oriental,2013,5,0.8956,283.0,316.0
Cantábrico Oriental,2013,6,0.9051,286.0,316.0
Cantábrico Oriental,2013,7,0.8759,346.0,395.0
Cantábrico Oriental,2013,8,0.8386,265.0,316.0
Cantábrico Oriental,2013,9,0.7785,246.0,316.0
Cantábrico Oriental,2013,10,0.6835,270.0,395.0
Cantábrico Oriental,2013,11,0.7437,235.0,316.0
Cantábrico Oriental,2013,12,0.8582,339.0,395.0
Cantábrico Oriental,2014,1,0.8386,265.0,316.0
Cantábrico Oriental,2014,2,0.8829,279.0,316.0
Cantábrico Oriental,2014,3,0.8608,272.0,316.0
Cantábrico Oriental,2014,4,0.881,348.0,395.0
Cantábrico Oriental,2014,5,0.8449,267.0,316.0
Cantábrico Oriental,2014,6,0.8291,262.0,316.0
Cantábrico Oriental,2014,7,0.8127,321.0,395.0
Cantábrico Oriental,2014,8,0.7532,238.0,316.0
Cantábrico Oriental,2014,9,0.6835,270.0,395.0
Cantábrico Oriental,2014,10,0.6266,198.0,316.0
Cantábrico Oriental,2014,11,0.5918,187.0,316.0
Cantábrico Oriental,2014,12,0.7266,287.0,395.0
Cantábrico Oriental,2015,1,0.8608,272.0,316.0
Cantábrico Oriental,2015,2,0.8829,279.0,316.0
Cantábrico Oriental,2015,3,0.8785,347.0,395.0
Cantábrico Oriental,2015,4,0.8639,273.0,316.0
Cantábrico Oriental,2015,5,0.8354,264.0,316.0
Cantábrico Oriental,2015,6,0.7797,308.0,395.0
Cantábrico Oriental,2015,7,0.7405,234.0,316.0
Cantábrico Oriental,2015,8,0.693,219.0,316.0
Cantábrico Oriental,2015,9,0.6354,251.0,395.0
Cantábrico Oriental,2015,10,0.5918,187.0,316.0
Cantábrico Oriental,2015,11,0.557,176.0,316.0
Cantábrico Oriental,2015,12,0.6582,260.0,395.0
Cantábrico Oriental,2016,1,0.6234,197.0,316.0
Cantábrico Oriental,2016,2,0.7152,226.0,316.0
Cantábrico Oriental,2016,3,0.8557,338.0,395.0
Cantábrico Oriental,2016,4,0.8797,278.0,316.0
Cantábrico Oriental,2016,5,0.8456,334.0,395.0
Cantábrico Oriental,2016,6,0.8101,256.0,316.0
Cantábrico Oriental,2016,7,0.769,243.0,316.0
Cantábrico Oriental,2016,8,0.6937,274.0,395.0
Cantábrico Oriental,2016,9,0.6329,200.0,316.0
Cantábrico Oriental,2016,10,0.6438,188.0,292.0
Cantábrico Oriental,2016,11,0.6247,228.0,365.0
Cantábrico Oriental,2016,12,0.6404,187.0,292.0
Cantábrico Oriental,2017,1,0.737,269.0,365.0
Cantábrico Oriental,2017,2,0.9007,263.0,292.0
Cantábrico Oriental,2017,3,0.9247,270.0,292.0
Cantábrico Oriental,2017,4,0.9418,275.0,292.0
Cantábrico Oriental,2017,5,0.9014,329.0,365.0
Cantábrico Oriental,2017,6,0.8459,247.0,292.0
Cantábrico Oriental,2017,7,0.7911,231.0,292.0
Cantábrico Oriental,2017,8,0.7342,268.0,365.0
Cantábrico Oriental,2017,9,0.7226,211.0,292.0
Cantábrico Oriental,2017,10,0.6932,253.0,365.0
Cantábrico Oriental,2017,11,0.7397,216.0,292.0
Cantábrico Oriental,2017,12,0.8562,250.0,292.0
Cantábrico Oriental,2018,1,0.9315,340.0,365.0
Cantábrico Oriental,2018,2,0.9418,275.0,292.0
Cantábrico Oriental,2018,3,0.9452,276.0,292.0
Cantábrico Oriental,2018,4,0.9486,277.0,292.0
Cantábrico Oriental,2018,5,0.9452,345.0,365.0
Cantábrico Oriental,2018,6,0.9315,272.0,292.0
Cantábrico Oriental,2018,7,0.9014,329.0,365.0
Cantábrico Oriental,2018,8,0.8356,244.0,292.0
Cantábrico Oriental,2018,9,0.7808,228.0,292.0
Cantábrico Oriental,2018,10,0.7096,259.0,365.0
Cantábrico Oriental,2018,11,0.7123,208.0,292.0
Cantábrico Oriental,2018,12,0.7363,215.0,292.0
Cantábrico Oriental,2019,1,0.7589,277.0,365.0
Cantábrico Oriental,2019,2,0.911,266.0,292.0
Cantábrico Oriental,2019,3,0.8562,250.0,292.0
Cantábrico Oriental,2019,4,0.8411,307.0,365.0
Cantábrico Oriental,2019,5,0.8733,255.0,292.0
Cantábrico Oriental,2019,6,0.9144,267.0,292.0
Cantábrico Oriental,2019,7,0.8411,307.0,365.0
Cantábrico Oriental,2019,8,0.7842,229.0,292.0
Cantábrico Oriental,2019,9,0.7466,218.0,292.0
Cantábrico Oriental,2019,10,0.6959,254.0,365.0
Cantábrico Oriental,2019,11,0.7877,230.0,292.0
Cantábrico Oriental,2019,12,0.8904,325.0,365.0
Cantábrico Oriental,2020,1,0.8493,248.0,292.0
Cantábrico Oriental,2020,2,0.8014,234.0,292.0
Cantábrico Oriental,2020,3,0.9068,331.0,365.0
Cantábrico Oriental,2020,4,0.9418,275.0,292.0
Cantábrico Oriental,2020,5,0.9521,278.0,292.0
Cantábrico Oriental,2020,6,0.8904,325.0,365.0
Cantábrico Oriental,2020,7,0.8048,235.0,292.0
Cantábrico Oriental,2020,8,0.7671,224.0,292.0
Cantábrico Oriental,2020,9,0.7041,257.0,365.0
Cantábrico Oriental,2020,10,0.7911,231.0,292.0
Cantábrico Oriental,2020,11,0.8185,239.0,292.0
Cantábrico Oriental,2020,12,0.8384,306.0,365.0
Cantábrico Oriental,2021,1,0.8938,261.0,292.0
Cantábrico Oriental,2021,2,0.9212,269.0,292.0
Cantábrico Oriental,2021,3,0.9151,334.0,365.0
Cantábrico Oriental,2021,4,0.8596,251.0,292.0
Cantábrico Oriental,2021,5,0.7877,230.0,292.0
Cantábrico Oriental,2021,6,0.7699,281.0,365.0
Cantábrico Oriental,2021,7,0.7705,225.0,292.0
Cantábrico Oriental,2021,8,0.7397,270.0,365.0
Cantábrico Oriental,2021,9,0.6952,203.0,292.0
Cantábrico Oriental,2021,10,0.6575,192.0,292.0
Cantábrico Oriental,2021,11,0.6849,250.0,365.0
Cantábrico Oriental,2021,12,0.887,259.0,292.0
Cantábrico Oriental,2022,1,0.8801,257.0,292.0
Cantábrico Oriental,2022,2,0.8459,247.0,292.0
Cantábrico Oriental,2022,3,0.8575,313.0,365.0
Cantábrico Oriental,2022,4,0.9007,263.0,292.0
Cantábrico Oriental,2022,5,0.926,338.0,365.0
Cantábrico Oriental,2022,6,0.8527,249.0,292.0
Cantábrico Oriental,2022,7,0.7945,232.0,292.0
Cantábrico Oriental,2022,8,0.7205,263.0,365.0
Cantábrico Oriental,2022,9,0.6849,200.0,292.0
Cantábrico Oriental,2022,10,0.661,193.0,292.0
Cantábrico Oriental,2022,11,0.6247,228.0,365.0
Cantábrico Oriental,2022,12,0.7055,206.0,292.0
Cantábrico Oriental,2023,1,0.7096,259.0,365.0
Cantábrico Oriental,2023,2,0.8425,246.0,292.0
Cantábrico Oriental,2023,3,0.8493,248.0,292.0
Cantábrico Oriental,2023,4,0.8322,243.0,292.0
Cantábrico Oriental,2023,5,0.8575,313.0,365.0
Cantábrico Oriental,2023,6,0.8836,258.0,292.0
Cantábrico Oriental,2023,7,0.8836,258.0,292.0
Cantábrico Oriental,2023,8,0.8329,304.0,365.0
Cantábrico Oriental,2023,9,0.8356,244.0,292.0
Cantábrico Oriental,2023,10,0.7726,282.0,365.0
Cantábrico Oriental,2023,11,0.7671,224.0,292.0
Cantábrico Oriental,2023,12,0.839,245.0,292.0
Cantábrico Oriental,2024,1,0.8685,317.0,365.0
Cantábrico Oriental,2024,2,0.8322,243.0,292.0
Cantábrico Oriental,2024,3,0.9281,271.0,292.0
Cantábrico Oriental,2024,4,0.8986,328.0,365.0
Cantábrico Oriental,2024,5,0.863,252.0,292.0
Cantábrico Oriental,2024,6,0.8596,251.0,292.0
Cantábrico Oriental,2024,7,0.8301,303.0,365.0
Cantábrico Oriental,2024,8,0.8048,235.0,292.0
Cantábrico Oriental,2024,9,0.7979,233.0,292.0
Cantábrico Oriental,2024,10,0.8849,323.0,365.0
Cantábrico Oriental,2024,11,0.8938,261.0,292.0
Cantábrico Oriental,2024,12,0.863,315.0,365.0
Cantábrico Oriental,2025,1,0.8253,241.0,292.0
Cantábrico Oriental,2025,2,0.863,252.0,292.0
Cantábrico Oriental,2025,3,0.8288,242.0,292.0
Cantábrico Oriental,2025,4,0.8685,317.0,365.0
Cantábrico Oriental,2025,5,0.887,259.0,292.0
Cantábrico Oriental,2025,6,0.8425,246.0,292.0
Cantábrico Oriental,2025,7,0.8,292.0,365.0
Cantábrico Oriental,2025,8,0.7534,220.0,292.0
Cantábrico Oriental,2025,9,0.7178,262.0,365.0
Cantábrico Oriental,2025,10,0.6747,197.0,292.0
Cantábrico Oriental,2025,11,0.6575,192.0,292.0
Cantábrico Oriental,2025,12,0.7507,274.0,365.0
Cantábrico Oriental,2026,1,0.7842,229.0,292.0
Cantábrico Oriental,2026,2,0.887,259.0,292.0
Cantábrico Oriental,2026,3,0.9315,340.0,365.0
Cantábrico Oriental,2026,4,0.9281,271.0,292.0
Cantábrico Oriental,2026,5,0.8801,257.0,292.0
Cantábrico Oriental,2026,6,0.8356,305.0,365.0
Cantábrico Oriental,2026,7,0.7808,114.0,146.0
Cuenca Mediterránea Andaluza,1988,1,0.4819,1251.0,2596.0
Cuenca Mediterránea Andaluza,1988,2,0.562,1459.0,2596.0
Cuenca Mediterránea Andaluza,1988,3,0.6105,1981.0,3245.0
Cuenca Mediterránea Andaluza,1988,4,0.5854,1741.0,2974.0
Cuenca Mediterránea Andaluza,1988,5,0.5608,2173.0,3875.0
Cuenca Mediterránea Andaluza,1988,6,0.5306,1645.0,3100.0
Cuenca Mediterránea Andaluza,1988,7,0.4932,1529.0,3100.0
Cuenca Mediterránea Andaluza,1988,8,0.4483,1737.0,3875.0
Cuenca Mediterránea Andaluza,1988,9,0.3935,1220.0,3100.0
Cuenca Mediterránea Andaluza,1988,10,0.3645,1130.0,3100.0
Cuenca Mediterránea Andaluza,1988,11,0.3566,1382.0,3875.0
Cuenca Mediterránea Andaluza,1988,12,0.3726,1155.0,3100.0
Cuenca Mediterránea Andaluza,1989,1,0.3786,1467.0,3875.0
Cuenca Mediterránea Andaluza,1989,2,0.4842,1501.0,3100.0
Cuenca Mediterránea Andaluza,1989,3,0.5448,1689.0,3100.0
Cuenca Mediterránea Andaluza,1989,4,0.551,1708.0,3100.0
Cuenca Mediterránea Andaluza,1989,5,0.552,2139.0,3875.0
Cuenca Mediterránea Andaluza,1989,6,0.5326,1651.0,3100.0
Cuenca Mediterránea Andaluza,1989,7,0.4961,1538.0,3100.0
Cuenca Mediterránea Andaluza,1989,8,0.4452,1725.0,3875.0
Cuenca Mediterránea Andaluza,1989,9,0.4,1240.0,3100.0
Cuenca Mediterránea Andaluza,1989,10,0.3876,1502.0,3875.0
Cuenca Mediterránea Andaluza,1989,11,0.4777,1481.0,3100.0
Cuenca Mediterránea Andaluza,1989,12,0.7568,2346.0,3100.0
Cuenca Mediterránea Andaluza,1990,1,0.7574,3191.0,4213.0
Cuenca Mediterránea Andaluza,1990,2,0.6819,3036.0,4452.0
Cuenca Mediterránea Andaluza,1990,3,0.7022,3126.0,4452.0
Cuenca Mediterránea Andaluza,1990,4,0.7161,3188.0,4452.0
Cuenca Mediterránea Andaluza,1990,5,0.7245,4032.0,5565.0
Cuenca Mediterránea Andaluza,1990,6,0.7152,3184.0,4452.0
Cuenca Mediterránea Andaluza,1990,7,0.6825,3798.0,5565.0
Cuenca Mediterránea Andaluza,1990,8,0.6386,2843.0,4452.0
Cuenca Mediterránea Andaluza,1990,9,0.6011,2676.0,4452.0
Cuenca Mediterránea Andaluza,1990,10,0.5777,3215.0,5565.0
Cuenca Mediterránea Andaluza,1990,11,0.566,2520.0,4452.0
Cuenca Mediterránea Andaluza,1990,12,0.573,2551.0,4452.0
Cuenca Mediterránea Andaluza,1991,1,0.5986,3331.0,5565.0
Cuenca Mediterránea Andaluza,1991,2,0.6033,2686.0,4452.0
Cuenca Mediterránea Andaluza,1991,3,0.6765,3012.0,4452.0
Cuenca Mediterránea Andaluza,1991,4,0.7102,3952.0,5565.0
Cuenca Mediterránea Andaluza,1991,5,0.7026,3128.0,4452.0
Cuenca Mediterránea Andaluza,1991,6,0.6824,3038.0,4452.0
Cuenca Mediterránea Andaluza,1991,7,0.6476,3604.0,5565.0
Cuenca Mediterránea Andaluza,1991,8,0.6112,2721.0,4452.0
Cuenca Mediterránea Andaluza,1991,9,0.5631,2507.0,4452.0
Cuenca Mediterránea Andaluza,1991,10,0.5441,3028.0,5565.0
Cuenca Mediterránea Andaluza,1991,11,0.5429,2417.0,4452.0
Cuenca Mediterránea Andaluza,1991,12,0.5301,2950.0,5565.0
Cuenca Mediterránea Andaluza,1992,1,0.5236,2331.0,4452.0
Cuenca Mediterránea Andaluza,1992,2,0.5184,2308.0,4452.0
Cuenca Mediterránea Andaluza,1992,3,0.5473,3046.0,5565.0
Cuenca Mediterránea Andaluza,1992,4,0.5743,2557.0,4452.0
Cuenca Mediterránea Andaluza,1992,5,0.5678,2528.0,4452.0
Cuenca Mediterránea Andaluza,1992,6,0.5495,3058.0,5565.0
Cuenca Mediterránea Andaluza,1992,7,0.5321,2369.0,4452.0
Cuenca Mediterránea Andaluza,1992,8,0.4998,2225.0,4452.0
Cuenca Mediterránea Andaluza,1992,9,0.4625,2574.0,5565.0
Cuenca Mediterránea Andaluza,1992,10,0.4346,1935.0,4452.0
Cuenca Mediterránea Andaluza,1992,11,0.4324,1925.0,4452.0
Cuenca Mediterránea Andaluza,1992,12,0.4286,2385.0,5565.0
Cuenca Mediterránea Andaluza,1993,1,0.4187,1864.0,4452.0
Cuenca Mediterránea Andaluza,1993,2,0.4281,1906.0,4452.0
Cuenca Mediterránea Andaluza,1993,3,0.4589,2554.0,5565.0
Cuenca Mediterránea Andaluza,1993,4,0.4636,2064.0,4452.0
Cuenca Mediterránea Andaluza,1993,5,0.4645,2068.0,4452.0
Cuenca Mediterránea Andaluza,1993,6,0.46,2560.0,5565.0
Cuenca Mediterránea Andaluza,1993,7,0.4281,1906.0,4452.0
Cuenca Mediterránea Andaluza,1993,8,0.3907,2174.0,5565.0
Cuenca Mediterránea Andaluza,1993,9,0.3538,1575.0,4452.0
Cuenca Mediterránea Andaluza,1993,10,0.3322,1479.0,4452.0
Cuenca Mediterránea Andaluza,1993,11,0.3553,1977.0,5565.0
Cuenca Mediterránea Andaluza,1993,12,0.367,1634.0,4452.0
Cuenca Mediterránea Andaluza,1994,1,0.3715,1654.0,4452.0
Cuenca Mediterránea Andaluza,1994,2,0.3814,1698.0,4452.0
Cuenca Mediterránea Andaluza,1994,3,0.3978,2214.0,5565.0
Cuenca Mediterránea Andaluza,1994,4,0.3942,1755.0,4452.0
Cuenca Mediterránea Andaluza,1994,5,0.3799,2114.0,5565.0
Cuenca Mediterránea Andaluza,1994,6,0.3551,1581.0,4452.0
Cuenca Mediterránea Andaluza,1994,7,0.3302,1470.0,4452.0
Cuenca Mediterránea Andaluza,1994,8,0.2934,1633.0,5565.0
Cuenca Mediterránea Andaluza,1994,9,0.2583,1150.0,4452.0
Cuenca Mediterránea Andaluza,1994,10,0.2403,1070.0,4452.0
Cuenca Mediterránea Andaluza,1994,11,0.2332,1298.0,5565.0
Cuenca Mediterránea Andaluza,1994,12,0.2253,1003.0,4452.0
Cuenca Mediterránea Andaluza,1995,1,0.2164,1204.0,5565.0
Cuenca Mediterránea Andaluza,1995,2,0.2084,928.0,4452.0
Cuenca Mediterránea Andaluza,1995,3,0.2033,905.0,4452.0
Cuenca Mediterránea Andaluza,1995,4,0.1925,857.0,4452.0
Cuenca Mediterránea Andaluza,1995,5,0.1795,999.0,5565.0
Cuenca Mediterránea Andaluza,1995,6,0.164,730.0,4452.0
Cuenca Mediterránea Andaluza,1995,7,0.1516,675.0,4452.0
Cuenca Mediterránea Andaluza,1995,8,0.1355,754.0,5565.0
Cuenca Mediterránea Andaluza,1995,9,0.1168,520.0,4452.0
Cuenca Mediterránea Andaluza,1995,10,0.1085,604.0,5565.0
Cuenca Mediterránea Andaluza,1995,11,0.1027,457.0,4452.0
Cuenca Mediterránea Andaluza,1995,12,0.1269,565.0,4452.0
Cuenca Mediterránea Andaluza,1996,1,0.3367,1874.0,5565.0
Cuenca Mediterránea Andaluza,1996,2,0.6018,2679.0,4452.0
Cuenca Mediterránea Andaluza,1996,3,0.6577,2928.0,4452.0
Cuenca Mediterránea Andaluza,1996,4,0.692,3851.0,5565.0
Cuenca Mediterránea Andaluza,1996,5,0.7282,3242.0,4452.0
Cuenca Mediterránea Andaluza,1996,6,0.7316,3257.0,4452.0
Cuenca Mediterránea Andaluza,1996,7,0.7109,3956.0,5565.0
Cuenca Mediterránea Andaluza,1996,8,0.677,3014.0,4452.0
Cuenca Mediterránea Andaluza,1996,9,0.6509,2898.0,4452.0
Cuenca Mediterránea Andaluza,1996,10,0.6261,3484.0,5565.0
Cuenca Mediterránea Andaluza,1996,11,0.6193,2757.0,4452.0
Cuenca Mediterránea Andaluza,1996,12,0.6945,3865.0,5565.0
Cuenca Mediterránea Andaluza,1997,1,0.7725,3439.0,4452.0
Cuenca Mediterránea Andaluza,1997,2,0.7758,3454.0,4452.0
Cuenca Mediterránea Andaluza,1997,3,0.7877,3507.0,4452.0
Cuenca Mediterránea Andaluza,1997,4,0.7801,4341.0,5565.0
Cuenca Mediterránea Andaluza,1997,5,0.7745,3448.0,4452.0
Cuenca Mediterránea Andaluza,1997,6,0.7581,3375.0,4452.0
Cuenca Mediterránea Andaluza,1997,7,0.7199,4006.0,5565.0
Cuenca Mediterránea Andaluza,1997,8,0.6824,3038.0,4452.0
Cuenca Mediterránea Andaluza,1997,9,0.6446,3587.0,5565.0
Cuenca Mediterránea Andaluza,1997,10,0.6543,2913.0,4452.0
Cuenca Mediterránea Andaluza,1997,11,0.6541,2912.0,4452.0
Cuenca Mediterránea Andaluza,1997,12,0.7067,3933.0,5565.0
Cuenca Mediterránea Andaluza,1998,1,0.7572,3371.0,4452.0
Cuenca Mediterránea Andaluza,1998,2,0.777,3459.0,4452.0
Cuenca Mediterránea Andaluza,1998,3,0.7745,4310.0,5565.0
Cuenca Mediterránea Andaluza,1998,4,0.7765,3457.0,4452.0
Cuenca Mediterránea Andaluza,1998,5,0.7549,3361.0,4452.0
Cuenca Mediterránea Andaluza,1998,6,0.7396,4116.0,5565.0
Cuenca Mediterránea Andaluza,1998,7,0.7058,3142.0,4452.0
Cuenca Mediterránea Andaluza,1998,8,0.6712,2988.0,4452.0
Cuenca Mediterránea Andaluza,1998,9,0.6392,3557.0,5565.0
Cuenca Mediterránea Andaluza,1998,10,0.6018,2679.0,4452.0
Cuenca Mediterránea Andaluza,1998,11,0.575,2560.0,4452.0
Cuenca Mediterránea Andaluza,1998,12,0.5623,3129.0,5565.0
Cuenca Mediterránea Andaluza,1999,1,0.5535,2464.0,4452.0
Cuenca Mediterránea Andaluza,1999,2,0.551,2453.0,4452.0
Cuenca Mediterránea Andaluza,1999,3,0.5488,3054.0,5565.0
Cuenca Mediterránea Andaluza,1999,4,0.5494,2446.0,4452.0
Cuenca Mediterránea Andaluza,1999,5,0.5088,2265.0,4452.0
Cuenca Mediterránea Andaluza,1999,6,0.5067,2820.0,5565.0
Cuenca Mediterránea Andaluza,1999,7,0.44,1959.0,4452.0
Cuenca Mediterránea Andaluza,1999,8,0.4022,2238.0,5565.0
Cuenca Mediterránea Andaluza,1999,9,0.3686,1641.0,4452.0
Cuenca Mediterránea Andaluza,1999,10,0.3482,1550.0,4452.0
Cuenca Mediterránea Andaluza,1999,11,0.363,2020.0,5565.0
Cuenca Mediterránea Andaluza,1999,12,0.3664,1631.0,4452.0
Cuenca Mediterránea Andaluza,2000,1,0.3825,1703.0,4452.0
Cuenca Mediterránea Andaluza,2000,2,0.4111,2288.0,5565.0
Cuenca Mediterránea Andaluza,2000,3,0.4075,1814.0,4452.0
Cuenca Mediterránea Andaluza,2000,4,0.4176,1859.0,4452.0
Cuenca Mediterránea Andaluza,2000,5,0.4433,2467.0,5565.0
Cuenca Mediterránea Andaluza,2000,6,0.4198,1869.0,4452.0
Cuenca Mediterránea Andaluza,2000,7,0.3978,1771.0,4452.0
Cuenca Mediterránea Andaluza,2000,8,0.3632,2021.0,5565.0
Cuenca Mediterránea Andaluza,2000,9,0.3295,1467.0,4452.0
Cuenca Mediterránea Andaluza,2000,10,0.304,1692.0,5565.0
Cuenca Mediterránea Andaluza,2000,11,0.2954,1315.0,4452.0
Cuenca Mediterránea Andaluza,2000,12,0.3178,1415.0,4452.0
Cuenca Mediterránea Andaluza,2001,1,0.453,2521.0,5565.0
Cuenca Mediterránea Andaluza,2001,2,0.4627,2060.0,4452.0
Cuenca Mediterránea Andaluza,2001,3,0.4867,2167.0,4452.0
Cuenca Mediterránea Andaluza,2001,4,0.5002,2227.0,4452.0
Cuenca Mediterránea Andaluza,2001,5,0.4943,2751.0,5565.0
Cuenca Mediterránea Andaluza,2001,6,0.4814,2143.0,4452.0
Cuenca Mediterránea Andaluza,2001,7,0.4492,2500.0,5565.0
Cuenca Mediterránea Andaluza,2001,8,0.4198,1869.0,4452.0
Cuenca Mediterránea Andaluza,2001,9,0.3805,1694.0,4452.0
Cuenca Mediterránea Andaluza,2001,10,0.3698,2058.0,5565.0
Cuenca Mediterránea Andaluza,2001,11,0.3904,1738.0,4452.0
Cuenca Mediterránea Andaluza,2001,12,0.4068,1811.0,4452.0
Cuenca Mediterránea Andaluza,2002,1,0.4467,2486.0,5565.0
Cuenca Mediterránea Andaluza,2002,2,0.4513,2009.0,4452.0
Cuenca Mediterránea Andaluza,2002,3,0.4634,2063.0,4452.0
Cuenca Mediterránea Andaluza,2002,4,0.4667,2597.0,5565.0
Cuenca Mediterránea Andaluza,2002,5,0.4447,1980.0,4452.0
Cuenca Mediterránea Andaluza,2002,6,0.4268,1900.0,4452.0
Cuenca Mediterránea Andaluza,2002,7,0.3921,2182.0,5565.0
Cuenca Mediterránea Andaluza,2002,8,0.3504,1560.0,4452.0
Cuenca Mediterránea Andaluza,2002,9,0.3111,1385.0,4452.0
Cuenca Mediterránea Andaluza,2002,10,0.2866,1595.0,5565.0
Cuenca Mediterránea Andaluza,2002,11,0.274,1220.0,4452.0
Cuenca Mediterránea Andaluza,2002,12,0.3051,1698.0,5565.0
Cuenca Mediterránea Andaluza,2003,1,0.3578,1593.0,4452.0
Cuenca Mediterránea Andaluza,2003,2,0.407,1724.0,4236.0
Cuenca Mediterránea Andaluza,2003,3,0.4484,1867.0,4164.0
Cuenca Mediterránea Andaluza,2003,4,0.4534,2523.0,5565.0
Cuenca Mediterránea Andaluza,2003,5,0.4708,2096.0,4452.0
Cuenca Mediterránea Andaluza,2003,6,0.4852,2038.0,4200.0
Cuenca Mediterránea Andaluza,2003,7,0.4547,2387.0,5250.0
Cuenca Mediterránea Andaluza,2003,8,0.4093,1719.0,4200.0
Cuenca Mediterránea Andaluza,2003,9,0.3675,1913.0,5205.0
Cuenca Mediterránea Andaluza,2003,10,0.3408,1419.0,4164.0
Cuenca Mediterránea Andaluza,2003,11,0.3698,1540.0,4164.0
Cuenca Mediterránea Andaluza,2003,12,0.4678,2435.0,5205.0
Cuenca Mediterránea Andaluza,2004,1,0.5259,2190.0,4164.0
Cuenca Mediterránea Andaluza,2004,2,0.5406,2251.0,4164.0
Cuenca Mediterránea Andaluza,2004,3,0.5954,3099.0,5205.0
Cuenca Mediterránea Andaluza,2004,4,0.6744,2808.0,4164.0
Cuenca Mediterránea Andaluza,2004,5,0.6155,2563.0,4164.0
Cuenca Mediterránea Andaluza,2004,6,0.6175,3214.0,5205.0
Cuenca Mediterránea Andaluza,2004,7,0.5997,2497.0,4164.0
Cuenca Mediterránea Andaluza,2004,8,0.561,2920.0,5205.0
Cuenca Mediterránea Andaluza,2004,9,0.5106,2126.0,4164.0
Cuenca Mediterránea Andaluza,2004,10,0.4791,1995.0,4164.0
Cuenca Mediterránea Andaluza,2004,11,0.4605,2397.0,5205.0
Cuenca Mediterránea Andaluza,2004,12,0.4565,1901.0,4164.0
Cuenca Mediterránea Andaluza,2005,1,0.451,1878.0,4164.0
Cuenca Mediterránea Andaluza,2005,2,0.4416,1839.0,4164.0
Cuenca Mediterránea Andaluza,2005,3,0.4669,2430.0,5205.0
Cuenca Mediterránea Andaluza,2005,4,0.4721,1966.0,4164.0
Cuenca Mediterránea Andaluza,2005,5,0.4586,2387.0,5205.0
Cuenca Mediterránea Andaluza,2005,6,0.4272,1779.0,4164.0
Cuenca Mediterránea Andaluza,2005,7,0.3847,1602.0,4164.0
Cuenca Mediterránea Andaluza,2005,8,0.3439,1790.0,5205.0
Cuenca Mediterránea Andaluza,2005,9,0.3076,1281.0,4164.0
Cuenca Mediterránea Andaluza,2005,10,0.2879,1199.0,4164.0
Cuenca Mediterránea Andaluza,2005,11,0.2745,1429.0,5205.0
Cuenca Mediterránea Andaluza,2005,12,0.2671,1112.0,4164.0
Cuenca Mediterránea Andaluza,2006,1,0.2651,1380.0,5205.0
Cuenca Mediterránea Andaluza,2006,2,0.2951,1229.0,4164.0
Cuenca Mediterránea Andaluza,2006,3,0.3288,1369.0,4164.0
Cuenca Mediterránea Andaluza,2006,4,0.3646,1518.0,4164.0
Cuenca Mediterránea Andaluza,2006,5,0.3627,1888.0,5205.0
Cuenca Mediterránea Andaluza,2006,6,0.3494,1455.0,4164.0
Cuenca Mediterránea Andaluza,2006,7,0.3321,1383.0,4164.0
Cuenca Mediterránea Andaluza,2006,8,0.3032,1578.0,5205.0
Cuenca Mediterránea Andaluza,2006,9,0.2788,1161.0,4164.0
Cuenca Mediterránea Andaluza,2006,10,0.2598,1352.0,5205.0
Cuenca Mediterránea Andaluza,2006,11,0.2771,1154.0,4164.0
Cuenca Mediterránea Andaluza,2006,12,0.2942,1225.0,4164.0
Cuenca Mediterránea Andaluza,2007,1,0.2972,1547.0,5205.0
Cuenca Mediterránea Andaluza,2007,2,0.3473,1446.0,4164.0
Cuenca Mediterránea Andaluza,2007,3,0.3557,1481.0,4164.0
Cuenca Mediterránea Andaluza,2007,4,0.3564,1484.0,4164.0
Cuenca Mediterránea Andaluza,2007,5,0.3577,1862.0,5205.0
Cuenca Mediterránea Andaluza,2007,6,0.3501,1458.0,4164.0
Cuenca Mediterránea Andaluza,2007,7,0.3255,1694.0,5205.0
Cuenca Mediterránea Andaluza,2007,8,0.2954,1230.0,4164.0
Cuenca Mediterránea Andaluza,2007,9,0.2764,1151.0,4164.0
Cuenca Mediterránea Andaluza,2007,10,0.2609,1358.0,5205.0
Cuenca Mediterránea Andaluza,2007,11,0.2478,1032.0,4164.0
Cuenca Mediterránea Andaluza,2007,12,0.2464,1026.0,4164.0
Cuenca Mediterránea Andaluza,2008,1,0.2642,1375.0,5205.0
Cuenca Mediterránea Andaluza,2008,2,0.2757,1148.0,4164.0
Cuenca Mediterránea Andaluza,2008,3,0.2927,1219.0,4164.0
Cuenca Mediterránea Andaluza,2008,4,0.2968,1545.0,5205.0
Cuenca Mediterránea Andaluza,2008,5,0.3064,1276.0,4164.0
Cuenca Mediterránea Andaluza,2008,6,0.2995,1247.0,4164.0
Cuenca Mediterránea Andaluza,2008,7,0.2753,1433.0,5205.0
Cuenca Mediterránea Andaluza,2008,8,0.2462,1025.0,4164.0
Cuenca Mediterránea Andaluza,2008,9,0.2204,1147.0,5205.0
Cuenca Mediterránea Andaluza,2008,10,0.2221,925.0,4164.0
Cuenca Mediterránea Andaluza,2008,11,0.263,1095.0,4164.0
Cuenca Mediterránea Andaluza,2008,12,0.3047,1586.0,5205.0
Cuenca Mediterránea Andaluza,2009,1,0.3631,1512.0,4164.0
Cuenca Mediterránea Andaluza,2009,2,0.4618,1923.0,4164.0
Cuenca Mediterránea Andaluza,2009,3,0.5093,2651.0,5205.0
Cuenca Mediterránea Andaluza,2009,4,0.524,2182.0,4164.0
Cuenca Mediterránea Andaluza,2009,5,0.5343,2225.0,4164.0
Cuenca Mediterránea Andaluza,2009,6,0.518,2696.0,5205.0
Cuenca Mediterránea Andaluza,2009,7,0.4877,2047.0,4197.0
Cuenca Mediterránea Andaluza,2009,8,0.4527,1905.0,4208.0
Cuenca Mediterránea Andaluza,2009,9,0.4171,2194.0,5260.0
Cuenca Mediterránea Andaluza,2009,10,0.3866,1627.0,4208.0
Cuenca Mediterránea Andaluza,2009,11,0.3681,1549.0,4208.0
Cuenca Mediterránea Andaluza,2009,12,0.3876,2039.0,5260.0
Cuenca Mediterránea Andaluza,2010,1,0.6119,2575.0,4208.0
Cuenca Mediterránea Andaluza,2010,2,0.7103,3173.0,4467.0
Cuenca Mediterránea Andaluza,2010,3,0.7777,4577.0,5885.0
Cuenca Mediterránea Andaluza,2010,4,0.7918,3728.0,4708.0
Cuenca Mediterránea Andaluza,2010,5,0.7955,3745.0,4708.0
Cuenca Mediterránea Andaluza,2010,6,0.7942,4674.0,5885.0
Cuenca Mediterránea Andaluza,2010,7,0.7774,3660.0,4708.0
Cuenca Mediterránea Andaluza,2010,8,0.7468,4395.0,5885.0
Cuenca Mediterránea Andaluza,2010,9,0.706,3324.0,4708.0
Cuenca Mediterránea Andaluza,2010,10,0.6799,3201.0,4708.0
Cuenca Mediterránea Andaluza,2010,11,0.6632,3903.0,5885.0
Cuenca Mediterránea Andaluza,2010,12,0.6975,3284.0,4708.0
Cuenca Mediterránea Andaluza,2011,1,0.7364,3467.0,4708.0
Cuenca Mediterránea Andaluza,2011,2,0.7587,3572.0,4708.0
Cuenca Mediterránea Andaluza,2011,3,0.7934,4669.0,5885.0
Cuenca Mediterránea Andaluza,2011,4,0.8101,3814.0,4708.0
Cuenca Mediterránea Andaluza,2011,5,0.8189,4819.0,5885.0
Cuenca Mediterránea Andaluza,2011,6,0.8122,3824.0,4708.0
Cuenca Mediterránea Andaluza,2011,7,0.7842,3692.0,4708.0
Cuenca Mediterránea Andaluza,2011,8,0.7244,4263.0,5885.0
Cuenca Mediterránea Andaluza,2011,9,0.6846,3223.0,4708.0
Cuenca Mediterránea Andaluza,2011,10,0.6788,3196.0,4708.0
Cuenca Mediterránea Andaluza,2011,11,0.6797,4000.0,5885.0
Cuenca Mediterránea Andaluza,2011,12,0.6933,3264.0,4708.0
Cuenca Mediterránea Andaluza,2012,1,0.6884,4051.0,5885.0
Cuenca Mediterránea Andaluza,2012,2,0.6803,3203.0,4708.0
Cuenca Mediterránea Andaluza,2012,3,0.6695,3152.0,4708.0
Cuenca Mediterránea Andaluza,2012,4,0.6561,3089.0,4708.0
Cuenca Mediterránea Andaluza,2012,5,0.643,3784.0,5885.0
Cuenca Mediterránea Andaluza,2012,6,0.6192,2915.0,4708.0
Cuenca Mediterránea Andaluza,2012,7,0.5822,3426.0,5885.0
Cuenca Mediterránea Andaluza,2012,8,0.5446,2564.0,4708.0
Cuenca Mediterránea Andaluza,2012,9,0.5117,2409.0,4708.0
Cuenca Mediterránea Andaluza,2012,10,0.5482,3226.0,5885.0
Cuenca Mediterránea Andaluza,2012,11,0.6752,3179.0,4708.0
Cuenca Mediterránea Andaluza,2012,12,0.7205,3392.0,4708.0
Cuenca Mediterránea Andaluza,2013,1,0.7269,4278.0,5885.0
Cuenca Mediterránea Andaluza,2013,2,0.7428,3497.0,4708.0
Cuenca Mediterránea Andaluza,2013,3,0.7848,3695.0,4708.0
Cuenca Mediterránea Andaluza,2013,4,0.8211,4832.0,5885.0
Cuenca Mediterránea Andaluza,2013,5,0.8243,3881.0,4708.0
Cuenca Mediterránea Andaluza,2013,6,0.8163,3843.0,4708.0
Cuenca Mediterránea Andaluza,2013,7,0.7968,4689.0,5885.0
Cuenca Mediterránea Andaluza,2013,8,0.7627,3591.0,4708.0
Cuenca Mediterránea Andaluza,2013,9,0.7324,3448.0,4708.0
Cuenca Mediterránea Andaluza,2013,10,0.703,4137.0,5885.0
Cuenca Mediterránea Andaluza,2013,11,0.6718,3163.0,4708.0
Cuenca Mediterránea Andaluza,2013,12,0.6476,3811.0,5885.0
Cuenca Mediterránea Andaluza,2014,1,0.6446,3035.0,4708.0
Cuenca Mediterránea Andaluza,2014,2,0.6725,3166.0,4708.0
Cuenca Mediterránea Andaluza,2014,3,0.7058,3323.0,4708.0
Cuenca Mediterránea Andaluza,2014,4,0.7096,4176.0,5885.0
Cuenca Mediterránea Andaluza,2014,5,0.7107,3346.0,4708.0
Cuenca Mediterránea Andaluza,2014,6,0.6975,3284.0,4708.0
Cuenca Mediterránea Andaluza,2014,7,0.6634,3904.0,5885.0
Cuenca Mediterránea Andaluza,2014,8,0.6257,2946.0,4708.0
Cuenca Mediterránea Andaluza,2014,9,0.5915,3481.0,5885.0
Cuenca Mediterránea Andaluza,2014,10,0.5709,2688.0,4708.0
Cuenca Mediterránea Andaluza,2014,11,0.5603,2638.0,4708.0
Cuenca Mediterránea Andaluza,2014,12,0.5981,3520.0,5885.0
Cuenca Mediterránea Andaluza,2015,1,0.6017,2833.0,4708.0
Cuenca Mediterránea Andaluza,2015,2,0.6141,2891.0,4708.0
Cuenca Mediterránea Andaluza,2015,3,0.6282,3697.0,5885.0
Cuenca Mediterránea Andaluza,2015,4,0.6461,3042.0,4708.0
Cuenca Mediterránea Andaluza,2015,5,0.6374,3001.0,4708.0
Cuenca Mediterránea Andaluza,2015,6,0.6133,3609.0,5885.0
Cuenca Mediterránea Andaluza,2015,7,0.5792,2727.0,4708.0
Cuenca Mediterránea Andaluza,2015,8,0.5414,2549.0,4708.0
Cuenca Mediterránea Andaluza,2015,9,0.5067,2982.0,5885.0
Cuenca Mediterránea Andaluza,2015,10,0.4815,2267.0,4708.0
Cuenca Mediterránea Andaluza,2015,11,0.4841,2279.0,4708.0
Cuenca Mediterránea Andaluza,2015,12,0.4739,2789.0,5885.0
Cuenca Mediterránea Andaluza,2016,1,0.4641,2185.0,4708.0
Cuenca Mediterránea Andaluza,2016,2,0.4601,2166.0,4708.0
Cuenca Mediterránea Andaluza,2016,3,0.4663,2744.0,5885.0
Cuenca Mediterránea Andaluza,2016,4,0.4618,2174.0,4708.0
Cuenca Mediterránea Andaluza,2016,5,0.4736,2787.0,5885.0
Cuenca Mediterránea Andaluza,2016,6,0.4715,2220.0,4708.0
Cuenca Mediterránea Andaluza,2016,7,0.441,2076.0,4708.0
Cuenca Mediterránea Andaluza,2016,8,0.4029,2371.0,5885.0
Cuenca Mediterránea Andaluza,2016,9,0.3685,1735.0,4708.0
Cuenca Mediterránea Andaluza,2016,10,0.3458,1625.0,4699.0
Cuenca Mediterránea Andaluza,2016,11,0.3317,1947.0,5870.0
Cuenca Mediterránea Andaluza,2016,12,0.4099,1925.0,4696.0
Cuenca Mediterránea Andaluza,2017,1,0.4284,2515.0,5870.0
Cuenca Mediterránea Andaluza,2017,2,0.444,2085.0,4696.0
Cuenca Mediterránea Andaluza,2017,3,0.4766,2238.0,4696.0
Cuenca Mediterránea Andaluza,2017,4,0.4883,2293.0,4696.0
Cuenca Mediterránea Andaluza,2017,5,0.4894,2873.0,5870.0
Cuenca Mediterránea Andaluza,2017,6,0.4653,2185.0,4696.0
Cuenca Mediterránea Andaluza,2017,7,0.4314,2026.0,4696.0
Cuenca Mediterránea Andaluza,2017,8,0.3945,2316.0,5870.0
Cuenca Mediterránea Andaluza,2017,9,0.3575,1679.0,4696.0
Cuenca Mediterránea Andaluza,2017,10,0.3283,1927.0,5870.0
Cuenca Mediterránea Andaluza,2017,11,0.3115,1463.0,4696.0
Cuenca Mediterránea Andaluza,2017,12,0.3073,1443.0,4696.0
Cuenca Mediterránea Andaluza,2018,1,0.308,1808.0,5870.0
Cuenca Mediterránea Andaluza,2018,2,0.3052,1433.0,4696.0
Cuenca Mediterránea Andaluza,2018,3,0.467,2193.0,4696.0
Cuenca Mediterránea Andaluza,2018,4,0.5809,2728.0,4696.0
Cuenca Mediterránea Andaluza,2018,5,0.6262,3676.0,5870.0
Cuenca Mediterránea Andaluza,2018,6,0.6273,2946.0,4696.0
Cuenca Mediterránea Andaluza,2018,7,0.6111,3587.0,5870.0
Cuenca Mediterránea Andaluza,2018,8,0.5771,2710.0,4696.0
Cuenca Mediterránea Andaluza,2018,9,0.55,2583.0,4696.0
Cuenca Mediterránea Andaluza,2018,10,0.5625,3302.0,5870.0
Cuenca Mediterránea Andaluza,2018,11,0.6316,2966.0,4696.0
Cuenca Mediterránea Andaluza,2018,12,0.6601,3100.0,4696.0
Cuenca Mediterránea Andaluza,2019,1,0.6635,3895.0,5870.0
Cuenca Mediterránea Andaluza,2019,2,0.6712,3152.0,4696.0
Cuenca Mediterránea Andaluza,2019,3,0.6674,3134.0,4696.0
Cuenca Mediterránea Andaluza,2019,4,0.6572,3858.0,5870.0
Cuenca Mediterránea Andaluza,2019,5,0.651,3057.0,4696.0
Cuenca Mediterránea Andaluza,2019,6,0.6271,2945.0,4696.0
Cuenca Mediterránea Andaluza,2019,7,0.5908,3468.0,5870.0
Cuenca Mediterránea Andaluza,2019,8,0.5515,2590.0,4696.0
Cuenca Mediterránea Andaluza,2019,9,0.5273,2476.0,4696.0
Cuenca Mediterránea Andaluza,2019,10,0.5065,2973.0,5870.0
Cuenca Mediterránea Andaluza,2019,11,0.4834,2270.0,4696.0
Cuenca Mediterránea Andaluza,2019,12,0.485,2847.0,5870.0
Cuenca Mediterránea Andaluza,2020,1,0.5068,2380.0,4696.0
Cuenca Mediterránea Andaluza,2020,2,0.5405,2538.0,4696.0
Cuenca Mediterránea Andaluza,2020,3,0.5407,3174.0,5870.0
Cuenca Mediterránea Andaluza,2020,4,0.5724,2688.0,4696.0
Cuenca Mediterránea Andaluza,2020,5,0.5873,2758.0,4696.0
Cuenca Mediterránea Andaluza,2020,6,0.5727,3362.0,5870.0
Cuenca Mediterránea Andaluza,2020,7,0.5381,2527.0,4696.0
Cuenca Mediterránea Andaluza,2020,8,0.5023,2359.0,4696.0
Cuenca Mediterránea Andaluza,2020,9,0.4625,2715.0,5870.0
Cuenca Mediterránea Andaluza,2020,10,0.4282,2011.0,4696.0
Cuenca Mediterránea Andaluza,2020,11,0.4123,1936.0,4696.0
Cuenca Mediterránea Andaluza,2020,12,0.414,2430.0,5870.0
Cuenca Mediterránea Andaluza,2021,1,0.4457,2093.0,4696.0
Cuenca Mediterránea Andaluza,2021,2,0.481,2259.0,4696.0
Cuenca Mediterránea Andaluza,2021,3,0.509,2988.0,5870.0
Cuenca Mediterránea Andaluza,2021,4,0.5164,2425.0,4696.0
Cuenca Mediterránea Andaluza,2021,5,0.5187,2436.0,4696.0
Cuenca Mediterránea Andaluza,2021,6,0.5036,2956.0,5870.0
Cuenca Mediterránea Andaluza,2021,7,0.4732,2222.0,4696.0
Cuenca Mediterránea Andaluza,2021,8,0.4324,2538.0,5870.0
Cuenca Mediterránea Andaluza,2021,9,0.395,1855.0,4696.0
Cuenca Mediterránea Andaluza,2021,10,0.3682,1729.0,4696.0
Cuenca Mediterránea Andaluza,2021,11,0.3426,2011.0,5870.0
Cuenca Mediterránea Andaluza,2021,12,0.3224,1514.0,4696.0
Cuenca Mediterránea Andaluza,2022,1,0.3156,1482.0,4696.0
Cuenca Mediterránea Andaluza,2022,2,0.3043,1429.0,4696.0
Cuenca Mediterránea Andaluza,2022,3,0.3249,1907.0,5870.0
Cuenca Mediterránea Andaluza,2022,4,0.4651,2184.0,4696.0
Cuenca Mediterránea Andaluza,2022,5,0.5107,2998.0,5870.0
Cuenca Mediterránea Andaluza,2022,6,0.5062,2377.0,4696.0
Cuenca Mediterránea Andaluza,2022,7,0.4753,2232.0,4696.0
Cuenca Mediterránea Andaluza,2022,8,0.4382,2572.0,5870.0
Cuenca Mediterránea Andaluza,2022,9,0.401,1883.0,4696.0
Cuenca Mediterránea Andaluza,2022,10,0.3705,1740.0,4696.0
Cuenca Mediterránea Andaluza,2022,11,0.3463,2033.0,5870.0
Cuenca Mediterránea Andaluza,2022,12,0.3569,1676.0,4696.0
Cuenca Mediterránea Andaluza,2023,1,0.3789,2224.0,5870.0
Cuenca Mediterránea Andaluza,2023,2,0.3825,1796.0,4696.0
Cuenca Mediterránea Andaluza,2023,3,0.3812,1790.0,4696.0
Cuenca Mediterránea Andaluza,2023,4,0.3682,1729.0,4696.0
Cuenca Mediterránea Andaluza,2023,5,0.347,2037.0,5870.0
Cuenca Mediterránea Andaluza,2023,6,0.3388,1591.0,4696.0
Cuenca Mediterránea Andaluza,2023,7,0.3145,1477.0,4696.0
Cuenca Mediterránea Andaluza,2023,8,0.2811,1650.0,5870.0
Cuenca Mediterránea Andaluza,2023,9,0.2496,1172.0,4696.0
Cuenca Mediterránea Andaluza,2023,10,0.2262,1328.0,5870.0
Cuenca Mediterránea Andaluza,2023,11,0.2091,982.0,4696.0
Cuenca Mediterránea Andaluza,2023,12,0.1946,914.0,4696.0
Cuenca Mediterránea Andaluza,2024,1,0.1848,1085.0,5870.0
Cuenca Mediterránea Andaluza,2024,2,0.1885,885.0,4696.0
Cuenca Mediterránea Andaluza,2024,3,0.2125,998.0,4696.0
Cuenca Mediterránea Andaluza,2024,4,0.2986,1753.0,5870.0
Cuenca Mediterránea Andaluza,2024,5,0.3167,1487.0,4696.0
Cuenca Mediterránea Andaluza,2024,6,0.3109,1460.0,4696.0
Cuenca Mediterránea Andaluza,2024,7,0.2911,1709.0,5870.0
Cuenca Mediterránea Andaluza,2024,8,0.2653,1246.0,4696.0
Cuenca Mediterránea Andaluza,2024,9,0.2423,1138.0,4696.0
Cuenca Mediterránea Andaluza,2024,10,0.2218,1302.0,5870.0
Cuenca Mediterránea Andaluza,2024,11,0.2839,1333.0,4696.0
Cuenca Mediterránea Andaluza,2024,12,0.2944,1728.0,5870.0
Cuenca Mediterránea Andaluza,2025,1,0.289,1357.0,4696.0
Cuenca Mediterránea Andaluza,2025,2,0.292,1371.0,4696.0
Cuenca Mediterránea Andaluza,2025,3,0.4112,1931.0,4696.0
Cuenca Mediterránea Andaluza,2025,4,0.5441,3194.0,5870.0
Cuenca Mediterránea Andaluza,2025,5,0.5743,2697.0,4696.0
Cuenca Mediterránea Andaluza,2025,6,0.5686,2670.0,4696.0
Cuenca Mediterránea Andaluza,2025,7,0.5397,3168.0,5870.0
Cuenca Mediterránea Andaluza,2025,8,0.5055,2374.0,4696.0
Cuenca Mediterránea Andaluza,2025,9,0.4714,2767.0,5870.0
Cuenca Mediterránea Andaluza,2025,10,0.4438,2084.0,4696.0
Cuenca Mediterránea Andaluza,2025,11,0.4291,2015.0,4696.0
Cuenca Mediterránea Andaluza,2025,12,0.4368,2564.0,5870.0
Cuenca Mediterránea Andaluza,2026,1,0.5245,2463.0,4696.0
Cuenca Mediterránea Andaluza,2026,2,0.6923,3251.0,4696.0
Cuenca Mediterránea Andaluza,2026,3,0.7533,4422.0,5870.0
Cuenca Mediterránea Andaluza,2026,4,0.7658,3596.0,4696.0
Cuenca Mediterránea Andaluza,2026,5,0.7698,3615.0,4696.0
Cuenca Mediterránea Andaluza,2026,6,0.7545,4429.0,5870.0
Cuenca Mediterránea Andaluza,2026,7,0.7334,1722.0,2348.0
Cuencas Internas de Cataluña,1988,1,0.8258,2015.0,2440.0
Cuencas Internas de Cataluña,1988,2,0.8217,2005.0,2440.0
Cuencas Internas de Cataluña,1988,3,0.7357,2244.0,3050.0
Cuencas Internas de Cataluña,1988,4,0.7152,1745.0,2440.0
Cuencas Internas de Cataluña,1988,5,0.7479,2281.0,3050.0
Cuencas Internas de Cataluña,1988,6,0.8201,2001.0,2440.0
Cuencas Internas de Cataluña,1988,7,0.7418,1810.0,2440.0
Cuencas Internas de Cataluña,1988,8,0.623,1900.0,3050.0
Cuencas Internas de Cataluña,1988,9,0.5352,1306.0,2440.0
Cuencas Internas de Cataluña,1988,10,0.482,1176.0,2440.0
Cuencas Internas de Cataluña,1988,11,0.5079,1549.0,3050.0
Cuencas Internas de Cataluña,1988,12,0.5184,1265.0,2440.0
Cuencas Internas de Cataluña,1989,1,0.4603,1404.0,3050.0
Cuencas Internas de Cataluña,1989,2,0.4074,994.0,2440.0
Cuencas Internas de Cataluña,1989,3,0.3652,891.0,2440.0
Cuencas Internas de Cataluña,1989,4,0.3291,803.0,2440.0
Cuencas Internas de Cataluña,1989,5,0.3689,1125.0,3050.0
Cuencas Internas de Cataluña,1989,6,0.4037,985.0,2440.0
Cuencas Internas de Cataluña,1989,7,0.3832,935.0,2440.0
Cuencas Internas de Cataluña,1989,8,0.3197,975.0,3050.0
Cuencas Internas de Cataluña,1989,9,0.2713,662.0,2440.0
Cuencas Internas de Cataluña,1989,10,0.2318,707.0,3050.0
Cuencas Internas de Cataluña,1989,11,0.218,532.0,2440.0
Cuencas Internas de Cataluña,1989,12,0.2697,658.0,2440.0
Cuencas Internas de Cataluña,1990,1,0.241,735.0,3050.0
Cuencas Internas de Cataluña,1990,2,0.2193,535.0,2440.0
Cuencas Internas de Cataluña,1990,3,0.2275,555.0,2440.0
Cuencas Internas de Cataluña,1990,4,0.2148,524.0,2440.0
Cuencas Internas de Cataluña,1990,5,0.2328,710.0,3050.0
Cuencas Internas de Cataluña,1990,6,0.3656,892.0,2440.0
Cuencas Internas de Cataluña,1990,7,0.4567,1393.0,3050.0
Cuencas Internas de Cataluña,1990,8,0.4369,1066.0,2440.0
Cuencas Internas de Cataluña,1990,9,0.4439,1083.0,2440.0
Cuencas Internas de Cataluña,1990,10,0.52,1586.0,3050.0
Cuencas Internas de Cataluña,1990,11,0.6074,1482.0,2440.0
Cuencas Internas de Cataluña,1990,12,0.607,1481.0,2440.0
Cuencas Internas de Cataluña,1991,1,0.5967,1820.0,3050.0
Cuencas Internas de Cataluña,1991,2,0.6061,1479.0,2440.0
Cuencas Internas de Cataluña,1991,3,0.7057,1722.0,2440.0
Cuencas Internas de Cataluña,1991,4,0.7679,2342.0,3050.0
Cuencas Internas de Cataluña,1991,5,0.8619,2103.0,2440.0
Cuencas Internas de Cataluña,1991,6,0.9,2196.0,2440.0
Cuencas Internas de Cataluña,1991,7,0.8633,2633.0,3050.0
Cuencas Internas de Cataluña,1991,8,0.7984,1948.0,2440.0
Cuencas Internas de Cataluña,1991,9,0.7467,1822.0,2440.0
Cuencas Internas de Cataluña,1991,10,0.6977,2128.0,3050.0
Cuencas Internas de Cataluña,1991,11,0.6807,1661.0,2440.0
Cuencas Internas de Cataluña,1991,12,0.8852,2700.0,3050.0
Cuencas Internas de Cataluña,1992,1,0.9156,2234.0,2440.0
Cuencas Internas de Cataluña,1992,2,0.909,2218.0,2440.0
Cuencas Internas de Cataluña,1992,3,0.9082,2770.0,3050.0
Cuencas Internas de Cataluña,1992,4,0.9123,2226.0,2440.0
Cuencas Internas de Cataluña,1992,5,0.9172,2238.0,2440.0
Cuencas Internas de Cataluña,1992,6,0.9341,2849.0,3050.0
Cuencas Internas de Cataluña,1992,7,0.9193,2243.0,2440.0
Cuencas Internas de Cataluña,1992,8,0.8758,2137.0,2440.0
Cuencas Internas de Cataluña,1992,9,0.8275,2524.0,3050.0
Cuencas Internas de Cataluña,1992,10,0.8533,2082.0,2440.0
Cuencas Internas de Cataluña,1992,11,0.8504,2075.0,2440.0
Cuencas Internas de Cataluña,1992,12,0.8151,2486.0,3050.0
Cuencas Internas de Cataluña,1993,1,0.8664,2114.0,2440.0
Cuencas Internas de Cataluña,1993,2,0.8742,2133.0,2440.0
Cuencas Internas de Cataluña,1993,3,0.8846,2698.0,3050.0
Cuencas Internas de Cataluña,1993,4,0.8836,2156.0,2440.0
Cuencas Internas de Cataluña,1993,5,0.9115,2224.0,2440.0
Cuencas Internas de Cataluña,1993,6,0.8862,2703.0,3050.0
Cuencas Internas de Cataluña,1993,7,0.8623,2104.0,2440.0
Cuencas Internas de Cataluña,1993,8,0.7869,2400.0,3050.0
Cuencas Internas de Cataluña,1993,9,0.7279,1776.0,2440.0
Cuencas Internas de Cataluña,1993,10,0.7184,1753.0,2440.0
Cuencas Internas de Cataluña,1993,11,0.7846,2393.0,3050.0
Cuencas Internas de Cataluña,1993,12,0.7664,1919.0,2504.0
Cuencas Internas de Cataluña,1994,1,0.7799,1903.0,2440.0
Cuencas Internas de Cataluña,1994,2,0.7174,1934.0,2696.0
Cuencas Internas de Cataluña,1994,3,0.7154,2411.0,3370.0
Cuencas Internas de Cataluña,1994,4,0.6932,1869.0,2696.0
Cuencas Internas de Cataluña,1994,5,0.6837,2304.0,3370.0
Cuencas Internas de Cataluña,1994,6,0.6484,1748.0,2696.0
Cuencas Internas de Cataluña,1994,7,0.5872,1583.0,2696.0
Cuencas Internas de Cataluña,1994,8,0.5074,1710.0,3370.0
Cuencas Internas de Cataluña,1994,9,0.447,1205.0,2696.0
Cuencas Internas de Cataluña,1994,10,0.5931,1599.0,2696.0
Cuencas Internas de Cataluña,1994,11,0.7786,2624.0,3370.0
Cuencas Internas de Cataluña,1994,12,0.7975,2150.0,2696.0
Cuencas Internas de Cataluña,1995,1,0.7706,2597.0,3370.0
Cuencas Internas de Cataluña,1995,2,0.7504,2023.0,2696.0
Cuencas Internas de Cataluña,1995,3,0.7177,1935.0,2696.0
Cuencas Internas de Cataluña,1995,4,0.6766,1824.0,2696.0
Cuencas Internas de Cataluña,1995,5,0.6442,2171.0,3370.0
Cuencas Internas de Cataluña,1995,6,0.651,1755.0,2696.0
Cuencas Internas de Cataluña,1995,7,0.6369,1717.0,2696.0
Cuencas Internas de Cataluña,1995,8,0.6107,2058.0,3370.0
Cuencas Internas de Cataluña,1995,9,0.6387,1722.0,2696.0
Cuencas Internas de Cataluña,1995,10,0.646,2177.0,3370.0
Cuencas Internas de Cataluña,1995,11,0.6102,1645.0,2696.0
Cuencas Internas de Cataluña,1995,12,0.7029,1895.0,2696.0
Cuencas Internas de Cataluña,1996,1,0.8053,2714.0,3370.0
Cuencas Internas de Cataluña,1996,2,0.7971,2149.0,2696.0
Cuencas Internas de Cataluña,1996,3,0.7815,2107.0,2696.0
Cuencas Internas de Cataluña,1996,4,0.7953,2680.0,3370.0
Cuencas Internas de Cataluña,1996,5,0.8101,2184.0,2696.0
Cuencas Internas de Cataluña,1996,6,0.7426,2002.0,2696.0
Cuencas Internas de Cataluña,1996,7,0.7237,2439.0,3370.0
Cuencas Internas de Cataluña,1996,8,0.704,1898.0,2696.0
Cuencas Internas de Cataluña,1996,9,0.6803,1834.0,2696.0
Cuencas Internas de Cataluña,1996,10,0.6831,2302.0,3370.0
Cuencas Internas de Cataluña,1996,11,0.7507,2024.0,2696.0
Cuencas Internas de Cataluña,1996,12,0.805,2713.0,3370.0
Cuencas Internas de Cataluña,1997,1,0.8079,2178.0,2696.0
Cuencas Internas de Cataluña,1997,2,0.7953,2144.0,2696.0
Cuencas Internas de Cataluña,1997,3,0.7971,2149.0,2696.0
Cuencas Internas de Cataluña,1997,4,0.7697,2594.0,3370.0
Cuencas Internas de Cataluña,1997,5,0.7615,2053.0,2696.0
Cuencas Internas de Cataluña,1997,6,0.7656,2064.0,2696.0
Cuencas Internas de Cataluña,1997,7,0.7994,2694.0,3370.0
Cuencas Internas de Cataluña,1997,8,0.797,2148.0,2695.0
Cuencas Internas de Cataluña,1997,9,0.7501,2524.0,3365.0
Cuencas Internas de Cataluña,1997,10,0.701,1887.0,2692.0
Cuencas Internas de Cataluña,1997,11,0.6724,1810.0,2692.0
Cuencas Internas de Cataluña,1997,12,0.6559,2207.0,3365.0
Cuencas Internas de Cataluña,1998,1,0.6701,1804.0,2692.0
Cuencas Internas de Cataluña,1998,2,0.6898,1857.0,2692.0
Cuencas Internas de Cataluña,1998,3,0.6737,2267.0,3365.0
Cuencas Internas de Cataluña,1998,4,0.653,1758.0,2692.0
Cuencas Internas de Cataluña,1998,5,0.6452,1737.0,2692.0
Cuencas Internas de Cataluña,1998,6,0.6324,2128.0,3365.0
Cuencas Internas de Cataluña,1998,7,0.5695,1533.0,2692.0
Cuencas Internas de Cataluña,1998,8,0.5572,1500.0,2692.0
Cuencas Internas de Cataluña,1998,9,0.441,1484.0,3365.0
Cuencas Internas de Cataluña,1998,10,0.416,1120.0,2692.0
Cuencas Internas de Cataluña,1998,11,0.3793,1021.0,2692.0
Cuencas Internas de Cataluña,1998,12,0.3522,1185.0,3365.0
Cuencas Internas de Cataluña,1999,1,0.3462,932.0,2692.0
Cuencas Internas de Cataluña,1999,2,0.3458,931.0,2692.0
Cuencas Internas de Cataluña,1999,3,0.2932,1104.0,3765.0
Cuencas Internas de Cataluña,1999,4,0.2776,836.0,3012.0
Cuencas Internas de Cataluña,1999,5,0.3011,907.0,3012.0
Cuencas Internas de Cataluña,1999,6,0.3676,1384.0,3765.0
Cuencas Internas de Cataluña,1999,7,0.3284,989.0,3012.0
Cuencas Internas de Cataluña,1999,8,0.2845,1071.0,3765.0
Cuencas Internas de Cataluña,1999,9,0.2756,830.0,3012.0
Cuencas Internas de Cataluña,1999,10,0.3127,942.0,3012.0
Cuencas Internas de Cataluña,1999,11,0.4143,1560.0,3765.0
Cuencas Internas de Cataluña,1999,12,0.4797,1445.0,3012.0
Cuencas Internas de Cataluña,2000,1,0.4711,1419.0,3012.0
Cuencas Internas de Cataluña,2000,2,0.4473,1684.0,3765.0
Cuencas Internas de Cataluña,2000,3,0.4097,1234.0,3012.0
Cuencas Internas de Cataluña,2000,4,0.3967,1195.0,3012.0
Cuencas Internas de Cataluña,2000,5,0.4337,1633.0,3765.0
Cuencas Internas de Cataluña,2000,6,0.4784,1441.0,3012.0
Cuencas Internas de Cataluña,2000,7,0.4608,1388.0,3012.0
Cuencas Internas de Cataluña,2000,8,0.396,1491.0,3765.0
Cuencas Internas de Cataluña,2000,9,0.3234,974.0,3012.0
Cuencas Internas de Cataluña,2000,10,0.2898,1091.0,3765.0
Cuencas Internas de Cataluña,2000,11,0.2922,880.0,3012.0
Cuencas Internas de Cataluña,2000,12,0.3187,960.0,3012.0
Cuencas Internas de Cataluña,2001,1,0.4853,1827.0,3765.0
Cuencas Internas de Cataluña,2001,2,0.5388,1623.0,3012.0
Cuencas Internas de Cataluña,2001,3,0.5893,1775.0,3012.0
Cuencas Internas de Cataluña,2001,4,0.6248,1882.0,3012.0
Cuencas Internas de Cataluña,2001,5,0.6343,2388.0,3765.0
Cuencas Internas de Cataluña,2001,6,0.6205,1869.0,3012.0
Cuencas Internas de Cataluña,2001,7,0.5461,2056.0,3765.0
Cuencas Internas de Cataluña,2001,8,0.4714,1420.0,3012.0
Cuencas Internas de Cataluña,2001,9,0.4117,1240.0,3012.0
Cuencas Internas de Cataluña,2001,10,0.3647,1373.0,3765.0
Cuencas Internas de Cataluña,2001,11,0.3383,1019.0,3012.0
Cuencas Internas de Cataluña,2001,12,0.3201,964.0,3012.0
Cuencas Internas de Cataluña,2002,1,0.2943,1108.0,3765.0
Cuencas Internas de Cataluña,2002,2,0.2683,808.0,3012.0
Cuencas Internas de Cataluña,2002,3,0.248,747.0,3012.0
Cuencas Internas de Cataluña,2002,4,0.3355,1263.0,3765.0
Cuencas Internas de Cataluña,2002,5,0.5684,1712.0,3012.0
Cuencas Internas de Cataluña,2002,6,0.6733,2028.0,3012.0
Cuencas Internas de Cataluña,2002,7,0.6507,2450.0,3765.0
Cuencas Internas de Cataluña,2002,8,0.6042,1820.0,3012.0
Cuencas Internas de Cataluña,2002,9,0.6145,1851.0,3012.0
Cuencas Internas de Cataluña,2002,10,0.5981,2252.0,3765.0
Cuencas Internas de Cataluña,2002,11,0.5833,1757.0,3012.0
Cuencas Internas de Cataluña,2002,12,0.6378,2368.0,3713.0
Cuencas Internas de Cataluña,2003,1,0.6608,1956.0,2960.0
Cuencas Internas de Cataluña,2003,2,0.6611,1957.0,2960.0
Cuencas Internas de Cataluña,2003,3,0.7608,2252.0,2960.0
Cuencas Internas de Cataluña,2003,4,0.7803,2887.0,3700.0
Cuencas Internas de Cataluña,2003,5,0.7912,2342.0,2960.0
Cuencas Internas de Cataluña,2003,6,0.7682,2274.0,2960.0
Cuencas Internas de Cataluña,2003,7,0.7049,2608.0,3700.0
Cuencas Internas de Cataluña,2003,8,0.6264,1854.0,2960.0
Cuencas Internas de Cataluña,2003,9,0.5703,2110.0,3700.0
Cuencas Internas de Cataluña,2003,10,0.6152,1821.0,2960.0
Cuencas Internas de Cataluña,2003,11,0.7108,2104.0,2960.0
Cuencas Internas de Cataluña,2003,12,0.7908,2926.0,3700.0
Cuencas Internas de Cataluña,2004,1,0.7703,2280.0,2960.0
Cuencas Internas de Cataluña,2004,2,0.7557,2237.0,2960.0
Cuencas Internas de Cataluña,2004,3,0.7708,2852.0,3700.0
Cuencas Internas de Cataluña,2004,4,0.8682,2570.0,2960.0
Cuencas Internas de Cataluña,2004,5,0.8679,2569.0,2960.0
Cuencas Internas de Cataluña,2004,6,0.8954,3313.0,3700.0
Cuencas Internas de Cataluña,2004,7,0.8639,2557.0,2960.0
Cuencas Internas de Cataluña,2004,8,0.7962,2946.0,3700.0
Cuencas Internas de Cataluña,2004,9,0.7284,2156.0,2960.0
Cuencas Internas de Cataluña,2004,10,0.6743,1996.0,2960.0
Cuencas Internas de Cataluña,2004,11,0.6165,2281.0,3700.0
Cuencas Internas de Cataluña,2004,12,0.5851,1732.0,2960.0
Cuencas Internas de Cataluña,2005,1,0.5547,1642.0,2960.0
Cuencas Internas de Cataluña,2005,2,0.5223,1546.0,2960.0
Cuencas Internas de Cataluña,2005,3,0.4924,1822.0,3700.0
Cuencas Internas de Cataluña,2005,4,0.4689,1388.0,2960.0
Cuencas Internas de Cataluña,2005,5,0.4414,1633.0,3700.0
Cuencas Internas de Cataluña,2005,6,0.4128,1222.0,2960.0
Cuencas Internas de Cataluña,2005,7,0.3588,1062.0,2960.0
Cuencas Internas de Cataluña,2005,8,0.3,1110.0,3700.0
Cuencas Internas de Cataluña,2005,9,0.2764,818.0,2960.0
Cuencas Internas de Cataluña,2005,10,0.3014,892.0,2960.0
Cuencas Internas de Cataluña,2005,11,0.3995,1478.0,3700.0
Cuencas Internas de Cataluña,2005,12,0.4568,1352.0,2960.0
Cuencas Internas de Cataluña,2006,1,0.4735,1752.0,3700.0
Cuencas Internas de Cataluña,2006,2,0.6345,1878.0,2960.0
Cuencas Internas de Cataluña,2006,3,0.6713,1987.0,2960.0
Cuencas Internas de Cataluña,2006,4,0.7601,2250.0,2960.0
Cuencas Internas de Cataluña,2006,5,0.7851,2905.0,3700.0
Cuencas Internas de Cataluña,2006,6,0.7372,2182.0,2960.0
Cuencas Internas de Cataluña,2006,7,0.6669,1974.0,2960.0
Cuencas Internas de Cataluña,2006,8,0.6032,2232.0,3700.0
Cuencas Internas de Cataluña,2006,9,0.5764,1706.0,2960.0
Cuencas Internas de Cataluña,2006,10,0.5611,2076.0,3700.0
Cuencas Internas de Cataluña,2006,11,0.5297,1568.0,2960.0
Cuencas Internas de Cataluña,2006,12,0.5,1480.0,2960.0
Cuencas Internas de Cataluña,2007,1,0.4638,1716.0,3700.0
Cuencas Internas de Cataluña,2007,2,0.4257,1260.0,2960.0
Cuencas Internas de Cataluña,2007,3,0.3936,1165.0,2960.0
Cuencas Internas de Cataluña,2007,4,0.4267,1263.0,2960.0
Cuencas Internas de Cataluña,2007,5,0.5132,1899.0,3700.0
Cuencas Internas de Cataluña,2007,6,0.5159,1527.0,2960.0
Cuencas Internas de Cataluña,2007,7,0.4608,1705.0,3700.0
Cuencas Internas de Cataluña,2007,8,0.399,1181.0,2960.0
Cuencas Internas de Cataluña,2007,9,0.3628,1074.0,2960.0
Cuencas Internas de Cataluña,2007,10,0.3176,1175.0,3700.0
Cuencas Internas de Cataluña,2007,11,0.2875,851.0,2960.0
Cuencas Internas de Cataluña,2007,12,0.2625,777.0,2960.0
Cuencas Internas de Cataluña,2008,1,0.24,888.0,3700.0
Cuencas Internas de Cataluña,2008,2,0.2213,655.0,2960.0
Cuencas Internas de Cataluña,2008,3,0.2061,610.0,2960.0
Cuencas Internas de Cataluña,2008,4,0.2076,768.0,3700.0
Cuencas Internas de Cataluña,2008,5,0.2916,863.0,2960.0
Cuencas Internas de Cataluña,2008,6,0.547,1619.0,2960.0
Cuencas Internas de Cataluña,2008,7,0.6114,2262.0,3700.0
Cuencas Internas de Cataluña,2008,8,0.5885,1742.0,2960.0
Cuencas Internas de Cataluña,2008,9,0.5641,2087.0,3700.0
Cuencas Internas de Cataluña,2008,10,0.5297,1568.0,2960.0
Cuencas Internas de Cataluña,2008,11,0.6142,1818.0,2960.0
Cuencas Internas de Cataluña,2008,12,0.6392,2365.0,3700.0
Cuencas Internas de Cataluña,2009,1,0.7118,2107.0,2960.0
Cuencas Internas de Cataluña,2009,2,0.7895,2337.0,2960.0
Cuencas Internas de Cataluña,2009,3,0.8108,3000.0,3700.0
Cuencas Internas de Cataluña,2009,4,0.8382,2481.0,2960.0
Cuencas Internas de Cataluña,2009,5,0.8324,2464.0,2960.0
Cuencas Internas de Cataluña,2009,6,0.8324,3080.0,3700.0
Cuencas Internas de Cataluña,2009,7,0.8047,2382.0,2960.0
Cuencas Internas de Cataluña,2009,8,0.7517,2225.0,2960.0
Cuencas Internas de Cataluña,2009,9,0.6897,2552.0,3700.0
Cuencas Internas de Cataluña,2009,10,0.648,1918.0,2960.0
Cuencas Internas de Cataluña,2009,11,0.6351,1880.0,2960.0
Cuencas Internas de Cataluña,2009,12,0.6065,2244.0,3700.0
Cuencas Internas de Cataluña,2010,1,0.6233,1845.0,2960.0
Cuencas Internas de Cataluña,2010,2,0.6301,1865.0,2960.0
Cuencas Internas de Cataluña,2010,3,0.6768,2504.0,3700.0
Cuencas Internas de Cataluña,2010,4,0.7253,2147.0,2960.0
Cuencas Internas de Cataluña,2010,5,0.8034,2378.0,2960.0
Cuencas Internas de Cataluña,2010,6,0.8416,3114.0,3700.0
Cuencas Internas de Cataluña,2010,7,0.8152,2413.0,2960.0
Cuencas Internas de Cataluña,2010,8,0.7808,2889.0,3700.0
Cuencas Internas de Cataluña,2010,9,0.7527,2228.0,2960.0
Cuencas Internas de Cataluña,2010,10,0.7875,2331.0,2960.0
Cuencas Internas de Cataluña,2010,11,0.8243,3050.0,3700.0
Cuencas Internas de Cataluña,2010,12,0.7916,2343.0,2960.0
Cuencas Internas de Cataluña,2011,1,0.7767,2299.0,2960.0
Cuencas Internas de Cataluña,2011,2,0.7578,2243.0,2960.0
Cuencas Internas de Cataluña,2011,3,0.8037,2961.0,3684.0
Cuencas Internas de Cataluña,2011,4,0.8706,2563.0,2944.0
Cuencas Internas de Cataluña,2011,5,0.8742,3217.0,3680.0
Cuencas Internas de Cataluña,2011,6,0.8849,2605.0,2944.0
Cuencas Internas de Cataluña,2011,7,0.8471,2494.0,2944.0
Cuencas Internas de Cataluña,2011,8,0.8152,3000.0,3680.0
Cuencas Internas de Cataluña,2011,9,0.7619,2243.0,2944.0
Cuencas Internas de Cataluña,2011,10,0.714,2102.0,2944.0
Cuencas Internas de Cataluña,2011,11,0.7818,2877.0,3680.0
Cuencas Internas de Cataluña,2011,12,0.8536,2513.0,2944.0
Cuencas Internas de Cataluña,2012,1,0.8245,3034.0,3680.0
Cuencas Internas de Cataluña,2012,2,0.7921,2332.0,2944.0
Cuencas Internas de Cataluña,2012,3,0.7653,2253.0,2944.0
Cuencas Internas de Cataluña,2012,4,0.7799,2296.0,2944.0
Cuencas Internas de Cataluña,2012,5,0.8033,2956.0,3680.0
Cuencas Internas de Cataluña,2012,6,0.7989,2352.0,2944.0
Cuencas Internas de Cataluña,2012,7,0.7223,2658.0,3680.0
Cuencas Internas de Cataluña,2012,8,0.6311,1858.0,2944.0
Cuencas Internas de Cataluña,2012,9,0.5645,1662.0,2944.0
Cuencas Internas de Cataluña,2012,10,0.5255,1934.0,3680.0
Cuencas Internas de Cataluña,2012,11,0.5775,1564.0,2708.0
Cuencas Internas de Cataluña,2012,12,0.5661,1533.0,2708.0
Cuencas Internas de Cataluña,2013,1,0.5421,1835.0,3385.0
Cuencas Internas de Cataluña,2013,2,0.5199,1408.0,2708.0
Cuencas Internas de Cataluña,2013,3,0.6233,1688.0,2708.0
Cuencas Internas de Cataluña,2013,4,0.7173,2428.0,3385.0
Cuencas Internas de Cataluña,2013,5,0.9044,2449.0,2708.0
Cuencas Internas de Cataluña,2013,6,0.966,2616.0,2708.0
Cuencas Internas de Cataluña,2013,7,0.9388,3178.0,3385.0
Cuencas Internas de Cataluña,2013,8,0.9106,2466.0,2708.0
Cuencas Internas de Cataluña,2013,9,0.89,2410.0,2708.0
Cuencas Internas de Cataluña,2013,10,0.8363,2831.0,3385.0
Cuencas Internas de Cataluña,2013,11,0.8098,2193.0,2708.0
Cuencas Internas de Cataluña,2013,12,0.8195,2774.0,3385.0
Cuencas Internas de Cataluña,2014,1,0.7891,2137.0,2708.0
Cuencas Internas de Cataluña,2014,2,0.7747,2098.0,2708.0
Cuencas Internas de Cataluña,2014,3,0.7722,2091.0,2708.0
Cuencas Internas de Cataluña,2014,4,0.8065,2730.0,3385.0
Cuencas Internas de Cataluña,2014,5,0.8541,2313.0,2708.0
Cuencas Internas de Cataluña,2014,6,0.8401,2275.0,2708.0
Cuencas Internas de Cataluña,2014,7,0.8139,2755.0,3385.0
Cuencas Internas de Cataluña,2014,8,0.8024,2173.0,2708.0
Cuencas Internas de Cataluña,2014,9,0.8363,2831.0,3385.0
Cuencas Internas de Cataluña,2014,10,0.8534,2311.0,2708.0
Cuencas Internas de Cataluña,2014,11,0.8257,2236.0,2708.0
Cuencas Internas de Cataluña,2014,12,0.9326,3157.0,3385.0
Cuencas Internas de Cataluña,2015,1,0.9099,2464.0,2708.0
Cuencas Internas de Cataluña,2015,2,0.9062,2454.0,2708.0
Cuencas Internas de Cataluña,2015,3,0.9016,3052.0,3385.0
Cuencas Internas de Cataluña,2015,4,0.9365,2536.0,2708.0
Cuencas Internas de Cataluña,2015,5,0.9202,2492.0,2708.0
Cuencas Internas de Cataluña,2015,6,0.8721,2952.0,3385.0
Cuencas Internas de Cataluña,2015,7,0.7976,2160.0,2708.0
Cuencas Internas de Cataluña,2015,8,0.7496,2030.0,2708.0
Cuencas Internas de Cataluña,2015,9,0.7137,2416.0,3385.0
Cuencas Internas de Cataluña,2015,10,0.6902,1869.0,2708.0
Cuencas Internas de Cataluña,2015,11,0.7448,2017.0,2708.0
Cuencas Internas de Cataluña,2015,12,0.7666,2595.0,3385.0
Cuencas Internas de Cataluña,2016,1,0.7297,1976.0,2708.0
Cuencas Internas de Cataluña,2016,2,0.688,1863.0,2708.0
Cuencas Internas de Cataluña,2016,3,0.6623,2242.0,3385.0
Cuencas Internas de Cataluña,2016,4,0.6699,1814.0,2708.0
Cuencas Internas de Cataluña,2016,5,0.7288,2467.0,3385.0
Cuencas Internas de Cataluña,2016,6,0.7818,2117.0,2708.0
Cuencas Internas de Cataluña,2016,7,0.7386,2000.0,2708.0
Cuencas Internas de Cataluña,2016,8,0.6706,2270.0,3385.0
Cuencas Internas de Cataluña,2016,9,0.61,1652.0,2708.0
Cuencas Internas de Cataluña,2016,10,0.5432,1471.0,2708.0
Cuencas Internas de Cataluña,2016,11,0.5344,1809.0,3385.0
Cuencas Internas de Cataluña,2016,12,0.5864,1588.0,2708.0
Cuencas Internas de Cataluña,2017,1,0.5941,2011.0,3385.0
Cuencas Internas de Cataluña,2017,2,0.6761,1831.0,2708.0
Cuencas Internas de Cataluña,2017,3,0.7736,2095.0,2708.0
Cuencas Internas de Cataluña,2017,4,0.8578,2323.0,2708.0
Cuencas Internas de Cataluña,2017,5,0.8801,2979.0,3385.0
Cuencas Internas de Cataluña,2017,6,0.8416,2279.0,2708.0
Cuencas Internas de Cataluña,2017,7,0.7703,2086.0,2708.0
Cuencas Internas de Cataluña,2017,8,0.6771,2292.0,3385.0
Cuencas Internas de Cataluña,2017,9,0.6012,1628.0,2708.0
Cuencas Internas de Cataluña,2017,10,0.548,1855.0,3385.0
Cuencas Internas de Cataluña,2017,11,0.5052,1368.0,2708.0
Cuencas Internas de Cataluña,2017,12,0.4671,1265.0,2708.0
Cuencas Internas de Cataluña,2018,1,0.4455,1508.0,3385.0
Cuencas Internas de Cataluña,2018,2,0.4609,1248.0,2708.0
Cuencas Internas de Cataluña,2018,3,0.5628,1524.0,2708.0
Cuencas Internas de Cataluña,2018,4,0.6846,1854.0,2708.0
Cuencas Internas de Cataluña,2018,5,0.8668,2934.0,3385.0
Cuencas Internas de Cataluña,2018,6,0.9261,2508.0,2708.0
Cuencas Internas de Cataluña,2018,7,0.9007,3049.0,3385.0
Cuencas Internas de Cataluña,2018,8,0.866,2345.0,2708.0
Cuencas Internas de Cataluña,2018,9,0.8733,2365.0,2708.0
Cuencas Internas de Cataluña,2018,10,0.8623,2919.0,3385.0
Cuencas Internas de Cataluña,2018,11,0.9117,2469.0,2708.0
Cuencas Internas de Cataluña,2018,12,0.8973,2430.0,2708.0
Cuencas Internas de Cataluña,2019,1,0.8984,3041.0,3385.0
Cuencas Internas de Cataluña,2019,2,0.8855,2398.0,2708.0
Cuencas Internas de Cataluña,2019,3,0.8689,2353.0,2708.0
Cuencas Internas de Cataluña,2019,4,0.8431,2854.0,3385.0
Cuencas Internas de Cataluña,2019,5,0.8586,2325.0,2708.0
Cuencas Internas de Cataluña,2019,6,0.8434,2284.0,2708.0
Cuencas Internas de Cataluña,2019,7,0.7663,2594.0,3385.0
Cuencas Internas de Cataluña,2019,8,0.6761,1831.0,2708.0
Cuencas Internas de Cataluña,2019,9,0.6016,1629.0,2708.0
Cuencas Internas de Cataluña,2019,10,0.5622,1903.0,3385.0
Cuencas Internas de Cataluña,2019,11,0.5827,1578.0,2708.0
Cuencas Internas de Cataluña,2019,12,0.6233,2110.0,3385.0
Cuencas Internas de Cataluña,2020,1,0.7925,2146.0,2708.0
Cuencas Internas de Cataluña,2020,2,0.9372,2538.0,2708.0
Cuencas Internas de Cataluña,2020,3,0.9285,3143.0,3385.0
Cuencas Internas de Cataluña,2020,4,0.9505,2574.0,2708.0
Cuencas Internas de Cataluña,2020,5,0.9465,2563.0,2708.0
Cuencas Internas de Cataluña,2020,6,0.9406,3184.0,3385.0
Cuencas Internas de Cataluña,2020,7,0.9239,2502.0,2708.0
Cuencas Internas de Cataluña,2020,8,0.8929,2418.0,2708.0
Cuencas Internas de Cataluña,2020,9,0.8541,2891.0,3385.0
Cuencas Internas de Cataluña,2020,10,0.8401,2275.0,2708.0
Cuencas Internas de Cataluña,2020,11,0.8386,2271.0,2708.0
Cuencas Internas de Cataluña,2020,12,0.8588,2907.0,3385.0
Cuencas Internas de Cataluña,2021,1,0.8564,2319.0,2708.0
Cuencas Internas de Cataluña,2021,2,0.8516,2306.0,2708.0
Cuencas Internas de Cataluña,2021,3,0.8774,2970.0,3385.0
Cuencas Internas de Cataluña,2021,4,0.8711,2359.0,2708.0
Cuencas Internas de Cataluña,2021,5,0.9003,2438.0,2708.0
Cuencas Internas de Cataluña,2021,6,0.9031,3057.0,3385.0
Cuencas Internas de Cataluña,2021,7,0.8578,2323.0,2708.0
Cuencas Internas de Cataluña,2021,8,0.7725,2615.0,3385.0
Cuencas Internas de Cataluña,2021,9,0.7149,1936.0,2708.0
Cuencas Internas de Cataluña,2021,10,0.6883,1864.0,2708.0
Cuencas Internas de Cataluña,2021,11,0.6467,2189.0,3385.0
Cuencas Internas de Cataluña,2021,12,0.6244,1691.0,2708.0
Cuencas Internas de Cataluña,2022,1,0.5934,1607.0,2708.0
Cuencas Internas de Cataluña,2022,2,0.5602,1517.0,2708.0
Cuencas Internas de Cataluña,2022,3,0.5406,1830.0,3385.0
Cuencas Internas de Cataluña,2022,4,0.582,1576.0,2708.0
Cuencas Internas de Cataluña,2022,5,0.5973,2022.0,3385.0
Cuencas Internas de Cataluña,2022,6,0.5654,1531.0,2708.0
Cuencas Internas de Cataluña,2022,7,0.4919,1332.0,2708.0
Cuencas Internas de Cataluña,2022,8,0.4109,1391.0,3385.0
Cuencas Internas de Cataluña,2022,9,0.3785,1025.0,2708.0
Cuencas Internas de Cataluña,2022,10,0.3711,1005.0,2708.0
Cuencas Internas de Cataluña,2022,11,0.3462,1172.0,3385.0
Cuencas Internas de Cataluña,2022,12,0.3216,871.0,2708.0
Cuencas Internas de Cataluña,2023,1,0.3058,1035.0,3385.0
Cuencas Internas de Cataluña,2023,2,0.2851,772.0,2708.0
Cuencas Internas de Cataluña,2023,3,0.2733,740.0,2708.0
Cuencas Internas de Cataluña,2023,4,0.2629,712.0,2708.0
Cuencas Internas de Cataluña,2023,5,0.2541,860.0,3385.0
Cuencas Internas de Cataluña,2023,6,0.2843,770.0,2708.0
Cuencas Internas de Cataluña,2023,7,0.3006,814.0,2708.0
Cuencas Internas de Cataluña,2023,8,0.2612,884.0,3385.0
Cuencas Internas de Cataluña,2023,9,0.2312,626.0,2708.0
Cuencas Internas de Cataluña,2023,10,0.2068,700.0,3385.0
Cuencas Internas de Cataluña,2023,11,0.1883,510.0,2708.0
Cuencas Internas de Cataluña,2023,12,0.175,474.0,2708.0
Cuencas Internas de Cataluña,2024,1,0.1643,556.0,3385.0
Cuencas Internas de Cataluña,2024,2,0.1525,413.0,2708.0
Cuencas Internas de Cataluña,2024,3,0.1496,405.0,2708.0
Cuencas Internas de Cataluña,2024,4,0.1767,598.0,3385.0
Cuencas Internas de Cataluña,2024,5,0.2629,712.0,2708.0
Cuencas Internas de Cataluña,2024,6,0.3427,928.0,2708.0
Cuencas Internas de Cataluña,2024,7,0.3643,1233.0,3385.0
Cuencas Internas de Cataluña,2024,8,0.3287,890.0,2708.0
Cuencas Internas de Cataluña,2024,9,0.3006,814.0,2708.0
Cuencas Internas de Cataluña,2024,10,0.2824,956.0,3385.0
Cuencas Internas de Cataluña,2024,11,0.3353,908.0,2708.0
Cuencas Internas de Cataluña,2024,12,0.3412,1155.0,3385.0
Cuencas Internas de Cataluña,2025,1,0.3294,892.0,2708.0
Cuencas Internas de Cataluña,2025,2,0.3157,855.0,2708.0
Cuencas Internas de Cataluña,2025,3,0.4069,1102.0,2708.0
Cuencas Internas de Cataluña,2025,4,0.6603,2235.0,3385.0
Cuencas Internas de Cataluña,2025,5,0.7766,2103.0,2708.0
Cuencas Internas de Cataluña,2025,6,0.8209,2223.0,2708.0
Cuencas Internas de Cataluña,2025,7,0.7835,2652.0,3385.0
Cuencas Internas de Cataluña,2025,8,0.7526,2038.0,2708.0
Cuencas Internas de Cataluña,2025,9,0.7318,2477.0,3385.0
Cuencas Internas de Cataluña,2025,10,0.7393,2002.0,2708.0
Cuencas Internas de Cataluña,2025,11,0.7234,1959.0,2708.0
Cuencas Internas de Cataluña,2025,12,0.7176,2429.0,3385.0
Cuencas Internas de Cataluña,2026,1,0.8648,2342.0,2708.0
Cuencas Internas de Cataluña,2026,2,0.9213,2495.0,2708.0
Cuencas Internas de Cataluña,2026,3,0.9235,3126.0,3385.0
Cuencas Internas de Cataluña,2026,4,0.9077,2458.0,2708.0
Cuencas Internas de Cataluña,2026,5,0.9273,2511.0,2708.0
Cuencas Internas de Cataluña,2026,6,0.9303,3149.0,3385.0
Cuencas Internas de Cataluña,2026,7,0.8796,1191.0,1354.0
Cuencas Internas del País Vasco,1988,1,0.75,30.0,40.0
Cuencas Internas del País Vasco,1988,2,0.9,36.0,40.0
Cuencas Internas del País Vasco,1988,3,0.98,49.0,50.0
Cuencas Internas del País Vasco,1988,4,1.0,40.0,40.0
Cuencas Internas del País Vasco,1988,5,1.0,50.0,50.0
Cuencas Internas del País Vasco,1988,6,1.0,40.0,40.0
Cuencas Internas del País Vasco,1988,7,0.9,36.0,40.0
Cuencas Internas del País Vasco,1988,8,0.9,45.0,50.0
Cuencas Internas del País Vasco,1988,9,0.925,37.0,40.0
Cuencas Internas del País Vasco,1988,10,0.8,32.0,40.0
Cuencas Internas del País Vasco,1988,11,0.78,39.0,50.0
Cuencas Internas del País Vasco,1988,12,0.725,29.0,40.0
Cuencas Internas del País Vasco,1989,1,0.66,33.0,50.0
Cuencas Internas del País Vasco,1989,2,0.6,24.0,40.0
Cuencas Internas del País Vasco,1989,3,0.6,24.0,40.0
Cuencas Internas del País Vasco,1989,4,0.675,27.0,40.0
Cuencas Internas del País Vasco,1989,5,0.8,40.0,50.0
Cuencas Internas del País Vasco,1989,6,0.8,32.0,40.0
Cuencas Internas del País Vasco,1989,7,0.775,31.0,40.0
Cuencas Internas del País Vasco,1989,8,0.7,35.0,50.0
Cuencas Internas del País Vasco,1989,9,0.625,25.0,40.0
Cuencas Internas del País Vasco,1989,10,0.6,30.0,50.0
Cuencas Internas del País Vasco,1989,11,0.6,24.0,40.0
Cuencas Internas del País Vasco,1989,12,0.525,21.0,40.0
Cuencas Internas del País Vasco,1990,1,0.5,25.0,50.0
Cuencas Internas del País Vasco,1990,2,0.5,20.0,40.0
Cuencas Internas del País Vasco,1990,3,0.5,20.0,40.0
Cuencas Internas del País Vasco,1990,4,0.525,21.0,40.0
Cuencas Internas del País Vasco,1990,5,0.66,33.0,50.0
Cuencas Internas del País Vasco,1990,6,0.625,25.0,40.0
Cuencas Internas del País Vasco,1990,7,0.6,30.0,50.0
Cuencas Internas del País Vasco,1990,8,0.55,22.0,40.0
Cuencas Internas del País Vasco,1990,9,0.525,21.0,40.0
Cuencas Internas del País Vasco,1990,10,0.5,25.0,50.0
Cuencas Internas del País Vasco,1990,11,0.475,19.0,40.0
Cuencas Internas del País Vasco,1990,12,0.55,22.0,40.0
Cuencas Internas del País Vasco,1991,1,0.64,32.0,50.0
Cuencas Internas del País Vasco,1991,2,0.675,27.0,40.0
Cuencas Internas del País Vasco,1991,3,0.7,28.0,40.0
Cuencas Internas del País Vasco,1991,4,0.86,43.0,50.0
Cuencas Internas del País Vasco,1991,5,1.0,40.0,40.0
Cuencas Internas del País Vasco,1991,6,0.975,39.0,40.0
Cuencas Internas del País Vasco,1991,7,0.86,43.0,50.0
Cuencas Internas del País Vasco,1991,8,0.85,34.0,40.0
Cuencas Internas del País Vasco,1991,9,0.8,32.0,40.0
Cuencas Internas del País Vasco,1991,10,0.72,36.0,50.0
Cuencas Internas del País Vasco,1991,11,0.775,31.0,40.0
Cuencas Internas del País Vasco,1991,12,0.86,43.0,50.0
Cuencas Internas del País Vasco,1992,1,0.8,32.0,40.0
Cuencas Internas del País Vasco,1992,2,0.8,32.0,40.0
Cuencas Internas del País Vasco,1992,3,0.72,36.0,50.0
Cuencas Internas del País Vasco,1992,4,0.875,35.0,40.0
Cuencas Internas del País Vasco,1992,5,0.925,37.0,40.0
Cuencas Internas del País Vasco,1992,6,0.92,46.0,50.0
Cuencas Internas del País Vasco,1992,7,0.95,38.0,40.0
Cuencas Internas del País Vasco,1992,8,0.8571,72.0,84.0
Cuencas Internas del País Vasco,1992,9,0.8095,85.0,105.0
Cuencas Internas del País Vasco,1992,10,0.8571,72.0,84.0
Cuencas Internas del País Vasco,1992,11,0.8095,68.0,84.0
Cuencas Internas del País Vasco,1992,12,0.8095,85.0,105.0
Cuencas Internas del País Vasco,1993,1,0.7619,64.0,84.0
Cuencas Internas del País Vasco,1993,2,0.7619,64.0,84.0
Cuencas Internas del País Vasco,1993,3,0.8762,92.0,105.0
Cuencas Internas del País Vasco,1993,4,0.9405,79.0,84.0
Cuencas Internas del País Vasco,1993,5,0.9524,80.0,84.0
Cuencas Internas del País Vasco,1993,6,0.9238,97.0,105.0
Cuencas Internas del País Vasco,1993,7,0.9286,78.0,84.0
Cuencas Internas del País Vasco,1993,8,0.8571,90.0,105.0
Cuencas Internas del País Vasco,1993,9,0.8333,70.0,84.0
Cuencas Internas del País Vasco,1993,10,0.8929,75.0,84.0
Cuencas Internas del País Vasco,1993,11,0.9048,95.0,105.0
Cuencas Internas del País Vasco,1993,12,0.9286,78.0,84.0
Cuencas Internas del País Vasco,1994,1,0.9167,77.0,84.0
Cuencas Internas del País Vasco,1994,2,0.9524,80.0,84.0
Cuencas Internas del País Vasco,1994,3,0.9524,100.0,105.0
Cuencas Internas del País Vasco,1994,4,0.9524,80.0,84.0
Cuencas Internas del País Vasco,1994,5,0.9333,98.0,105.0
Cuencas Internas del País Vasco,1994,6,0.8571,72.0,84.0
Cuencas Internas del País Vasco,1994,7,0.8095,68.0,84.0
Cuencas Internas del País Vasco,1994,8,0.7429,78.0,105.0
Cuencas Internas del País Vasco,1994,9,0.6548,55.0,84.0
Cuencas Internas del País Vasco,1994,10,0.619,52.0,84.0
Cuencas Internas del País Vasco,1994,11,0.619,65.0,105.0
Cuencas Internas del País Vasco,1994,12,0.631,53.0,84.0
Cuencas Internas del País Vasco,1995,1,0.8381,88.0,105.0
Cuencas Internas del País Vasco,1995,2,0.881,74.0,84.0
Cuencas Internas del País Vasco,1995,3,0.9167,77.0,84.0
Cuencas Internas del País Vasco,1995,4,0.8571,72.0,84.0
Cuencas Internas del País Vasco,1995,5,0.8571,90.0,105.0
Cuencas Internas del País Vasco,1995,6,0.7619,64.0,84.0
Cuencas Internas del País Vasco,1995,7,0.7381,62.0,84.0
Cuencas Internas del País Vasco,1995,8,0.6667,70.0,105.0
Cuencas Internas del País Vasco,1995,9,0.5952,50.0,84.0
Cuencas Internas del País Vasco,1995,10,0.5524,58.0,105.0
Cuencas Internas del País Vasco,1995,11,0.4762,40.0,84.0
Cuencas Internas del País Vasco,1995,12,0.4881,41.0,84.0
Cuencas Internas del País Vasco,1996,1,0.5238,55.0,105.0
Cuencas Internas del País Vasco,1996,2,0.6429,54.0,84.0
Cuencas Internas del País Vasco,1996,3,0.8571,72.0,84.0
Cuencas Internas del País Vasco,1996,4,0.9048,95.0,105.0
Cuencas Internas del País Vasco,1996,5,0.869,73.0,84.0
Cuencas Internas del País Vasco,1996,6,0.8214,69.0,84.0
Cuencas Internas del País Vasco,1996,7,0.7714,81.0,105.0
Cuencas Internas del País Vasco,1996,8,0.7619,64.0,84.0
Cuencas Internas del País Vasco,1996,9,0.7619,64.0,84.0
Cuencas Internas del País Vasco,1996,10,0.7619,80.0,105.0
Cuencas Internas del País Vasco,1996,11,0.7381,62.0,84.0
Cuencas Internas del País Vasco,1996,12,0.9619,101.0,105.0
Cuencas Internas del País Vasco,1997,1,0.9881,83.0,84.0
Cuencas Internas del País Vasco,1997,2,0.9881,83.0,84.0
Cuencas Internas del País Vasco,1997,3,0.8929,75.0,84.0
Cuencas Internas del País Vasco,1997,4,0.819,86.0,105.0
Cuencas Internas del País Vasco,1997,5,0.8095,68.0,84.0
Cuencas Internas del País Vasco,1997,6,0.8452,71.0,84.0
Cuencas Internas del País Vasco,1997,7,0.8286,87.0,105.0
Cuencas Internas del País Vasco,1997,8,0.8452,71.0,84.0
Cuencas Internas del País Vasco,1997,9,0.8381,88.0,105.0
Cuencas Internas del País Vasco,1997,10,0.7619,64.0,84.0
Cuencas Internas del País Vasco,1997,11,0.7619,64.0,84.0
Cuencas Internas del País Vasco,1997,12,0.8762,92.0,105.0
Cuencas Internas del País Vasco,1998,1,0.8929,75.0,84.0
Cuencas Internas del País Vasco,1998,2,0.8929,75.0,84.0
Cuencas Internas del País Vasco,1998,3,0.9143,96.0,105.0
Cuencas Internas del País Vasco,1998,4,0.9048,76.0,84.0
Cuencas Internas del País Vasco,1998,5,0.9167,77.0,84.0
Cuencas Internas del País Vasco,1998,6,0.8571,90.0,105.0
Cuencas Internas del País Vasco,1998,7,0.7976,67.0,84.0
Cuencas Internas del País Vasco,1998,8,0.7262,61.0,84.0
Cuencas Internas del País Vasco,1998,9,0.7048,74.0,105.0
Cuencas Internas del País Vasco,1998,10,0.8095,68.0,84.0
Cuencas Internas del País Vasco,1998,11,0.8571,72.0,84.0
Cuencas Internas del País Vasco,1998,12,0.9714,102.0,105.0
Cuencas Internas del País Vasco,1999,1,0.9762,82.0,84.0
Cuencas Internas del País Vasco,1999,2,0.9762,82.0,84.0
Cuencas Internas del País Vasco,1999,3,0.9714,102.0,105.0
Cuencas Internas del País Vasco,1999,4,0.9762,82.0,84.0
Cuencas Internas del País Vasco,1999,5,0.9167,77.0,84.0
Cuencas Internas del País Vasco,1999,6,0.8952,94.0,105.0
Cuencas Internas del País Vasco,1999,7,0.8095,68.0,84.0
Cuencas Internas del País Vasco,1999,8,0.7429,78.0,105.0
Cuencas Internas del País Vasco,1999,9,0.6667,56.0,84.0
Cuencas Internas del País Vasco,1999,10,0.5952,50.0,84.0
Cuencas Internas del País Vasco,1999,11,0.5714,60.0,105.0
Cuencas Internas del País Vasco,1999,12,0.6786,57.0,84.0
Cuencas Internas del País Vasco,2000,1,0.7976,67.0,84.0
Cuencas Internas del País Vasco,2000,2,0.7619,80.0,105.0
Cuencas Internas del País Vasco,2000,3,0.8095,68.0,84.0
Cuencas Internas del País Vasco,2000,4,0.8333,70.0,84.0
Cuencas Internas del País Vasco,2000,5,0.8571,90.0,105.0
Cuencas Internas del País Vasco,2000,6,0.8095,68.0,84.0
Cuencas Internas del País Vasco,2000,7,0.7738,65.0,84.0
Cuencas Internas del País Vasco,2000,8,0.7238,76.0,105.0
Cuencas Internas del País Vasco,2000,9,0.6786,57.0,84.0
Cuencas Internas del País Vasco,2000,10,0.6667,70.0,105.0
Cuencas Internas del País Vasco,2000,11,0.7381,62.0,84.0
Cuencas Internas del País Vasco,2000,12,0.75,63.0,84.0
Cuencas Internas del País Vasco,2001,1,0.8286,87.0,105.0
Cuencas Internas del País Vasco,2001,2,0.9167,77.0,84.0
Cuencas Internas del País Vasco,2001,3,0.9524,80.0,84.0
Cuencas Internas del País Vasco,2001,4,1.0,84.0,84.0
Cuencas Internas del País Vasco,2001,5,0.9619,101.0,105.0
Cuencas Internas del País Vasco,2001,6,0.8929,75.0,84.0
Cuencas Internas del País Vasco,2001,7,0.819,86.0,105.0
Cuencas Internas del País Vasco,2001,8,0.7738,65.0,84.0
Cuencas Internas del País Vasco,2001,9,0.7262,61.0,84.0
Cuencas Internas del País Vasco,2001,10,0.6381,67.0,105.0
Cuencas Internas del País Vasco,2001,11,0.619,52.0,84.0
Cuencas Internas del País Vasco,2001,12,0.6071,51.0,84.0
Cuencas Internas del País Vasco,2002,1,0.5714,60.0,105.0
Cuencas Internas del País Vasco,2002,2,0.5952,50.0,84.0
Cuencas Internas del País Vasco,2002,3,0.6429,54.0,84.0
Cuencas Internas del País Vasco,2002,4,0.6667,70.0,105.0
Cuencas Internas del País Vasco,2002,5,0.75,63.0,84.0
Cuencas Internas del País Vasco,2002,6,0.7262,61.0,84.0
Cuencas Internas del País Vasco,2002,7,0.6952,73.0,105.0
Cuencas Internas del País Vasco,2002,8,0.6548,55.0,84.0
Cuencas Internas del País Vasco,2002,9,0.6667,56.0,84.0
Cuencas Internas del País Vasco,2002,10,0.619,65.0,105.0
Cuencas Internas del País Vasco,2002,11,0.6905,58.0,84.0
Cuencas Internas del País Vasco,2002,12,0.8762,92.0,105.0
Cuencas Internas del País Vasco,2003,1,0.9286,78.0,84.0
Cuencas Internas del País Vasco,2003,2,1.0,84.0,84.0
Cuencas Internas del País Vasco,2003,3,0.9405,79.0,84.0
Cuencas Internas del País Vasco,2003,4,0.9048,95.0,105.0
Cuencas Internas del País Vasco,2003,5,0.9405,79.0,84.0
Cuencas Internas del País Vasco,2003,6,0.8929,75.0,84.0
Cuencas Internas del País Vasco,2003,7,0.819,86.0,105.0
Cuencas Internas del País Vasco,2003,8,0.7262,61.0,84.0
Cuencas Internas del País Vasco,2003,9,0.6476,68.0,105.0
Cuencas Internas del País Vasco,2003,10,0.5714,48.0,84.0
Cuencas Internas del País Vasco,2003,11,0.5714,48.0,84.0
Cuencas Internas del País Vasco,2003,12,0.6667,70.0,105.0
Cuencas Internas del País Vasco,2004,1,0.8929,75.0,84.0
Cuencas Internas del País Vasco,2004,2,0.9167,77.0,84.0
Cuencas Internas del País Vasco,2004,3,0.9714,102.0,105.0
Cuencas Internas del País Vasco,2004,4,0.9881,83.0,84.0
Cuencas Internas del País Vasco,2004,5,0.9881,83.0,84.0
Cuencas Internas del País Vasco,2004,6,0.9143,96.0,105.0
Cuencas Internas del País Vasco,2004,7,0.8333,70.0,84.0
Cuencas Internas del País Vasco,2004,8,0.7524,79.0,105.0
Cuencas Internas del País Vasco,2004,9,0.6667,56.0,84.0
Cuencas Internas del País Vasco,2004,10,0.5952,50.0,84.0
Cuencas Internas del País Vasco,2004,11,0.6286,66.0,105.0
Cuencas Internas del País Vasco,2004,12,0.6667,56.0,84.0
Cuencas Internas del País Vasco,2005,1,0.8333,70.0,84.0
Cuencas Internas del País Vasco,2005,2,0.9524,80.0,84.0
Cuencas Internas del País Vasco,2005,3,1.0,105.0,105.0
Cuencas Internas del País Vasco,2005,4,0.9762,82.0,84.0
Cuencas Internas del País Vasco,2005,5,0.9524,100.0,105.0
Cuencas Internas del País Vasco,2005,6,0.9048,76.0,84.0
Cuencas Internas del País Vasco,2005,7,0.8095,68.0,84.0
Cuencas Internas del País Vasco,2005,8,0.7333,77.0,105.0
Cuencas Internas del País Vasco,2005,9,0.6667,56.0,84.0
Cuencas Internas del País Vasco,2005,10,0.631,53.0,84.0
Cuencas Internas del País Vasco,2005,11,0.6857,72.0,105.0
Cuencas Internas del País Vasco,2005,12,0.9286,78.0,84.0
Cuencas Internas del País Vasco,2006,1,0.9619,101.0,105.0
Cuencas Internas del País Vasco,2006,2,0.9286,78.0,84.0
Cuencas Internas del País Vasco,2006,3,1.0,84.0,84.0
Cuencas Internas del País Vasco,2006,4,0.9286,78.0,84.0
Cuencas Internas del País Vasco,2006,5,0.9048,95.0,105.0
Cuencas Internas del País Vasco,2006,6,0.8452,71.0,84.0
Cuencas Internas del País Vasco,2006,7,0.75,63.0,84.0
Cuencas Internas del País Vasco,2006,8,0.6857,72.0,105.0
Cuencas Internas del País Vasco,2006,9,0.5952,50.0,84.0
Cuencas Internas del País Vasco,2006,10,0.5143,54.0,105.0
Cuencas Internas del País Vasco,2006,11,0.4762,40.0,84.0
Cuencas Internas del País Vasco,2006,12,0.4762,40.0,84.0
Cuencas Internas del País Vasco,2007,1,0.4381,46.0,105.0
Cuencas Internas del País Vasco,2007,2,0.5952,50.0,84.0
Cuencas Internas del País Vasco,2007,3,0.7738,65.0,84.0
Cuencas Internas del País Vasco,2007,4,0.9643,81.0,84.0
Cuencas Internas del País Vasco,2007,5,0.9238,97.0,105.0
Cuencas Internas del País Vasco,2007,6,0.9524,80.0,84.0
Cuencas Internas del País Vasco,2007,7,0.8762,92.0,105.0
Cuencas Internas del País Vasco,2007,8,0.7976,67.0,84.0
Cuencas Internas del País Vasco,2007,9,0.7619,64.0,84.0
Cuencas Internas del País Vasco,2007,10,0.7524,79.0,105.0
Cuencas Internas del País Vasco,2007,11,0.7262,61.0,84.0
Cuencas Internas del País Vasco,2007,12,0.7143,60.0,84.0
Cuencas Internas del País Vasco,2008,1,0.6762,71.0,105.0
Cuencas Internas del País Vasco,2008,2,0.6667,56.0,84.0
Cuencas Internas del País Vasco,2008,3,0.619,52.0,84.0
Cuencas Internas del País Vasco,2008,4,0.9333,98.0,105.0
Cuencas Internas del País Vasco,2008,5,0.9524,80.0,84.0
Cuencas Internas del País Vasco,2008,6,1.0,84.0,84.0
Cuencas Internas del País Vasco,2008,7,0.9714,102.0,105.0
Cuencas Internas del País Vasco,2008,8,0.9048,76.0,84.0
Cuencas Internas del País Vasco,2008,9,0.8,84.0,105.0
Cuencas Internas del País Vasco,2008,10,0.7143,60.0,84.0
Cuencas Internas del País Vasco,2008,11,0.8333,70.0,84.0
Cuencas Internas del País Vasco,2008,12,0.9619,101.0,105.0
Cuencas Internas del País Vasco,2009,1,0.9405,79.0,84.0
Cuencas Internas del País Vasco,2009,2,0.9524,80.0,84.0
Cuencas Internas del País Vasco,2009,3,0.9905,104.0,105.0
Cuencas Internas del País Vasco,2009,4,0.9881,83.0,84.0
Cuencas Internas del País Vasco,2009,5,0.9881,83.0,84.0
Cuencas Internas del País Vasco,2009,6,0.9333,98.0,105.0
Cuencas Internas del País Vasco,2009,7,0.8571,72.0,84.0
Cuencas Internas del País Vasco,2009,8,0.7857,66.0,84.0
Cuencas Internas del País Vasco,2009,9,0.7048,74.0,105.0
Cuencas Internas del País Vasco,2009,10,0.631,53.0,84.0
Cuencas Internas del País Vasco,2009,11,0.7619,64.0,84.0
Cuencas Internas del País Vasco,2009,12,0.8286,87.0,105.0
Cuencas Internas del País Vasco,2010,1,0.881,74.0,84.0
Cuencas Internas del País Vasco,2010,2,0.9643,81.0,84.0
Cuencas Internas del País Vasco,2010,3,0.9429,99.0,105.0
Cuencas Internas del País Vasco,2010,4,0.9048,76.0,84.0
Cuencas Internas del País Vasco,2010,5,0.9405,79.0,84.0
Cuencas Internas del País Vasco,2010,6,0.9429,99.0,105.0
Cuencas Internas del País Vasco,2010,7,0.9286,78.0,84.0
Cuencas Internas del País Vasco,2010,8,0.8381,88.0,105.0
Cuencas Internas del País Vasco,2010,9,0.7381,62.0,84.0
Cuencas Internas del País Vasco,2010,10,0.6786,57.0,84.0
Cuencas Internas del País Vasco,2010,11,0.6857,72.0,105.0
Cuencas Internas del País Vasco,2010,12,0.7738,65.0,84.0
Cuencas Internas del País Vasco,2011,1,0.8095,68.0,84.0
Cuencas Internas del País Vasco,2011,2,0.7619,64.0,84.0
Cuencas Internas del País Vasco,2011,3,0.8857,93.0,105.0
Cuencas Internas del País Vasco,2011,4,0.881,74.0,84.0
Cuencas Internas del País Vasco,2011,5,0.9048,95.0,105.0
Cuencas Internas del País Vasco,2011,6,0.8571,72.0,84.0
Cuencas Internas del País Vasco,2011,7,0.7857,66.0,84.0
Cuencas Internas del País Vasco,2011,8,0.7238,76.0,105.0
Cuencas Internas del País Vasco,2011,9,0.6429,54.0,84.0
Cuencas Internas del País Vasco,2011,10,0.5952,50.0,84.0
Cuencas Internas del País Vasco,2011,11,0.7238,76.0,105.0
Cuencas Internas del País Vasco,2011,12,0.7976,67.0,84.0
Cuencas Internas del País Vasco,2012,1,0.8952,94.0,105.0
Cuencas Internas del País Vasco,2012,2,0.8929,75.0,84.0
Cuencas Internas del País Vasco,2012,3,0.9167,77.0,84.0
Cuencas Internas del País Vasco,2012,4,0.9524,80.0,84.0
Cuencas Internas del País Vasco,2012,5,0.9714,102.0,105.0
Cuencas Internas del País Vasco,2012,6,0.9643,81.0,84.0
Cuencas Internas del País Vasco,2012,7,0.8762,92.0,105.0
Cuencas Internas del País Vasco,2012,8,0.7857,66.0,84.0
Cuencas Internas del País Vasco,2012,9,0.7143,60.0,84.0
Cuencas Internas del País Vasco,2012,10,0.6286,66.0,105.0
Cuencas Internas del País Vasco,2012,11,0.6667,56.0,84.0
Cuencas Internas del País Vasco,2012,12,0.869,73.0,84.0
Cuencas Internas del País Vasco,2013,1,0.8857,93.0,105.0
Cuencas Internas del País Vasco,2013,2,0.9643,81.0,84.0
Cuencas Internas del País Vasco,2013,3,0.9762,82.0,84.0
Cuencas Internas del País Vasco,2013,4,0.9714,102.0,105.0
Cuencas Internas del País Vasco,2013,5,0.9881,83.0,84.0
Cuencas Internas del País Vasco,2013,6,0.9881,83.0,84.0
Cuencas Internas del País Vasco,2013,7,0.9429,99.0,105.0
Cuencas Internas del País Vasco,2013,8,0.8571,72.0,84.0
Cuencas Internas del País Vasco,2013,9,0.7857,66.0,84.0
Cuencas Internas del País Vasco,2013,10,0.7048,74.0,105.0
Cuencas Internas del País Vasco,2013,11,0.7262,61.0,84.0
Cuencas Internas del País Vasco,2013,12,0.8762,92.0,105.0
Cuencas Internas del País Vasco,2014,1,0.8929,75.0,84.0
Cuencas Internas del País Vasco,2014,2,0.9762,82.0,84.0
Cuencas Internas del País Vasco,2014,3,0.9762,82.0,84.0
Cuencas Internas del País Vasco,2014,4,0.9238,97.0,105.0
Cuencas Internas del País Vasco,2014,5,0.9048,76.0,84.0
Cuencas Internas del País Vasco,2014,6,0.881,74.0,84.0
Cuencas Internas del País Vasco,2014,7,0.8476,89.0,105.0
Cuencas Internas del País Vasco,2014,8,0.7738,65.0,84.0
Cuencas Internas del País Vasco,2014,9,0.7048,74.0,105.0
Cuencas Internas del País Vasco,2014,10,0.6548,55.0,84.0
Cuencas Internas del País Vasco,2014,11,0.6071,51.0,84.0
Cuencas Internas del País Vasco,2014,12,0.7333,77.0,105.0
Cuencas Internas del País Vasco,2015,1,0.8571,72.0,84.0
Cuencas Internas del País Vasco,2015,2,0.9762,82.0,84.0
Cuencas Internas del País Vasco,2015,3,0.9619,101.0,105.0
Cuencas Internas del País Vasco,2015,4,0.9524,80.0,84.0
Cuencas Internas del País Vasco,2015,5,0.9524,80.0,84.0
Cuencas Internas del País Vasco,2015,6,0.9048,95.0,105.0
Cuencas Internas del País Vasco,2015,7,0.8571,72.0,84.0
Cuencas Internas del País Vasco,2015,8,0.8333,70.0,84.0
Cuencas Internas del País Vasco,2015,9,0.7333,77.0,105.0
Cuencas Internas del País Vasco,2015,10,0.6667,56.0,84.0
Cuencas Internas del País Vasco,2015,11,0.5952,50.0,84.0
Cuencas Internas del País Vasco,2015,12,0.6476,68.0,105.0
Cuencas Internas del País Vasco,2016,1,0.6071,51.0,84.0
Cuencas Internas del País Vasco,2016,2,0.7143,60.0,84.0
Cuencas Internas del País Vasco,2016,3,0.9524,100.0,105.0
Cuencas Internas del País Vasco,2016,4,1.0,84.0,84.0
Cuencas Internas del País Vasco,2016,5,0.9238,97.0,105.0
Cuencas Internas del País Vasco,2016,6,0.881,74.0,84.0
Cuencas Internas del País Vasco,2016,7,0.7857,66.0,84.0
Cuencas Internas del País Vasco,2016,8,0.7333,77.0,105.0
Cuencas Internas del País Vasco,2016,9,0.6429,54.0,84.0
Cuencas Internas del País Vasco,2016,10,0.6071,51.0,84.0
Cuencas Internas del País Vasco,2016,11,0.5429,57.0,105.0
Cuencas Internas del País Vasco,2016,12,0.6071,51.0,84.0
Cuencas Internas del País Vasco,2017,1,0.7048,74.0,105.0
Cuencas Internas del País Vasco,2017,2,0.8929,75.0,84.0
Cuencas Internas del País Vasco,2017,3,0.8929,75.0,84.0
Cuencas Internas del País Vasco,2017,4,0.8571,72.0,84.0
Cuencas Internas del País Vasco,2017,5,0.8381,88.0,105.0
Cuencas Internas del País Vasco,2017,6,0.7738,65.0,84.0
Cuencas Internas del País Vasco,2017,7,0.7143,60.0,84.0
Cuencas Internas del País Vasco,2017,8,0.6667,70.0,105.0
Cuencas Internas del País Vasco,2017,9,0.5952,50.0,84.0
Cuencas Internas del País Vasco,2017,10,0.5429,57.0,105.0
Cuencas Internas del País Vasco,2017,11,0.5595,47.0,84.0
Cuencas Internas del País Vasco,2017,12,0.7143,60.0,84.0
Cuencas Internas del País Vasco,2018,1,0.9238,97.0,105.0
Cuencas Internas del País Vasco,2018,2,0.9881,83.0,84.0
Cuencas Internas del País Vasco,2018,3,1.0,84.0,84.0
Cuencas Internas del País Vasco,2018,4,0.9762,82.0,84.0
Cuencas Internas del País Vasco,2018,5,0.9429,99.0,105.0
Cuencas Internas del País Vasco,2018,6,0.9048,76.0,84.0
Cuencas Internas del País Vasco,2018,7,0.8952,94.0,105.0
Cuencas Internas del País Vasco,2018,8,0.8333,70.0,84.0
Cuencas Internas del País Vasco,2018,9,0.7738,65.0,84.0
Cuencas Internas del País Vasco,2018,10,0.6952,73.0,105.0
Cuencas Internas del País Vasco,2018,11,0.7381,62.0,84.0
Cuencas Internas del País Vasco,2018,12,0.75,63.0,84.0
Cuencas Internas del País Vasco,2019,1,0.7333,77.0,105.0
Cuencas Internas del País Vasco,2019,2,0.9405,79.0,84.0
Cuencas Internas del País Vasco,2019,3,0.9048,76.0,84.0
Cuencas Internas del País Vasco,2019,4,0.9048,95.0,105.0
Cuencas Internas del País Vasco,2019,5,0.9048,76.0,84.0
Cuencas Internas del País Vasco,2019,6,0.9048,76.0,84.0
Cuencas Internas del País Vasco,2019,7,0.819,86.0,105.0
Cuencas Internas del País Vasco,2019,8,0.7738,65.0,84.0
Cuencas Internas del País Vasco,2019,9,0.7143,60.0,84.0
Cuencas Internas del País Vasco,2019,10,0.6667,70.0,105.0
Cuencas Internas del País Vasco,2019,11,0.7976,67.0,84.0
Cuencas Internas del País Vasco,2019,12,0.9429,99.0,105.0
Cuencas Internas del País Vasco,2020,1,0.9048,76.0,84.0
Cuencas Internas del País Vasco,2020,2,0.8929,75.0,84.0
Cuencas Internas del País Vasco,2020,3,0.9143,96.0,105.0
Cuencas Internas del País Vasco,2020,4,0.9048,76.0,84.0
Cuencas Internas del País Vasco,2020,5,0.9048,76.0,84.0
Cuencas Internas del País Vasco,2020,6,0.8952,94.0,105.0
Cuencas Internas del País Vasco,2020,7,0.8452,71.0,84.0
Cuencas Internas del País Vasco,2020,8,0.7619,64.0,84.0
Cuencas Internas del País Vasco,2020,9,0.7048,74.0,105.0
Cuencas Internas del País Vasco,2020,10,0.75,63.0,84.0
Cuencas Internas del País Vasco,2020,11,0.7619,64.0,84.0
Cuencas Internas del País Vasco,2020,12,0.8571,90.0,105.0
Cuencas Internas del País Vasco,2021,1,0.9405,79.0,84.0
Cuencas Internas del País Vasco,2021,2,0.9762,82.0,84.0
Cuencas Internas del País Vasco,2021,3,1.0,105.0,105.0
Cuencas Internas del País Vasco,2021,4,0.9524,80.0,84.0
Cuencas Internas del País Vasco,2021,5,0.9167,77.0,84.0
Cuencas Internas del País Vasco,2021,6,0.8952,94.0,105.0
Cuencas Internas del País Vasco,2021,7,0.8333,70.0,84.0
Cuencas Internas del País Vasco,2021,8,0.8,84.0,105.0
Cuencas Internas del País Vasco,2021,9,0.7143,60.0,84.0
Cuencas Internas del País Vasco,2021,10,0.6905,58.0,84.0
Cuencas Internas del País Vasco,2021,11,0.6952,73.0,105.0
Cuencas Internas del País Vasco,2021,12,0.9881,83.0,84.0
Cuencas Internas del País Vasco,2022,1,0.9762,82.0,84.0
Cuencas Internas del País Vasco,2022,2,0.9524,80.0,84.0
Cuencas Internas del País Vasco,2022,3,0.981,103.0,105.0
Cuencas Internas del País Vasco,2022,4,1.0,84.0,84.0
Cuencas Internas del País Vasco,2022,5,0.9714,102.0,105.0
Cuencas Internas del País Vasco,2022,6,0.9048,76.0,84.0
Cuencas Internas del País Vasco,2022,7,0.869,73.0,84.0
Cuencas Internas del País Vasco,2022,8,0.8095,85.0,105.0
Cuencas Internas del País Vasco,2022,9,0.7262,61.0,84.0
Cuencas Internas del País Vasco,2022,10,0.7024,59.0,84.0
Cuencas Internas del País Vasco,2022,11,0.619,65.0,105.0
Cuencas Internas del País Vasco,2022,12,0.619,52.0,84.0
Cuencas Internas del País Vasco,2023,1,0.6952,73.0,105.0
Cuencas Internas del País Vasco,2023,2,0.8095,68.0,84.0
Cuencas Internas del País Vasco,2023,3,0.8095,68.0,84.0
Cuencas Internas del País Vasco,2023,4,0.8095,68.0,84.0
Cuencas Internas del País Vasco,2023,5,0.8,84.0,105.0
Cuencas Internas del País Vasco,2023,6,0.7857,66.0,84.0
Cuencas Internas del País Vasco,2023,7,0.7619,64.0,84.0
Cuencas Internas del País Vasco,2023,8,0.7143,75.0,105.0
Cuencas Internas del País Vasco,2023,9,0.6905,58.0,84.0
Cuencas Internas del País Vasco,2023,10,0.6667,70.0,105.0
Cuencas Internas del País Vasco,2023,11,0.6786,57.0,84.0
Cuencas Internas del País Vasco,2023,12,0.8214,69.0,84.0
Cuencas Internas del País Vasco,2024,1,0.8476,89.0,105.0
Cuencas Internas del País Vasco,2024,2,0.8214,69.0,84.0
Cuencas Internas del País Vasco,2024,3,0.9286,78.0,84.0
Cuencas Internas del País Vasco,2024,4,0.9048,95.0,105.0
Cuencas Internas del País Vasco,2024,5,0.9167,77.0,84.0
Cuencas Internas del País Vasco,2024,6,0.9286,78.0,84.0
Cuencas Internas del País Vasco,2024,7,0.9333,98.0,105.0
Cuencas Internas del País Vasco,2024,8,0.9048,76.0,84.0
Cuencas Internas del País Vasco,2024,9,0.9048,76.0,84.0
Cuencas Internas del País Vasco,2024,10,0.9143,96.0,105.0
Cuencas Internas del País Vasco,2024,11,0.9524,80.0,84.0
Cuencas Internas del País Vasco,2024,12,0.9714,102.0,105.0
Cuencas Internas del País Vasco,2025,1,0.9881,83.0,84.0
Cuencas Internas del País Vasco,2025,2,0.9643,81.0,84.0
Cuencas Internas del País Vasco,2025,3,0.9524,80.0,84.0
Cuencas Internas del País Vasco,2025,4,0.9619,101.0,105.0
Cuencas Internas del País Vasco,2025,5,0.9762,82.0,84.0
Cuencas Internas del País Vasco,2025,6,0.9643,81.0,84.0
Cuencas Internas del País Vasco,2025,7,0.8952,94.0,105.0
Cuencas Internas del País Vasco,2025,8,0.8571,72.0,84.0
Cuencas Internas del País Vasco,2025,9,0.781,82.0,105.0
Cuencas Internas del País Vasco,2025,10,0.7619,64.0,84.0
Cuencas Internas del País Vasco,2025,11,0.7262,61.0,84.0
Cuencas Internas del País Vasco,2025,12,0.8,84.0,105.0
Cuencas Internas del País Vasco,2026,1,0.8452,71.0,84.0
Cuencas Internas del País Vasco,2026,2,0.9286,78.0,84.0
Cuencas Internas del País Vasco,2026,3,0.981,103.0,105.0
Cuencas Internas del País Vasco,2026,4,0.9762,82.0,84.0
Cuencas Internas del País Vasco,2026,5,0.9524,80.0,84.0
Cuencas Internas del País Vasco,2026,6,0.9238,97.0,105.0
Cuencas Internas del País Vasco,2026,7,0.8571,36.0,42.0
Duero,1988,1,0.6168,16050.0,26020.0
Duero,1988,2,0.7265,18904.0,26020.0
Duero,1988,3,0.7227,23505.0,32525.0
Duero,1988,4,0.7388,19224.0,26020.0
Duero,1988,5,0.8146,26494.0,32525.0
Duero,1988,6,0.8181,21287.0,26020.0
Duero,1988,7,0.8206,21353.0,26020.0
Duero,1988,8,0.751,24427.0,32525.0
Duero,1988,9,0.643,16732.0,26020.0
Duero,1988,10,0.5577,14512.0,26020.0
Duero,1988,11,0.4998,16256.0,32525.0
Duero,1988,12,0.464,12072.0,26020.0
Duero,1989,1,0.4492,14609.0,32525.0
Duero,1989,2,0.4404,11460.0,26020.0
Duero,1989,3,0.4682,12183.0,26020.0
Duero,1989,4,0.5016,13051.0,26020.0
Duero,1989,5,0.561,18245.0,32525.0
Duero,1989,6,0.5724,14895.0,26020.0
Duero,1989,7,0.523,13609.0,26020.0
Duero,1989,8,0.4727,15376.0,32525.0
Duero,1989,9,0.4307,11208.0,26020.0
Duero,1989,10,0.3767,12251.0,32525.0
Duero,1989,11,0.3637,9463.0,26020.0
Duero,1989,12,0.5121,15157.0,29596.0
Duero,1990,1,0.6945,25692.0,36995.0
Duero,1990,2,0.7259,21483.0,29596.0
Duero,1990,3,0.6939,20536.0,29596.0
Duero,1990,4,0.6727,19908.0,29596.0
Duero,1990,5,0.7034,26021.0,36995.0
Duero,1990,6,0.6876,20351.0,29596.0
Duero,1990,7,0.6155,22769.0,36995.0
Duero,1990,8,0.529,15655.0,29596.0
Duero,1990,9,0.4613,13652.0,29596.0
Duero,1990,10,0.4192,15509.0,36995.0
Duero,1990,11,0.4413,13062.0,29596.0
Duero,1990,12,0.4264,12621.0,29596.0
Duero,1991,1,0.4876,18038.0,36995.0
Duero,1991,2,0.5184,15342.0,29596.0
Duero,1991,3,0.6195,18336.0,29596.0
Duero,1991,4,0.6834,25281.0,36995.0
Duero,1991,5,0.6693,19808.0,29596.0
Duero,1991,6,0.6408,18965.0,29596.0
Duero,1991,7,0.5626,20813.0,36995.0
Duero,1991,8,0.4941,14624.0,29596.0
Duero,1991,9,0.4411,13054.0,29596.0
Duero,1991,10,0.4044,14959.0,36995.0
Duero,1991,11,0.3897,11535.0,29596.0
Duero,1991,12,0.4037,14935.0,36995.0
Duero,1992,1,0.4049,11983.0,29596.0
Duero,1992,2,0.4114,12177.0,29596.0
Duero,1992,3,0.4175,15445.0,36995.0
Duero,1992,4,0.4943,14629.0,29596.0
Duero,1992,5,0.5816,17212.0,29596.0
Duero,1992,6,0.6052,22389.0,36995.0
Duero,1992,7,0.602,17818.0,29596.0
Duero,1992,8,0.5533,16374.0,29592.0
Duero,1992,9,0.5099,18862.0,36990.0
Duero,1992,10,0.4911,14532.0,29592.0
Duero,1992,11,0.5061,14976.0,29592.0
Duero,1992,12,0.5367,19854.0,36990.0
Duero,1993,1,0.5478,16211.0,29592.0
Duero,1993,2,0.5191,15362.0,29592.0
Duero,1993,3,0.4962,18353.0,36990.0
Duero,1993,4,0.5421,16043.0,29592.0
Duero,1993,5,0.5866,17358.0,29592.0
Duero,1993,6,0.689,25491.0,36995.0
Duero,1993,7,0.6484,19190.0,29596.0
Duero,1993,8,0.5685,21032.0,36995.0
Duero,1993,9,0.5189,15357.0,29596.0
Duero,1993,10,0.5533,16374.0,29596.0
Duero,1993,11,0.624,23085.0,36995.0
Duero,1993,12,0.6053,17913.0,29596.0
Duero,1994,1,0.6725,19903.0,29596.0
Duero,1994,2,0.711,21042.0,29596.0
Duero,1994,3,0.7337,27215.0,37095.0
Duero,1994,4,0.7383,21909.0,29676.0
Duero,1994,5,0.7379,27373.0,37095.0
Duero,1994,6,0.7873,23365.0,29676.0
Duero,1994,7,0.7082,21017.0,29676.0
Duero,1994,8,0.6171,22891.0,37095.0
Duero,1994,9,0.5438,16137.0,29676.0
Duero,1994,10,0.4985,14794.0,29676.0
Duero,1994,11,0.4986,18497.0,37095.0
Duero,1994,12,0.4882,14488.0,29676.0
Duero,1995,1,0.5215,19345.0,37095.0
Duero,1995,2,0.5935,17612.0,29676.0
Duero,1995,3,0.6429,19080.0,29676.0
Duero,1995,4,0.6308,18719.0,29676.0
Duero,1995,5,0.5989,22215.0,37095.0
Duero,1995,6,0.5664,16808.0,29676.0
Duero,1995,7,0.5092,15110.0,29676.0
Duero,1995,8,0.4322,16031.0,37095.0
Duero,1995,9,0.3869,11481.0,29676.0
Duero,1995,10,0.3699,13721.0,37095.0
Duero,1995,11,0.3847,11416.0,29676.0
Duero,1995,12,0.4467,13257.0,29676.0
Duero,1996,1,0.7135,26468.0,37095.0
Duero,1996,2,0.838,24869.0,29676.0
Duero,1996,3,0.8215,24379.0,29676.0
Duero,1996,4,0.8906,33035.0,37095.0
Duero,1996,5,0.902,26767.0,29676.0
Duero,1996,6,0.8764,26009.0,29676.0
Duero,1996,7,0.7697,28553.0,37095.0
Duero,1996,8,0.6824,20252.0,29676.0
Duero,1996,9,0.6333,18793.0,29676.0
Duero,1996,10,0.5961,22112.0,37095.0
Duero,1996,11,0.5574,16541.0,29676.0
Duero,1996,12,0.5936,22021.0,37095.0
Duero,1997,1,0.7155,21234.0,29676.0
Duero,1997,2,0.765,22702.0,29676.0
Duero,1997,3,0.7425,22033.0,29676.0
Duero,1997,4,0.6896,25580.0,37095.0
Duero,1997,5,0.644,19110.0,29676.0
Duero,1997,6,0.6641,19707.0,29676.0
Duero,1997,7,0.6508,24140.0,37095.0
Duero,1997,8,0.5996,17794.0,29676.0
Duero,1997,9,0.5337,19797.0,37095.0
Duero,1997,10,0.4828,14328.0,29676.0
Duero,1997,11,0.552,16380.0,29676.0
Duero,1997,12,0.7179,26631.0,37095.0
Duero,1998,1,0.8264,24524.0,29676.0
Duero,1998,2,0.8293,24611.0,29676.0
Duero,1998,3,0.8138,30189.0,37095.0
Duero,1998,4,0.8711,25850.0,29676.0
Duero,1998,5,0.9298,27594.0,29676.0
Duero,1998,6,0.9062,33616.0,37095.0
Duero,1998,7,0.8109,24065.0,29676.0
Duero,1998,8,0.7006,20790.0,29676.0
Duero,1998,9,0.6039,22401.0,37095.0
Duero,1998,10,0.5626,16696.0,29676.0
Duero,1998,11,0.5394,16007.0,29676.0
Duero,1998,12,0.5201,19294.0,37095.0
Duero,1999,1,0.5515,16366.0,29676.0
Duero,1999,2,0.5866,17409.0,29676.0
Duero,1999,3,0.6321,23576.0,37295.0
Duero,1999,4,0.6503,19403.0,29836.0
Duero,1999,5,0.6644,19822.0,29836.0
Duero,1999,6,0.6426,23966.0,37295.0
Duero,1999,7,0.5473,16329.0,29836.0
Duero,1999,8,0.4672,17424.0,37295.0
Duero,1999,9,0.4191,12504.0,29836.0
Duero,1999,10,0.4175,12458.0,29836.0
Duero,1999,11,0.5197,19382.0,37295.0
Duero,1999,12,0.5309,15839.0,29836.0
Duero,2000,1,0.567,16916.0,29836.0
Duero,2000,2,0.5707,21286.0,37295.0
Duero,2000,3,0.5618,16762.0,29836.0
Duero,2000,4,0.6154,18361.0,29836.0
Duero,2000,5,0.8003,29848.0,37295.0
Duero,2000,6,0.8218,24520.0,29836.0
Duero,2000,7,0.7579,22614.0,29836.0
Duero,2000,8,0.676,25212.0,37295.0
Duero,2000,9,0.5802,17310.0,29836.0
Duero,2000,10,0.5051,18837.0,37295.0
Duero,2000,11,0.4925,14695.0,29836.0
Duero,2000,12,0.6874,20510.0,29836.0
Duero,2001,1,0.8645,32243.0,37295.0
Duero,2001,2,0.8977,26785.0,29836.0
Duero,2001,3,0.9149,27297.0,29836.0
Duero,2001,4,0.9105,27167.0,29836.0
Duero,2001,5,0.893,33306.0,37295.0
Duero,2001,6,0.8651,25812.0,29836.0
Duero,2001,7,0.7777,29006.0,37295.0
Duero,2001,8,0.6878,20522.0,29836.0
Duero,2001,9,0.6025,17976.0,29836.0
Duero,2001,10,0.552,20585.0,37295.0
Duero,2001,11,0.51,15216.0,29836.0
Duero,2001,12,0.4614,13767.0,29836.0
Duero,2002,1,0.4498,16774.0,37295.0
Duero,2002,2,0.4838,14435.0,29836.0
Duero,2002,3,0.4967,14821.0,29836.0
Duero,2002,4,0.5401,20143.0,37295.0
Duero,2002,5,0.547,16319.0,29836.0
Duero,2002,6,0.5318,15868.0,29836.0
Duero,2002,7,0.4696,17514.0,37295.0
Duero,2002,8,0.4106,12250.0,29836.0
Duero,2002,9,0.3754,11201.0,29836.0
Duero,2002,10,0.3871,14438.0,37295.0
Duero,2002,11,0.4449,13275.0,29836.0
Duero,2002,12,0.5946,22177.0,37295.0
Duero,2003,1,0.7865,23467.0,29836.0
Duero,2003,2,0.8473,25280.0,29836.0
Duero,2003,3,0.901,26882.0,29836.0
Duero,2003,4,0.9247,34488.0,37295.0
Duero,2003,5,0.9393,28026.0,29836.0
Duero,2003,6,0.9037,26967.0,29840.0
Duero,2003,7,0.822,30674.0,37315.0
Duero,2003,8,0.7364,21983.0,29852.0
Duero,2003,9,0.6798,25367.0,37315.0
Duero,2003,10,0.6364,18997.0,29852.0
Duero,2003,11,0.6469,19311.0,29852.0
Duero,2003,12,0.7107,26519.0,37315.0
Duero,2004,1,0.7502,22396.0,29852.0
Duero,2004,2,0.7603,22695.0,29852.0
Duero,2004,3,0.7465,27855.0,37315.0
Duero,2004,4,0.778,23226.0,29852.0
Duero,2004,5,0.7799,23282.0,29852.0
Duero,2004,6,0.7341,27392.0,37315.0
Duero,2004,7,0.6547,19545.0,29852.0
Duero,2004,8,0.5749,21451.0,37315.0
Duero,2004,9,0.5095,15211.0,29852.0
Duero,2004,10,0.4588,13697.0,29852.0
Duero,2004,11,0.4752,17731.0,37315.0
Duero,2004,12,0.4615,13777.0,29852.0
Duero,2005,1,0.4844,14459.0,29852.0
Duero,2005,2,0.512,15283.0,29852.0
Duero,2005,3,0.52,19403.0,37315.0
Duero,2005,4,0.6148,18354.0,29852.0
Duero,2005,5,0.6381,23809.0,37315.0
Duero,2005,6,0.5966,17809.0,29852.0
Duero,2005,7,0.521,15554.0,29852.0
Duero,2005,8,0.4431,16535.0,37315.0
Duero,2005,9,0.388,11584.0,29852.0
Duero,2005,10,0.3774,11266.0,29852.0
Duero,2005,11,0.4329,16153.0,37315.0
Duero,2005,12,0.4722,14097.0,29852.0
Duero,2006,1,0.5028,18763.0,37315.0
Duero,2006,2,0.5268,15727.0,29852.0
Duero,2006,3,0.6095,18194.0,29852.0
Duero,2006,4,0.7256,21660.0,29852.0
Duero,2006,5,0.7419,27683.0,37315.0
Duero,2006,6,0.6897,20590.0,29852.0
Duero,2006,7,0.623,18597.0,29852.0
Duero,2006,8,0.5378,20069.0,37315.0
Duero,2006,9,0.4847,14469.0,29852.0
Duero,2006,10,0.4922,18366.0,37315.0
Duero,2006,11,0.6236,18617.0,29852.0
Duero,2006,12,0.7705,23002.0,29852.0
Duero,2007,1,0.7594,28338.0,37315.0
Duero,2007,2,0.8012,23916.0,29852.0
Duero,2007,3,0.8387,25036.0,29852.0
Duero,2007,4,0.8516,25421.0,29852.0
Duero,2007,5,0.8959,33432.0,37315.0
Duero,2007,6,0.9073,27086.0,29852.0
Duero,2007,7,0.8635,32222.0,37315.0
Duero,2007,8,0.7339,21907.0,29852.0
Duero,2007,9,0.6473,19322.0,29852.0
Duero,2007,10,0.5996,22373.0,37315.0
Duero,2007,11,0.5513,16456.0,29852.0
Duero,2007,12,0.5173,15443.0,29852.0
Duero,2008,1,0.5062,18887.0,37315.0
Duero,2008,2,0.5191,15497.0,29852.0
Duero,2008,3,0.5326,15898.0,29852.0
Duero,2008,4,0.6043,22550.0,37315.0
Duero,2008,5,0.6909,20626.0,29852.0
Duero,2008,6,0.7398,22086.0,29852.0
Duero,2008,7,0.6947,25921.0,37315.0
Duero,2008,8,0.6207,18528.0,29852.0
Duero,2008,9,0.5501,20528.0,37315.0
Duero,2008,10,0.5054,15088.0,29852.0
Duero,2008,11,0.4954,14788.0,29852.0
Duero,2008,12,0.5208,19432.0,37315.0
Duero,2009,1,0.5574,16639.0,29852.0
Duero,2009,2,0.6423,19173.0,29852.0
Duero,2009,3,0.7012,26166.0,37315.0
Duero,2009,4,0.7486,22346.0,29852.0
Duero,2009,5,0.7565,22584.0,29852.0
Duero,2009,6,0.7292,27210.0,37315.0
Duero,2009,7,0.6536,19510.0,29852.0
Duero,2009,8,0.5827,17395.0,29852.0
Duero,2009,9,0.5083,18966.0,37315.0
Duero,2009,10,0.4745,14165.0,29852.0
Duero,2009,11,0.4686,13998.0,29873.0
Duero,2009,12,0.508,18974.0,37350.0
Duero,2010,1,0.6914,20659.0,29880.0
Duero,2010,2,0.7686,22965.0,29880.0
Duero,2010,3,0.881,33038.0,37500.0
Duero,2010,4,0.9215,27646.0,30000.0
Duero,2010,5,0.9361,28091.0,30010.0
Duero,2010,6,0.9139,34363.0,37600.0
Duero,2010,7,0.857,25778.0,30080.0
Duero,2010,8,0.7419,27895.0,37600.0
Duero,2010,9,0.659,19822.0,30080.0
Duero,2010,10,0.6254,18813.0,30080.0
Duero,2010,11,0.6288,23643.0,37600.0
Duero,2010,12,0.7025,21131.0,30080.0
Duero,2011,1,0.7822,23528.0,30080.0
Duero,2011,2,0.7763,23351.0,30080.0
Duero,2011,3,0.8198,30826.0,37600.0
Duero,2011,4,0.8513,25606.0,30080.0
Duero,2011,5,0.8625,32430.0,37600.0
Duero,2011,6,0.8411,25301.0,30080.0
Duero,2011,7,0.7818,23517.0,30080.0
Duero,2011,8,0.7046,26493.0,37600.0
Duero,2011,9,0.6278,18884.0,30080.0
Duero,2011,10,0.5716,17193.0,30080.0
Duero,2011,11,0.5589,21013.0,37600.0
Duero,2011,12,0.5472,16461.0,30080.0
Duero,2012,1,0.5327,20031.0,37600.0
Duero,2012,2,0.5356,16112.0,30080.0
Duero,2012,3,0.5572,16762.0,30080.0
Duero,2012,4,0.548,16485.0,30080.0
Duero,2012,5,0.6218,23379.0,37600.0
Duero,2012,6,0.624,18769.0,30080.0
Duero,2012,7,0.5299,19912.0,37574.0
Duero,2012,8,0.4436,13319.0,30028.0
Duero,2012,9,0.3912,11747.0,30028.0
Duero,2012,10,0.3656,13721.0,37535.0
Duero,2012,11,0.3371,10121.0,30028.0
Duero,2012,12,0.3307,9930.0,30028.0
Duero,2013,1,0.3831,14378.0,37535.0
Duero,2013,2,0.5301,15918.0,30028.0
Duero,2013,3,0.6364,19111.0,30028.0
Duero,2013,4,0.8373,31428.0,37535.0
Duero,2013,5,0.9113,27365.0,30028.0
Duero,2013,6,0.9152,27483.0,30028.0
Duero,2013,7,0.8656,32491.0,37535.0
Duero,2013,8,0.7743,23250.0,30028.0
Duero,2013,9,0.6785,20373.0,30028.0
Duero,2013,10,0.6262,23506.0,37535.0
Duero,2013,11,0.6258,18793.0,30028.0
Duero,2013,12,0.5952,22341.0,37535.0
Duero,2014,1,0.7588,22785.0,30028.0
Duero,2014,2,0.8681,26068.0,30028.0
Duero,2014,3,0.8974,26947.0,30028.0
Duero,2014,4,0.9219,34604.0,37535.0
Duero,2014,5,0.9143,27454.0,30028.0
Duero,2014,6,0.9,27025.0,30028.0
Duero,2014,7,0.8366,31403.0,37535.0
Duero,2014,8,0.7667,23023.0,30028.0
Duero,2014,9,0.6739,25296.0,37535.0
Duero,2014,10,0.649,19487.0,30028.0
Duero,2014,11,0.6617,19869.0,30028.0
Duero,2014,12,0.734,27550.0,37535.0
Duero,2015,1,0.741,22251.0,30028.0
Duero,2015,2,0.7877,23654.0,30028.0
Duero,2015,3,0.8557,32117.0,37535.0
Duero,2015,4,0.902,27085.0,30028.0
Duero,2015,5,0.9113,27366.0,30028.0
Duero,2015,6,0.8536,32038.0,37535.0
Duero,2015,7,0.7623,22889.0,30028.0
Duero,2015,8,0.6704,20131.0,30028.0
Duero,2015,9,0.5949,22329.0,37535.0
Duero,2015,10,0.5598,16810.0,30028.0
Duero,2015,11,0.5887,17676.0,30028.0
Duero,2015,12,0.595,22332.0,37535.0
Duero,2016,1,0.6989,20986.0,30028.0
Duero,2016,2,0.8028,24107.0,30028.0
Duero,2016,3,0.8584,32220.0,37535.0
Duero,2016,4,0.9142,27452.0,30028.0
Duero,2016,5,0.9459,35504.0,37535.0
Duero,2016,6,0.9206,27643.0,30028.0
Duero,2016,7,0.8582,25769.0,30028.0
Duero,2016,8,0.7583,28464.0,37535.0
Duero,2016,9,0.6484,19471.0,30028.0
Duero,2016,10,0.5954,17879.0,30028.0
Duero,2016,11,0.5425,20362.0,37535.0
Duero,2016,12,0.514,15434.0,30028.0
Duero,2017,1,0.4724,17733.0,37535.0
Duero,2017,2,0.5104,15327.0,30028.0
Duero,2017,3,0.5632,16913.0,30028.0
Duero,2017,4,0.5558,16691.0,30028.0
Duero,2017,5,0.5288,19850.0,37535.0
Duero,2017,6,0.496,14894.0,30028.0
Duero,2017,7,0.4429,13299.0,30028.0
Duero,2017,8,0.3806,14284.0,37535.0
Duero,2017,9,0.336,10089.0,30028.0
Duero,2017,10,0.311,11674.0,37535.0
Duero,2017,11,0.2962,8894.0,30028.0
Duero,2017,12,0.2974,8929.0,30028.0
Duero,2018,1,0.347,13024.0,37535.0
Duero,2018,2,0.3753,11270.0,30028.0
Duero,2018,3,0.5281,15857.0,30028.0
Duero,2018,4,0.7243,21750.0,30028.0
Duero,2018,5,0.805,30214.0,37535.0
Duero,2018,6,0.8256,24791.0,30028.0
Duero,2018,7,0.7702,28908.0,37535.0
Duero,2018,8,0.6702,20124.0,30028.0
Duero,2018,9,0.5831,17510.0,30028.0
Duero,2018,10,0.5223,19606.0,37535.0
Duero,2018,11,0.5194,15598.0,30028.0
Duero,2018,12,0.5384,16167.0,30028.0
Duero,2019,1,0.5387,20220.0,37535.0
Duero,2019,2,0.5828,17499.0,30028.0
Duero,2019,3,0.6168,18522.0,30028.0
Duero,2019,4,0.6258,23490.0,37535.0
Duero,2019,5,0.6596,19805.0,30028.0
Duero,2019,6,0.6397,19209.0,30028.0
Duero,2019,7,0.5923,22232.0,37535.0
Duero,2019,8,0.5172,15531.0,30028.0
Duero,2019,9,0.4509,13540.0,30028.0
Duero,2019,10,0.4131,15506.0,37535.0
Duero,2019,11,0.4403,13221.0,30028.0
Duero,2019,12,0.6183,23207.0,37535.0
Duero,2020,1,0.7195,21606.0,30028.0
Duero,2020,2,0.7337,22031.0,30028.0
Duero,2020,3,0.7492,28123.0,37535.0
Duero,2020,4,0.8197,24615.0,30028.0
Duero,2020,5,0.8804,26438.0,30028.0
Duero,2020,6,0.8621,32358.0,37535.0
Duero,2020,7,0.8012,24058.0,30028.0
Duero,2020,8,0.7166,21519.0,30028.0
Duero,2020,9,0.6323,23732.0,37535.0
Duero,2020,10,0.5797,17407.0,30028.0
Duero,2020,11,0.5959,17893.0,30028.0
Duero,2020,12,0.6055,22726.0,37535.0
Duero,2021,1,0.6309,18944.0,30028.0
Duero,2021,2,0.7662,23006.0,30028.0
Duero,2021,3,0.8309,31186.0,37535.0
Duero,2021,4,0.7976,23951.0,30028.0
Duero,2021,5,0.7874,23645.0,30028.0
Duero,2021,6,0.7733,29027.0,37535.0
Duero,2021,7,0.6934,20821.0,30028.0
Duero,2021,8,0.566,21246.0,37535.0
Duero,2021,9,0.4587,13773.0,30028.0
Duero,2021,10,0.4231,12706.0,30028.0
Duero,2021,11,0.4039,15162.0,37535.0
Duero,2021,12,0.4329,12999.0,30028.0
Duero,2022,1,0.5023,15083.0,30028.0
Duero,2022,2,0.4954,14876.0,30028.0
Duero,2022,3,0.508,19067.0,37535.0
Duero,2022,4,0.5574,16739.0,30028.0
Duero,2022,5,0.5759,21615.0,37535.0
Duero,2022,6,0.5458,16388.0,30028.0
Duero,2022,7,0.4912,14750.0,30028.0
Duero,2022,8,0.407,15276.0,37535.0
Duero,2022,9,0.3412,10245.0,30028.0
Duero,2022,10,0.3002,9013.0,30028.0
Duero,2022,11,0.3385,12705.0,37535.0
Duero,2022,12,0.3973,11930.0,30028.0
Duero,2023,1,0.5853,21971.0,37535.0
Duero,2023,2,0.6401,19221.0,30028.0
Duero,2023,3,0.6714,20160.0,30028.0
Duero,2023,4,0.6932,20814.0,30028.0
Duero,2023,5,0.665,24962.0,37535.0
Duero,2023,6,0.6404,19229.0,30028.0
Duero,2023,7,0.5867,17618.0,30028.0
Duero,2023,8,0.5015,18824.0,37535.0
Duero,2023,9,0.4494,13495.0,30028.0
Duero,2023,10,0.4316,16400.0,38000.0
Duero,2023,11,0.5546,16861.0,30400.0
Duero,2023,12,0.5841,17757.0,30400.0
Duero,2024,1,0.6187,23512.0,38000.0
Duero,2024,2,0.6807,20694.0,30400.0
Duero,2024,3,0.786,23894.0,30400.0
Duero,2024,4,0.9062,34434.0,38000.0
Duero,2024,5,0.917,27877.0,30400.0
Duero,2024,6,0.9034,27463.0,30400.0
Duero,2024,7,0.8399,31917.0,38000.0
Duero,2024,8,0.7278,22125.0,30400.0
Duero,2024,9,0.6511,19793.0,30400.0
Duero,2024,10,0.6339,24095.0,38008.0
Duero,2024,11,0.6238,18970.0,30408.0
Duero,2024,12,0.6254,23770.0,38010.0
Duero,2025,1,0.6541,19889.0,30408.0
Duero,2025,2,0.7164,21784.0,30408.0
Duero,2025,3,0.7487,22765.0,30408.0
Duero,2025,4,0.8736,33206.0,38010.0
Duero,2025,5,0.9237,28087.0,30408.0
Duero,2025,6,0.9077,27602.0,30408.0
Duero,2025,7,0.8171,31057.0,38010.0
Duero,2025,8,0.7146,21729.0,30408.0
Duero,2025,9,0.6184,23506.0,38010.0
Duero,2025,10,0.5463,16613.0,30408.0
Duero,2025,11,0.5401,16423.0,30408.0
Duero,2025,12,0.5627,21387.0,38010.0
Duero,2026,1,0.5547,16868.0,30408.0
Duero,2026,2,0.7711,23448.0,30408.0
Duero,2026,3,0.8594,32667.0,38010.0
Duero,2026,4,0.8723,26524.0,30408.0
Duero,2026,5,0.8843,26891.0,30408.0
Duero,2026,6,0.864,32842.0,38010.0
Duero,2026,7,0.7996,12157.0,15204.0
Ebro,1988,1,0.6645,16756.0,25216.0
Ebro,1988,2,0.7573,19096.0,25216.0
Ebro,1988,3,0.749,23609.0,31520.0
Ebro,1988,4,0.7826,19735.0,25216.0
Ebro,1988,5,0.8577,27035.0,31520.0
Ebro,1988,6,0.8898,22436.0,25216.0
Ebro,1988,7,0.8869,22364.0,25216.0
Ebro,1988,8,0.7885,24855.0,31520.0
Ebro,1988,9,0.6354,16022.0,25216.0
Ebro,1988,10,0.5625,14184.0,25216.0
Ebro,1988,11,0.5617,17706.0,31520.0
Ebro,1988,12,0.532,13415.0,25216.0
Ebro,1989,1,0.4903,15453.0,31520.0
Ebro,1989,2,0.4633,11683.0,25216.0
Ebro,1989,3,0.5334,13449.0,25216.0
Ebro,1989,4,0.6147,15501.0,25216.0
Ebro,1989,5,0.724,22821.0,31520.0
Ebro,1989,6,0.7448,18781.0,25216.0
Ebro,1989,7,0.6587,16609.0,25216.0
Ebro,1989,8,0.5437,17137.0,31520.0
Ebro,1989,9,0.4748,11973.0,25216.0
Ebro,1989,10,0.4592,14473.0,31520.0
Ebro,1989,11,0.4706,11867.0,25216.0
Ebro,1989,12,0.5188,13083.0,25216.0
Ebro,1990,1,0.591,18627.0,31520.0
Ebro,1990,2,0.6178,15630.0,25298.0
Ebro,1990,3,0.6268,16033.0,25580.0
Ebro,1990,4,0.6023,15414.0,25592.0
Ebro,1990,5,0.6478,20724.0,31990.0
Ebro,1990,6,0.7148,18292.0,25592.0
Ebro,1990,7,0.6607,21137.0,31990.0
Ebro,1990,8,0.5257,13453.0,25592.0
Ebro,1990,9,0.4474,11450.0,25592.0
Ebro,1990,10,0.4366,13966.0,31990.0
Ebro,1990,11,0.5324,13624.0,25592.0
Ebro,1990,12,0.5861,14999.0,25592.0
Ebro,1991,1,0.6266,20045.0,31990.0
Ebro,1991,2,0.6233,15952.0,25592.0
Ebro,1991,3,0.6827,17471.0,25592.0
Ebro,1991,4,0.734,23481.0,31990.0
Ebro,1991,5,0.7296,18673.0,25592.0
Ebro,1991,6,0.7176,18365.0,25592.0
Ebro,1991,7,0.658,21051.0,31990.0
Ebro,1991,8,0.5079,12997.0,25592.0
Ebro,1991,9,0.415,10620.0,25592.0
Ebro,1991,10,0.4175,13356.0,31990.0
Ebro,1991,11,0.497,12720.0,25592.0
Ebro,1991,12,0.5848,18709.0,31990.0
Ebro,1992,1,0.5746,14706.0,25592.0
Ebro,1992,2,0.5683,14545.0,25592.0
Ebro,1992,3,0.5638,18037.0,31990.0
Ebro,1992,4,0.6411,16407.0,25592.0
Ebro,1992,5,0.6715,17186.0,25592.0
Ebro,1992,6,0.7407,23694.0,31990.0
Ebro,1992,7,0.765,19577.0,25592.0
Ebro,1992,8,0.7058,18073.0,25608.0
Ebro,1992,9,0.6642,21261.0,32010.0
Ebro,1992,10,0.7256,18580.0,25608.0
Ebro,1992,11,0.7908,20250.0,25608.0
Ebro,1992,12,0.793,25383.0,32010.0
Ebro,1993,1,0.7616,19504.0,25608.0
Ebro,1993,2,0.7457,19095.0,25608.0
Ebro,1993,3,0.7496,23996.0,32010.0
Ebro,1993,4,0.7266,18607.0,25608.0
Ebro,1993,5,0.7954,20369.0,25608.0
Ebro,1993,6,0.8491,27181.0,32010.0
Ebro,1993,7,0.7877,20172.0,25608.0
Ebro,1993,8,0.6465,20693.0,32010.0
Ebro,1993,9,0.5615,14380.0,25608.0
Ebro,1993,10,0.6553,16782.0,25608.0
Ebro,1993,11,0.7478,23937.0,32010.0
Ebro,1993,12,0.7471,19131.0,25608.0
Ebro,1994,1,0.8012,20518.0,25608.0
Ebro,1994,2,0.7841,20080.0,25608.0
Ebro,1994,3,0.7741,24779.0,32010.0
Ebro,1994,4,0.7757,19865.0,25608.0
Ebro,1994,5,0.7978,25536.0,32010.0
Ebro,1994,6,0.8144,20854.0,25608.0
Ebro,1994,7,0.7267,18610.0,25608.0
Ebro,1994,8,0.5804,18579.0,32010.0
Ebro,1994,9,0.4688,12004.0,25608.0
Ebro,1994,10,0.5017,12848.0,25608.0
Ebro,1994,11,0.6587,21084.0,32010.0
Ebro,1994,12,0.6943,17766.0,25589.0
Ebro,1995,1,0.7647,24420.0,31934.0
Ebro,1995,2,0.7681,19610.0,25532.0
Ebro,1995,3,0.7993,20407.0,25532.0
Ebro,1995,4,0.7497,19142.0,25532.0
Ebro,1995,5,0.7308,23322.0,31915.0
Ebro,1995,6,0.7005,17884.0,25532.0
Ebro,1995,7,0.627,16009.0,25532.0
Ebro,1995,8,0.5026,16041.0,31915.0
Ebro,1995,9,0.4132,10551.0,25532.0
Ebro,1995,10,0.3935,12560.0,31915.0
Ebro,1995,11,0.3971,10140.0,25532.0
Ebro,1995,12,0.4803,12263.0,25532.0
Ebro,1996,1,0.7248,23133.0,31915.0
Ebro,1996,2,0.7632,19487.0,25532.0
Ebro,1996,3,0.7723,19718.0,25532.0
Ebro,1996,4,0.77,24575.0,31915.0
Ebro,1996,5,0.8204,21145.0,25774.0
Ebro,1996,6,0.8451,21885.0,25895.0
Ebro,1996,7,0.7945,25838.0,32520.0
Ebro,1996,8,0.724,18836.0,26016.0
Ebro,1996,9,0.657,17092.0,26016.0
Ebro,1996,10,0.6105,19854.0,32520.0
Ebro,1996,11,0.6167,16045.0,26016.0
Ebro,1996,12,0.7726,25124.0,32520.0
Ebro,1997,1,0.8314,21631.0,26016.0
Ebro,1997,2,0.8338,21691.0,26016.0
Ebro,1997,3,0.829,21568.0,26016.0
Ebro,1997,4,0.8124,26418.0,32520.0
Ebro,1997,5,0.8241,21441.0,26016.0
Ebro,1997,6,0.855,22244.0,26016.0
Ebro,1997,7,0.8482,27585.0,32520.0
Ebro,1997,8,0.7896,20541.0,26016.0
Ebro,1997,9,0.7289,23705.0,32520.0
Ebro,1997,10,0.6735,17522.0,26016.0
Ebro,1997,11,0.7067,18386.0,26016.0
Ebro,1997,12,0.7926,25775.0,32520.0
Ebro,1998,1,0.8449,21982.0,26016.0
Ebro,1998,2,0.8258,21484.0,26016.0
Ebro,1998,3,0.8169,26566.0,32520.0
Ebro,1998,4,0.8046,20932.0,26016.0
Ebro,1998,5,0.8559,22266.0,26016.0
Ebro,1998,6,0.8733,28399.0,32520.0
Ebro,1998,7,0.7853,20430.0,26016.0
Ebro,1998,8,0.6405,16662.0,26016.0
Ebro,1998,9,0.5328,17328.0,32520.0
Ebro,1998,10,0.5768,15007.0,26016.0
Ebro,1998,11,0.6016,15652.0,26016.0
Ebro,1998,12,0.6184,20110.0,32520.0
Ebro,1999,1,0.6345,16508.0,26016.0
Ebro,1999,2,0.6536,17005.0,26016.0
Ebro,1999,3,0.6866,22329.0,32520.0
Ebro,1999,4,0.6853,17828.0,26016.0
Ebro,1999,5,0.7694,20018.0,26016.0
Ebro,1999,6,0.8064,26225.0,32520.0
Ebro,1999,7,0.7063,18376.0,26016.0
Ebro,1999,8,0.6169,20061.0,32520.0
Ebro,1999,9,0.5512,14339.0,26016.0
Ebro,1999,10,0.5877,15289.0,26016.0
Ebro,1999,11,0.6738,21911.0,32520.0
Ebro,1999,12,0.712,18523.0,26016.0
Ebro,2000,1,0.7327,19061.0,26016.0
Ebro,2000,2,0.7069,22990.0,32520.0
Ebro,2000,3,0.7002,18216.0,26016.0
Ebro,2000,4,0.7289,18964.0,26016.0
Ebro,2000,5,0.8296,26979.0,32520.0
Ebro,2000,6,0.8506,22130.0,26016.0
Ebro,2000,7,0.7741,20138.0,26016.0
Ebro,2000,8,0.6444,20956.0,32520.0
Ebro,2000,9,0.5359,13941.0,26016.0
Ebro,2000,10,0.5281,17173.0,32520.0
Ebro,2000,11,0.6338,16488.0,26016.0
Ebro,2000,12,0.727,18913.0,26016.0
Ebro,2001,1,0.7971,25921.0,32520.0
Ebro,2001,2,0.8263,21496.0,26016.0
Ebro,2001,3,0.8596,22364.0,26016.0
Ebro,2001,4,0.8689,22606.0,26016.0
Ebro,2001,5,0.8754,28468.0,32520.0
Ebro,2001,6,0.8606,22389.0,26016.0
Ebro,2001,7,0.776,25234.0,32520.0
Ebro,2001,8,0.663,17248.0,26016.0
Ebro,2001,9,0.5651,14691.0,25999.0
Ebro,2001,10,0.5546,18036.0,32520.0
Ebro,2001,11,0.5831,15170.0,26016.0
Ebro,2001,12,0.5908,15369.0,26016.0
Ebro,2002,1,0.5823,18935.0,32520.0
Ebro,2002,2,0.6032,15694.0,26016.0
Ebro,2002,3,0.6484,16870.0,26016.0
Ebro,2002,4,0.6761,21986.0,32520.0
Ebro,2002,5,0.7219,18781.0,26016.0
Ebro,2002,6,0.7419,19301.0,26016.0
Ebro,2002,7,0.658,21397.0,32520.0
Ebro,2002,8,0.5346,13909.0,26016.0
Ebro,2002,9,0.4935,12838.0,26016.0
Ebro,2002,10,0.5083,16531.0,32520.0
Ebro,2002,11,0.5801,15092.0,26016.0
Ebro,2002,12,0.7157,23273.0,32520.0
Ebro,2003,1,0.7758,20184.0,26016.0
Ebro,2003,2,0.7801,20295.0,26016.0
Ebro,2003,3,0.7889,20524.0,26016.0
Ebro,2003,4,0.8202,26730.0,32590.0
Ebro,2003,5,0.86,22433.0,26086.0
Ebro,2003,6,0.8613,22408.0,26016.0
Ebro,2003,7,0.7657,24954.0,32590.0
Ebro,2003,8,0.6139,15972.0,26016.0
Ebro,2003,9,0.5657,18398.0,32520.0
Ebro,2003,10,0.6003,15617.0,26016.0
Ebro,2003,11,0.7432,19336.0,26016.0
Ebro,2003,12,0.7954,25867.0,32520.0
Ebro,2004,1,0.8151,21206.0,26016.0
Ebro,2004,2,0.8073,21003.0,26016.0
Ebro,2004,3,0.8175,26584.0,32520.0
Ebro,2004,4,0.8449,21981.0,26016.0
Ebro,2004,5,0.8519,22162.0,26016.0
Ebro,2004,6,0.862,28033.0,32520.0
Ebro,2004,7,0.8052,20948.0,26016.0
Ebro,2004,8,0.6855,22293.0,32520.0
Ebro,2004,9,0.6081,15821.0,26016.0
Ebro,2004,10,0.5582,14523.0,26016.0
Ebro,2004,11,0.5964,19396.0,32520.0
Ebro,2004,12,0.6214,16166.0,26016.0
Ebro,2005,1,0.6573,17101.0,26016.0
Ebro,2005,2,0.6699,17427.0,26016.0
Ebro,2005,3,0.6703,21797.0,32520.0
Ebro,2005,4,0.6901,17954.0,26016.0
Ebro,2005,5,0.7276,23660.0,32520.0
Ebro,2005,6,0.7053,18348.0,26016.0
Ebro,2005,7,0.6179,16076.0,26016.0
Ebro,2005,8,0.4962,16138.0,32520.0
Ebro,2005,9,0.4122,10725.0,26016.0
Ebro,2005,10,0.3861,10044.0,26016.0
Ebro,2005,11,0.4694,15264.0,32520.0
Ebro,2005,12,0.5667,14744.0,26016.0
Ebro,2006,1,0.6016,19564.0,32520.0
Ebro,2006,2,0.6003,15617.0,26016.0
Ebro,2006,3,0.6619,17221.0,26016.0
Ebro,2006,4,0.69,17950.0,26016.0
Ebro,2006,5,0.7078,23017.0,32520.0
Ebro,2006,6,0.6441,16757.0,26016.0
Ebro,2006,7,0.5743,14941.0,26016.0
Ebro,2006,8,0.4569,14859.0,32520.0
Ebro,2006,9,0.3848,10010.0,26016.0
Ebro,2006,10,0.427,15807.0,37015.0
Ebro,2006,11,0.4973,14727.0,29612.0
Ebro,2006,12,0.5798,17168.0,29612.0
Ebro,2007,1,0.5866,21713.0,37015.0
Ebro,2007,2,0.6239,18476.0,29612.0
Ebro,2007,3,0.6596,19532.0,29612.0
Ebro,2007,4,0.7134,21126.0,29612.0
Ebro,2007,5,0.7756,28710.0,37015.0
Ebro,2007,6,0.7835,23201.0,29612.0
Ebro,2007,7,0.7012,25955.0,37015.0
Ebro,2007,8,0.5729,16964.0,29612.0
Ebro,2007,9,0.4809,14239.0,29612.0
Ebro,2007,10,0.4326,16012.0,37015.0
Ebro,2007,11,0.4041,11966.0,29612.0
Ebro,2007,12,0.4071,12054.0,29612.0
Ebro,2008,1,0.4333,16038.0,37015.0
Ebro,2008,2,0.4638,13733.0,29612.0
Ebro,2008,3,0.474,14037.0,29612.0
Ebro,2008,4,0.6132,22696.0,37015.0
Ebro,2008,5,0.7342,21740.0,29612.0
Ebro,2008,6,0.8164,24174.0,29612.0
Ebro,2008,7,0.8072,29879.0,37015.0
Ebro,2008,8,0.6987,20689.0,29612.0
Ebro,2008,9,0.5957,22050.0,37015.0
Ebro,2008,10,0.5369,15900.0,29612.0
Ebro,2008,11,0.597,17679.0,29612.0
Ebro,2008,12,0.6541,24213.0,37015.0
Ebro,2009,1,0.6804,20148.0,29612.0
Ebro,2009,2,0.7432,22009.0,29612.0
Ebro,2009,3,0.744,27539.0,37015.0
Ebro,2009,4,0.7662,22689.0,29612.0
Ebro,2009,5,0.8135,24089.0,29612.0
Ebro,2009,6,0.8383,31028.0,37015.0
Ebro,2009,7,0.7552,22362.0,29612.0
Ebro,2009,8,0.6445,19085.0,29612.0
Ebro,2009,9,0.5466,20232.0,37015.0
Ebro,2009,10,0.5086,15062.0,29612.0
Ebro,2009,11,0.5466,16186.0,29612.0
Ebro,2009,12,0.6068,22461.0,37015.0
Ebro,2010,1,0.7348,21759.0,29612.0
Ebro,2010,2,0.7549,22590.0,29924.0
Ebro,2010,3,0.7693,28875.0,37535.0
Ebro,2010,4,0.7754,23283.0,30028.0
Ebro,2010,5,0.8104,24334.0,30028.0
Ebro,2010,6,0.847,31793.0,37535.0
Ebro,2010,7,0.8269,24831.0,30028.0
Ebro,2010,8,0.734,27550.0,37535.0
Ebro,2010,9,0.6311,18952.0,30028.0
Ebro,2010,10,0.6096,18305.0,30028.0
Ebro,2010,11,0.6357,23862.0,37535.0
Ebro,2010,12,0.7009,21048.0,30028.0
Ebro,2011,1,0.7445,22357.0,30028.0
Ebro,2011,2,0.7335,22027.0,30028.0
Ebro,2011,3,0.787,29540.0,37535.0
Ebro,2011,4,0.816,24504.0,30028.0
Ebro,2011,5,0.8184,30720.0,37535.0
Ebro,2011,6,0.7933,23821.0,30028.0
Ebro,2011,7,0.704,21141.0,30028.0
Ebro,2011,8,0.5783,21706.0,37535.0
Ebro,2011,9,0.4657,13984.0,30028.0
Ebro,2011,10,0.4038,12125.0,30028.0
Ebro,2011,11,0.4586,17214.0,37535.0
Ebro,2011,12,0.5086,15271.0,30028.0
Ebro,2012,1,0.5424,20360.0,37535.0
Ebro,2012,2,0.57,17117.0,30028.0
Ebro,2012,3,0.5804,17427.0,30028.0
Ebro,2012,4,0.5924,17790.0,30028.0
Ebro,2012,5,0.7134,26779.0,37535.0
Ebro,2012,6,0.7268,21825.0,30028.0
Ebro,2012,7,0.6266,23521.0,37535.0
Ebro,2012,8,0.4882,14661.0,30028.0
Ebro,2012,9,0.3765,11306.0,30028.0
Ebro,2012,10,0.3662,13746.0,37535.0
Ebro,2012,11,0.5132,15402.0,30014.0
Ebro,2012,12,0.598,17923.0,29972.0
Ebro,2013,1,0.6443,24141.0,37467.0
Ebro,2013,2,0.7042,21109.0,29976.0
Ebro,2013,3,0.7325,21958.0,29976.0
Ebro,2013,4,0.7811,29268.0,37470.0
Ebro,2013,5,0.8372,25096.0,29976.0
Ebro,2013,6,0.8575,25703.0,29976.0
Ebro,2013,7,0.8608,32255.0,37470.0
Ebro,2013,8,0.7926,23760.0,29976.0
Ebro,2013,9,0.7202,21602.0,29993.0
Ebro,2013,10,0.6731,25280.0,37555.0
Ebro,2013,11,0.6928,20813.0,30044.0
Ebro,2013,12,0.7212,27083.0,37555.0
Ebro,2014,1,0.7701,23136.0,30044.0
Ebro,2014,2,0.8236,24745.0,30044.0
Ebro,2014,3,0.8168,24541.0,30044.0
Ebro,2014,4,0.8353,31369.0,37555.0
Ebro,2014,5,0.8474,25458.0,30044.0
Ebro,2014,6,0.8777,26371.0,30044.0
Ebro,2014,7,0.8485,31864.0,37555.0
Ebro,2014,8,0.7322,21997.0,30044.0
Ebro,2014,9,0.6556,24621.0,37555.0
Ebro,2014,10,0.6339,19045.0,30044.0
Ebro,2014,11,0.6313,18967.0,30044.0
Ebro,2014,12,0.7224,27130.0,37555.0
Ebro,2015,1,0.7354,22095.0,30044.0
Ebro,2015,2,0.7784,23387.0,30044.0
Ebro,2015,3,0.8243,30958.0,37555.0
Ebro,2015,4,0.8225,24710.0,30044.0
Ebro,2015,5,0.837,25147.0,30044.0
Ebro,2015,6,0.8159,30643.0,37555.0
Ebro,2015,7,0.7405,22249.0,30044.0
Ebro,2015,8,0.6661,20011.0,30044.0
Ebro,2015,9,0.6153,23108.0,37555.0
Ebro,2015,10,0.5945,17861.0,30044.0
Ebro,2015,11,0.6102,18332.0,30044.0
Ebro,2015,12,0.6251,23477.0,37555.0
Ebro,2016,1,0.6565,19724.0,30044.0
Ebro,2016,2,0.7096,21318.0,30044.0
Ebro,2016,3,0.7593,28517.0,37555.0
Ebro,2016,4,0.7924,23807.0,30044.0
Ebro,2016,5,0.8219,30867.0,37555.0
Ebro,2016,6,0.8305,24953.0,30044.0
Ebro,2016,7,0.7668,23037.0,30044.0
Ebro,2016,8,0.6378,23952.0,37555.0
Ebro,2016,9,0.5171,15537.0,30044.0
Ebro,2016,10,0.4649,13966.0,30044.0
Ebro,2016,11,0.5005,18798.0,37555.0
Ebro,2016,12,0.5951,17878.0,30044.0
Ebro,2017,1,0.5967,22410.0,37555.0
Ebro,2017,2,0.6861,20612.0,30044.0
Ebro,2017,3,0.7223,21701.0,30044.0
Ebro,2017,4,0.751,22562.0,30044.0
Ebro,2017,5,0.7433,27914.0,37555.0
Ebro,2017,6,0.7435,22339.0,30044.0
Ebro,2017,7,0.6822,20496.0,30044.0
Ebro,2017,8,0.5568,20909.0,37555.0
Ebro,2017,9,0.4601,13824.0,30044.0
Ebro,2017,10,0.4308,16460.0,38210.0
Ebro,2017,11,0.4284,13095.0,30568.0
Ebro,2017,12,0.4536,13866.0,30568.0
Ebro,2018,1,0.5697,21769.0,38210.0
Ebro,2018,2,0.6426,19644.0,30568.0
Ebro,2018,3,0.7168,21911.0,30568.0
Ebro,2018,4,0.7856,24014.0,30568.0
Ebro,2018,5,0.8315,31772.0,38210.0
Ebro,2018,6,0.8908,27229.0,30568.0
Ebro,2018,7,0.8658,33083.0,38210.0
Ebro,2018,8,0.7699,23535.0,30568.0
Ebro,2018,9,0.6896,21079.0,30568.0
Ebro,2018,10,0.6478,24752.0,38210.0
Ebro,2018,11,0.687,21001.0,30568.0
Ebro,2018,12,0.6861,20972.0,30568.0
Ebro,2019,1,0.6646,25394.0,38210.0
Ebro,2019,2,0.7649,23380.0,30568.0
Ebro,2019,3,0.7449,22770.0,30568.0
Ebro,2019,4,0.7219,27583.0,38210.0
Ebro,2019,5,0.7806,23862.0,30568.0
Ebro,2019,6,0.7983,24401.0,30568.0
Ebro,2019,7,0.7187,27462.0,38210.0
Ebro,2019,8,0.5958,18213.0,30568.0
Ebro,2019,9,0.5104,15602.0,30568.0
Ebro,2019,10,0.4561,17428.0,38210.0
Ebro,2019,11,0.5556,16985.0,30568.0
Ebro,2019,12,0.722,27589.0,38210.0
Ebro,2020,1,0.7851,23998.0,30568.0
Ebro,2020,2,0.8054,24620.0,30568.0
Ebro,2020,3,0.8141,31107.0,38210.0
Ebro,2020,4,0.8529,26072.0,30568.0
Ebro,2020,5,0.8971,27423.0,30568.0
Ebro,2020,6,0.9154,34979.0,38210.0
Ebro,2020,7,0.8588,26251.0,30568.0
Ebro,2020,8,0.7557,23101.0,30568.0
Ebro,2020,9,0.6461,24688.0,38210.0
Ebro,2020,10,0.6216,19690.0,31676.0
Ebro,2020,11,0.6363,20155.0,31676.0
Ebro,2020,12,0.6711,26572.0,39595.0
Ebro,2021,1,0.7121,22556.0,31676.0
Ebro,2021,2,0.8013,25381.0,31676.0
Ebro,2021,3,0.813,32190.0,39595.0
Ebro,2021,4,0.782,24772.0,31676.0
Ebro,2021,5,0.8003,25351.0,31676.0
Ebro,2021,6,0.7982,31603.0,39595.0
Ebro,2021,7,0.7401,23442.0,31676.0
Ebro,2021,8,0.6112,24202.0,39595.0
Ebro,2021,9,0.5292,16763.0,31676.0
Ebro,2021,10,0.4997,15830.0,31676.0
Ebro,2021,11,0.4886,19347.0,39595.0
Ebro,2021,12,0.5987,18966.0,31676.0
Ebro,2022,1,0.6463,20471.0,31676.0
Ebro,2022,2,0.6579,20839.0,31676.0
Ebro,2022,3,0.6537,25882.0,39595.0
Ebro,2022,4,0.6955,22030.0,31676.0
Ebro,2022,5,0.7638,30242.0,39595.0
Ebro,2022,6,0.7119,22550.0,31676.0
Ebro,2022,7,0.6239,19740.0,31638.0
Ebro,2022,8,0.4874,19297.0,39595.0
Ebro,2022,9,0.3917,12407.0,31676.0
Ebro,2022,10,0.3534,11258.0,31852.0
Ebro,2022,11,0.3558,14165.0,39815.0
Ebro,2022,12,0.4057,12922.0,31852.0
Ebro,2023,1,0.4742,18882.0,39815.0
Ebro,2023,2,0.556,17711.0,31852.0
Ebro,2023,3,0.5848,18626.0,31852.0
Ebro,2023,4,0.5567,17733.0,31852.0
Ebro,2023,5,0.502,19987.0,39815.0
Ebro,2023,6,0.5062,16124.0,31852.0
Ebro,2023,7,0.5201,16566.0,31852.0
Ebro,2023,8,0.4249,16917.0,39815.0
Ebro,2023,9,0.3661,11661.0,31852.0
Ebro,2023,10,0.3524,13746.0,39010.0
Ebro,2023,11,0.5069,15820.0,31208.0
Ebro,2023,12,0.6054,18892.0,31208.0
Ebro,2024,1,0.6286,24522.0,39010.0
Ebro,2024,2,0.6474,20204.0,31208.0
Ebro,2024,3,0.7023,21917.0,31208.0
Ebro,2024,4,0.7412,28916.0,39010.0
Ebro,2024,5,0.7487,23364.0,31208.0
Ebro,2024,6,0.7535,23514.0,31208.0
Ebro,2024,7,0.6996,27291.0,39010.0
Ebro,2024,8,0.5742,17920.0,31208.0
Ebro,2024,9,0.5473,17081.0,31208.0
Ebro,2024,10,0.6316,24637.0,39010.0
Ebro,2024,11,0.7137,22273.0,31208.0
Ebro,2024,12,0.734,28632.0,39010.0
Ebro,2025,1,0.7551,23566.0,31208.0
Ebro,2025,2,0.7838,24460.0,31208.0
Ebro,2025,3,0.8164,25477.0,31208.0
Ebro,2025,4,0.8632,33672.0,39010.0
Ebro,2025,5,0.8916,27825.0,31208.0
Ebro,2025,6,0.8876,27700.0,31208.0
Ebro,2025,7,0.7976,31115.0,39010.0
Ebro,2025,8,0.6621,20662.0,31208.0
Ebro,2025,9,0.5726,22337.0,39010.0
Ebro,2025,10,0.5326,16621.0,31208.0
Ebro,2025,11,0.5302,16546.0,31208.0
Ebro,2025,12,0.5644,22016.0,39010.0
Ebro,2026,1,0.6024,18801.0,31208.0
Ebro,2026,2,0.7731,24128.0,31208.0
Ebro,2026,3,0.8446,32946.0,39010.0
Ebro,2026,4,0.8398,26210.0,31208.0
Ebro,2026,5,0.8781,27405.0,31208.0
Ebro,2026,6,0.8483,33091.0,39010.0
Ebro,2026,7,0.7646,11931.0,15604.0
Galicia Costa,1988,1,0.638,1692.0,2652.0
Galicia Costa,1988,2,0.8654,2295.0,2652.0
Galicia Costa,1988,3,0.7333,2431.0,3315.0
Galicia Costa,1988,4,0.7138,1893.0,2652.0
Galicia Costa,1988,5,0.8253,2736.0,3315.0
Galicia Costa,1988,6,0.7726,2049.0,2652.0
Galicia Costa,1988,7,0.6237,1654.0,2652.0
Galicia Costa,1988,8,0.5234,1735.0,3315.0
Galicia Costa,1988,9,0.4321,1146.0,2652.0
Galicia Costa,1988,10,0.3903,1035.0,2652.0
Galicia Costa,1988,11,0.3873,1284.0,3315.0
Galicia Costa,1988,12,0.4065,1078.0,2652.0
Galicia Costa,1989,1,0.4151,1376.0,3315.0
Galicia Costa,1989,2,0.3624,961.0,2652.0
Galicia Costa,1989,3,0.5471,1451.0,2652.0
Galicia Costa,1989,4,0.6968,1848.0,2652.0
Galicia Costa,1989,5,0.7985,2647.0,3315.0
Galicia Costa,1989,6,0.8299,2201.0,2652.0
Galicia Costa,1989,7,0.7072,1918.0,2712.0
Galicia Costa,1989,8,0.608,2061.0,3390.0
Galicia Costa,1989,9,0.5265,1428.0,2712.0
Galicia Costa,1989,10,0.4566,1548.0,3390.0
Galicia Costa,1989,11,0.4513,1224.0,2712.0
Galicia Costa,1989,12,0.5575,1512.0,2712.0
Galicia Costa,1990,1,0.6445,2185.0,3390.0
Galicia Costa,1990,2,0.7647,2074.0,2712.0
Galicia Costa,1990,3,0.7673,2081.0,2712.0
Galicia Costa,1990,4,0.6847,1857.0,2712.0
Galicia Costa,1990,5,0.6622,2245.0,3390.0
Galicia Costa,1990,6,0.6206,1683.0,2712.0
Galicia Costa,1990,7,0.5655,1917.0,3390.0
Galicia Costa,1990,8,0.4856,1317.0,2712.0
Galicia Costa,1990,9,0.4358,1182.0,2712.0
Galicia Costa,1990,10,0.3985,1351.0,3390.0
Galicia Costa,1990,11,0.601,1630.0,2712.0
Galicia Costa,1990,12,0.6044,1639.0,2712.0
Galicia Costa,1991,1,0.751,2546.0,3390.0
Galicia Costa,1991,2,0.8046,2182.0,2712.0
Galicia Costa,1991,3,0.8599,2332.0,2712.0
Galicia Costa,1991,4,0.8413,2852.0,3390.0
Galicia Costa,1991,5,0.8414,2282.0,2712.0
Galicia Costa,1991,6,0.8138,2207.0,2712.0
Galicia Costa,1991,7,0.7732,2621.0,3390.0
Galicia Costa,1991,8,0.7319,1985.0,2712.0
Galicia Costa,1991,9,0.6652,1804.0,2712.0
Galicia Costa,1991,10,0.5534,1885.0,3406.0
Galicia Costa,1991,11,0.5601,1528.0,2728.0
Galicia Costa,1991,12,0.4965,1693.0,3410.0
Galicia Costa,1992,1,0.4494,1226.0,2728.0
Galicia Costa,1992,2,0.4582,1250.0,2728.0
Galicia Costa,1992,3,0.4701,1603.0,3410.0
Galicia Costa,1992,4,0.625,1705.0,2728.0
Galicia Costa,1992,5,0.6386,1742.0,2728.0
Galicia Costa,1992,6,0.6683,2279.0,3410.0
Galicia Costa,1992,7,0.6287,1715.0,2728.0
Galicia Costa,1992,8,0.5627,1535.0,2728.0
Galicia Costa,1992,9,0.5449,1858.0,3410.0
Galicia Costa,1992,10,0.5403,1474.0,2728.0
Galicia Costa,1992,11,0.5861,1599.0,2728.0
Galicia Costa,1992,12,0.7687,2629.0,3420.0
Galicia Costa,1993,1,0.6827,1868.0,2736.0
Galicia Costa,1993,2,0.5859,1603.0,2736.0
Galicia Costa,1993,3,0.5532,1892.0,3420.0
Galicia Costa,1993,4,0.5987,1638.0,2736.0
Galicia Costa,1993,5,0.7032,1924.0,2736.0
Galicia Costa,1993,6,0.8211,2808.0,3420.0
Galicia Costa,1993,7,0.7701,2107.0,2736.0
Galicia Costa,1993,8,0.6763,2313.0,3420.0
Galicia Costa,1993,9,0.6283,1719.0,2736.0
Galicia Costa,1993,10,0.7383,2020.0,2736.0
Galicia Costa,1993,11,0.6629,2267.0,3420.0
Galicia Costa,1993,12,0.6773,1853.0,2736.0
Galicia Costa,1994,1,0.879,2405.0,2736.0
Galicia Costa,1994,2,0.7507,2054.0,2736.0
Galicia Costa,1994,3,0.7067,2417.0,3420.0
Galicia Costa,1994,4,0.6806,1862.0,2736.0
Galicia Costa,1994,5,0.7538,2578.0,3420.0
Galicia Costa,1994,6,0.8045,2201.0,2736.0
Galicia Costa,1994,7,0.7124,1949.0,2736.0
Galicia Costa,1994,8,0.617,2110.0,3420.0
Galicia Costa,1994,9,0.5588,1529.0,2736.0
Galicia Costa,1994,10,0.5439,1488.0,2736.0
Galicia Costa,1994,11,0.6088,2082.0,3420.0
Galicia Costa,1994,12,0.5895,1613.0,2736.0
Galicia Costa,1995,1,0.7442,2545.0,3420.0
Galicia Costa,1995,2,0.799,2186.0,2736.0
Galicia Costa,1995,3,0.7946,2174.0,2736.0
Galicia Costa,1995,4,0.6615,1810.0,2736.0
Galicia Costa,1995,5,0.5921,2025.0,3420.0
Galicia Costa,1995,6,0.5504,1506.0,2736.0
Galicia Costa,1995,7,0.4901,1341.0,2736.0
Galicia Costa,1995,8,0.4462,1526.0,3420.0
Galicia Costa,1995,9,0.4178,1143.0,2736.0
Galicia Costa,1995,10,0.4178,1429.0,3420.0
Galicia Costa,1995,11,0.5336,1460.0,2736.0
Galicia Costa,1995,12,0.7376,2018.0,2736.0
Galicia Costa,1996,1,0.8974,3069.0,3420.0
Galicia Costa,1996,2,0.8604,2354.0,2736.0
Galicia Costa,1996,3,0.8695,2379.0,2736.0
Galicia Costa,1996,4,0.8667,2964.0,3420.0
Galicia Costa,1996,5,0.8436,2308.0,2736.0
Galicia Costa,1996,6,0.8045,2201.0,2736.0
Galicia Costa,1996,7,0.719,2459.0,3420.0
Galicia Costa,1996,8,0.6356,1739.0,2736.0
Galicia Costa,1996,9,0.5439,1488.0,2736.0
Galicia Costa,1996,10,0.4956,1695.0,3420.0
Galicia Costa,1996,11,0.4942,1352.0,2736.0
Galicia Costa,1996,12,0.5871,2008.0,3420.0
Galicia Costa,1997,1,0.6385,1747.0,2736.0
Galicia Costa,1997,2,0.686,1877.0,2736.0
Galicia Costa,1997,3,0.7127,1950.0,2736.0
Galicia Costa,1997,4,0.662,2264.0,3420.0
Galicia Costa,1997,5,0.6732,1842.0,2736.0
Galicia Costa,1997,6,0.7493,2050.0,2736.0
Galicia Costa,1997,7,0.7301,2497.0,3420.0
Galicia Costa,1997,8,0.6341,1735.0,2736.0
Galicia Costa,1997,9,0.5357,1832.0,3420.0
Galicia Costa,1997,10,0.4598,1258.0,2736.0
Galicia Costa,1997,11,0.5804,1588.0,2736.0
Galicia Costa,1997,12,0.7655,2618.0,3420.0
Galicia Costa,1998,1,0.7255,1985.0,2736.0
Galicia Costa,1998,2,0.6411,1754.0,2736.0
Galicia Costa,1998,3,0.6482,2217.0,3420.0
Galicia Costa,1998,4,0.803,2197.0,2736.0
Galicia Costa,1998,5,0.8041,2200.0,2736.0
Galicia Costa,1998,6,0.7596,2598.0,3420.0
Galicia Costa,1998,7,0.7401,2025.0,2736.0
Galicia Costa,1998,8,0.6659,1822.0,2736.0
Galicia Costa,1998,9,0.5596,1914.0,3420.0
Galicia Costa,1998,10,0.4974,1361.0,2736.0
Galicia Costa,1998,11,0.4708,1288.0,2736.0
Galicia Costa,1998,12,0.4553,1557.0,3420.0
Galicia Costa,1999,1,0.5387,1474.0,2736.0
Galicia Costa,1999,2,0.5947,1627.0,2736.0
Galicia Costa,1999,3,0.7009,2397.0,3420.0
Galicia Costa,1999,4,0.7661,2096.0,2736.0
Galicia Costa,1999,5,0.8282,2266.0,2736.0
Galicia Costa,1999,6,0.7865,2690.0,3420.0
Galicia Costa,1999,7,0.7343,2009.0,2736.0
Galicia Costa,1999,8,0.6632,2268.0,3420.0
Galicia Costa,1999,9,0.5811,1590.0,2736.0
Galicia Costa,1999,10,0.5621,1538.0,2736.0
Galicia Costa,1999,11,0.6734,2303.0,3420.0
Galicia Costa,1999,12,0.6626,1813.0,2736.0
Galicia Costa,2000,1,0.712,1948.0,2736.0
Galicia Costa,2000,2,0.6635,2269.0,3420.0
Galicia Costa,2000,3,0.6681,1828.0,2736.0
Galicia Costa,2000,4,0.7102,1943.0,2736.0
Galicia Costa,2000,5,0.7904,2703.0,3420.0
Galicia Costa,2000,6,0.7284,1993.0,2736.0
Galicia Costa,2000,7,0.6626,1813.0,2736.0
Galicia Costa,2000,8,0.5784,1978.0,3420.0
Galicia Costa,2000,9,0.4963,1358.0,2736.0
Galicia Costa,2000,10,0.4684,1602.0,3420.0
Galicia Costa,2000,11,0.7562,2069.0,2736.0
Galicia Costa,2000,12,0.8783,2403.0,2736.0
Galicia Costa,2001,1,0.8819,3016.0,3420.0
Galicia Costa,2001,2,0.8505,2327.0,2736.0
Galicia Costa,2001,3,0.8732,2389.0,2736.0
Galicia Costa,2001,4,0.8538,2336.0,2736.0
Galicia Costa,2001,5,0.7468,2554.0,3420.0
Galicia Costa,2001,6,0.739,2022.0,2736.0
Galicia Costa,2001,7,0.7143,2443.0,3420.0
Galicia Costa,2001,8,0.6488,1775.0,2736.0
Galicia Costa,2001,9,0.5493,1503.0,2736.0
Galicia Costa,2001,10,0.4541,1553.0,3420.0
Galicia Costa,2001,11,0.4539,1242.0,2736.0
Galicia Costa,2001,12,0.4108,1124.0,2736.0
Galicia Costa,2002,1,0.4117,1408.0,3420.0
Galicia Costa,2002,2,0.6217,1701.0,2736.0
Galicia Costa,2002,3,0.7456,2040.0,2736.0
Galicia Costa,2002,4,0.7444,2546.0,3420.0
Galicia Costa,2002,5,0.7474,2045.0,2736.0
Galicia Costa,2002,6,0.7621,2085.0,2736.0
Galicia Costa,2002,7,0.7167,2451.0,3420.0
Galicia Costa,2002,8,0.6246,1709.0,2736.0
Galicia Costa,2002,9,0.5417,1482.0,2736.0
Galicia Costa,2002,10,0.4822,1649.0,3420.0
Galicia Costa,2002,11,0.625,1710.0,2736.0
Galicia Costa,2002,12,0.748,2558.0,3420.0
Galicia Costa,2003,1,0.8275,2264.0,2736.0
Galicia Costa,2003,2,0.7588,2076.0,2736.0
Galicia Costa,2003,3,0.7796,2133.0,2736.0
Galicia Costa,2003,4,0.7462,2552.0,3420.0
Galicia Costa,2003,5,0.8099,2216.0,2736.0
Galicia Costa,2003,6,0.7646,2092.0,2736.0
Galicia Costa,2003,7,0.7085,2423.0,3420.0
Galicia Costa,2003,8,0.6308,1726.0,2736.0
Galicia Costa,2003,9,0.5398,1846.0,3420.0
Galicia Costa,2003,10,0.4686,1282.0,2736.0
Galicia Costa,2003,11,0.5567,1523.0,2736.0
Galicia Costa,2003,12,0.6959,2380.0,3420.0
Galicia Costa,2004,1,0.7383,2020.0,2736.0
Galicia Costa,2004,2,0.7306,1999.0,2736.0
Galicia Costa,2004,3,0.6819,2332.0,3420.0
Galicia Costa,2004,4,0.7182,1965.0,2736.0
Galicia Costa,2004,5,0.7851,2148.0,2736.0
Galicia Costa,2004,6,0.7436,2543.0,3420.0
Galicia Costa,2004,7,0.6279,1718.0,2736.0
Galicia Costa,2004,8,0.5064,1732.0,3420.0
Galicia Costa,2004,9,0.4042,1106.0,2736.0
Galicia Costa,2004,10,0.3947,1080.0,2736.0
Galicia Costa,2004,11,0.5222,1786.0,3420.0
Galicia Costa,2004,12,0.4565,1249.0,2736.0
Galicia Costa,2005,1,0.4726,1293.0,2736.0
Galicia Costa,2005,2,0.4667,1277.0,2736.0
Galicia Costa,2005,3,0.4491,1536.0,3420.0
Galicia Costa,2005,4,0.5205,1424.0,2736.0
Galicia Costa,2005,5,0.6246,2136.0,3420.0
Galicia Costa,2005,6,0.6385,1747.0,2736.0
Galicia Costa,2005,7,0.5947,1627.0,2736.0
Galicia Costa,2005,8,0.5348,1829.0,3420.0
Galicia Costa,2005,9,0.4751,1300.0,2736.0
Galicia Costa,2005,10,0.4214,1153.0,2736.0
Galicia Costa,2005,11,0.5327,1822.0,3420.0
Galicia Costa,2005,12,0.6195,1695.0,2736.0
Galicia Costa,2006,1,0.5959,2038.0,3420.0
Galicia Costa,2006,2,0.6473,1771.0,2736.0
Galicia Costa,2006,3,0.765,2093.0,2736.0
Galicia Costa,2006,4,0.7865,2152.0,2736.0
Galicia Costa,2006,5,0.7804,2669.0,3420.0
Galicia Costa,2006,6,0.7325,2004.0,2736.0
Galicia Costa,2006,7,0.6553,1793.0,2736.0
Galicia Costa,2006,8,0.5649,1932.0,3420.0
Galicia Costa,2006,9,0.4825,1320.0,2736.0
Galicia Costa,2006,10,0.5702,1950.0,3420.0
Galicia Costa,2006,11,0.6886,1884.0,2736.0
Galicia Costa,2006,12,0.7836,2144.0,2736.0
Galicia Costa,2007,1,0.7173,2453.0,3420.0
Galicia Costa,2007,2,0.7544,2064.0,2736.0
Galicia Costa,2007,3,0.8191,2241.0,2736.0
Galicia Costa,2007,4,0.7646,2092.0,2736.0
Galicia Costa,2007,5,0.7658,2619.0,3420.0
Galicia Costa,2007,6,0.7752,2121.0,2736.0
Galicia Costa,2007,7,0.7365,2519.0,3420.0
Galicia Costa,2007,8,0.6352,1738.0,2736.0
Galicia Costa,2007,9,0.5373,1470.0,2736.0
Galicia Costa,2007,10,0.4056,1387.0,3420.0
Galicia Costa,2007,11,0.337,922.0,2736.0
Galicia Costa,2007,12,0.3282,898.0,2736.0
Galicia Costa,2008,1,0.4298,1470.0,3420.0
Galicia Costa,2008,2,0.5344,1462.0,2736.0
Galicia Costa,2008,3,0.5135,1405.0,2736.0
Galicia Costa,2008,4,0.6246,2136.0,3420.0
Galicia Costa,2008,5,0.777,2126.0,2736.0
Galicia Costa,2008,6,0.8001,2189.0,2736.0
Galicia Costa,2008,7,0.7477,2557.0,3420.0
Galicia Costa,2008,8,0.6674,1826.0,2736.0
Galicia Costa,2008,9,0.5927,2027.0,3420.0
Galicia Costa,2008,10,0.5194,1421.0,2736.0
Galicia Costa,2008,11,0.515,1409.0,2736.0
Galicia Costa,2008,12,0.6719,2298.0,3420.0
Galicia Costa,2009,1,0.6882,1883.0,2736.0
Galicia Costa,2009,2,0.7968,2180.0,2736.0
Galicia Costa,2009,3,0.6942,2374.0,3420.0
Galicia Costa,2009,4,0.6886,1884.0,2736.0
Galicia Costa,2009,5,0.7127,1950.0,2736.0
Galicia Costa,2009,6,0.7544,2580.0,3420.0
Galicia Costa,2009,7,0.7398,2024.0,2736.0
Galicia Costa,2009,8,0.7105,1944.0,2736.0
Galicia Costa,2009,9,0.6155,2105.0,3420.0
Galicia Costa,2009,10,0.5322,1456.0,2736.0
Galicia Costa,2009,11,0.587,1606.0,2736.0
Galicia Costa,2009,12,0.6906,2362.0,3420.0
Galicia Costa,2010,1,0.7485,2048.0,2736.0
Galicia Costa,2010,2,0.7021,1921.0,2736.0
Galicia Costa,2010,3,0.8064,2758.0,3420.0
Galicia Costa,2010,4,0.8136,2226.0,2736.0
Galicia Costa,2010,5,0.7946,2174.0,2736.0
Galicia Costa,2010,6,0.7918,2708.0,3420.0
Galicia Costa,2010,7,0.7401,2025.0,2736.0
Galicia Costa,2010,8,0.6409,2192.0,3420.0
Galicia Costa,2010,9,0.545,1491.0,2736.0
Galicia Costa,2010,10,0.5,1368.0,2736.0
Galicia Costa,2010,11,0.6038,2065.0,3420.0
Galicia Costa,2010,12,0.6948,1901.0,2736.0
Galicia Costa,2011,1,0.7262,1987.0,2736.0
Galicia Costa,2011,2,0.6762,1850.0,2736.0
Galicia Costa,2011,3,0.6836,2338.0,3420.0
Galicia Costa,2011,4,0.701,1918.0,2736.0
Galicia Costa,2011,5,0.7251,2480.0,3420.0
Galicia Costa,2011,6,0.6985,1911.0,2736.0
Galicia Costa,2011,7,0.6294,1722.0,2736.0
Galicia Costa,2011,8,0.5588,1911.0,3420.0
Galicia Costa,2011,9,0.5058,1384.0,2736.0
Galicia Costa,2011,10,0.4375,1197.0,2736.0
Galicia Costa,2011,11,0.4626,1582.0,3420.0
Galicia Costa,2011,12,0.5296,1449.0,2736.0
Galicia Costa,2012,1,0.5582,1909.0,3420.0
Galicia Costa,2012,2,0.5311,1453.0,2736.0
Galicia Costa,2012,3,0.4949,1354.0,2736.0
Galicia Costa,2012,4,0.5095,1394.0,2736.0
Galicia Costa,2012,5,0.6936,2372.0,3420.0
Galicia Costa,2012,6,0.7401,2025.0,2736.0
Galicia Costa,2012,7,0.7257,2482.0,3420.0
Galicia Costa,2012,8,0.6539,1789.0,2736.0
Galicia Costa,2012,9,0.5932,1623.0,2736.0
Galicia Costa,2012,10,0.5363,1834.0,3420.0
Galicia Costa,2012,11,0.5077,1389.0,2736.0
Galicia Costa,2012,12,0.6224,1703.0,2736.0
Galicia Costa,2013,1,0.7643,2614.0,3420.0
Galicia Costa,2013,2,0.8874,2428.0,2736.0
Galicia Costa,2013,3,0.8977,2456.0,2736.0
Galicia Costa,2013,4,0.9287,3176.0,3420.0
Galicia Costa,2013,5,0.8651,2367.0,2736.0
Galicia Costa,2013,6,0.8483,2321.0,2736.0
Galicia Costa,2013,7,0.807,2760.0,3420.0
Galicia Costa,2013,8,0.7248,1983.0,2736.0
Galicia Costa,2013,9,0.6272,1716.0,2736.0
Galicia Costa,2013,10,0.6035,2064.0,3420.0
Galicia Costa,2013,11,0.8092,2214.0,2736.0
Galicia Costa,2013,12,0.7137,2441.0,3420.0
Galicia Costa,2014,1,0.8882,2430.0,2736.0
Galicia Costa,2014,2,0.9214,2521.0,2736.0
Galicia Costa,2014,3,0.9057,2478.0,2736.0
Galicia Costa,2014,4,0.8646,2957.0,3420.0
Galicia Costa,2014,5,0.8615,2357.0,2736.0
Galicia Costa,2014,6,0.8626,2360.0,2736.0
Galicia Costa,2014,7,0.8477,2899.0,3420.0
Galicia Costa,2014,8,0.7781,2129.0,2736.0
Galicia Costa,2014,9,0.6845,2341.0,3420.0
Galicia Costa,2014,10,0.6462,1768.0,2736.0
Galicia Costa,2014,11,0.7577,2073.0,2736.0
Galicia Costa,2014,12,0.7491,2562.0,3420.0
Galicia Costa,2015,1,0.7167,1961.0,2736.0
Galicia Costa,2015,2,0.8443,2310.0,2736.0
Galicia Costa,2015,3,0.8424,2881.0,3420.0
Galicia Costa,2015,4,0.7982,2184.0,2736.0
Galicia Costa,2015,5,0.8476,2319.0,2736.0
Galicia Costa,2015,6,0.8351,2856.0,3420.0
Galicia Costa,2015,7,0.7803,2135.0,2736.0
Galicia Costa,2015,8,0.7299,1997.0,2736.0
Galicia Costa,2015,9,0.7018,2400.0,3420.0
Galicia Costa,2015,10,0.6893,1886.0,2736.0
Galicia Costa,2015,11,0.6769,1852.0,2736.0
Galicia Costa,2015,12,0.5886,2013.0,3420.0
Galicia Costa,2016,1,0.8183,2239.0,2736.0
Galicia Costa,2016,2,0.8929,2443.0,2736.0
Galicia Costa,2016,3,0.8947,3060.0,3420.0
Galicia Costa,2016,4,0.9086,2486.0,2736.0
Galicia Costa,2016,5,0.914,3126.0,3420.0
Galicia Costa,2016,6,0.9057,2478.0,2736.0
Galicia Costa,2016,7,0.8483,2321.0,2736.0
Galicia Costa,2016,8,0.7523,2573.0,3420.0
Galicia Costa,2016,9,0.651,1781.0,2736.0
Galicia Costa,2016,10,0.5822,1593.0,2736.0
Galicia Costa,2016,11,0.5143,1759.0,3420.0
Galicia Costa,2016,12,0.5022,1374.0,2736.0
Galicia Costa,2017,1,0.4503,1540.0,3420.0
Galicia Costa,2017,2,0.6279,1718.0,2736.0
Galicia Costa,2017,3,0.6871,1880.0,2736.0
Galicia Costa,2017,4,0.7368,2016.0,2736.0
Galicia Costa,2017,5,0.748,2558.0,3420.0
Galicia Costa,2017,6,0.731,2000.0,2736.0
Galicia Costa,2017,7,0.6923,1894.0,2736.0
Galicia Costa,2017,8,0.6289,2151.0,3420.0
Galicia Costa,2017,9,0.5662,1549.0,2736.0
Galicia Costa,2017,10,0.4977,1702.0,3420.0
Galicia Costa,2017,11,0.4181,1144.0,2736.0
Galicia Costa,2017,12,0.443,1212.0,2736.0
Galicia Costa,2018,1,0.6275,2146.0,3420.0
Galicia Costa,2018,2,0.7343,2009.0,2736.0
Galicia Costa,2018,3,0.8542,2337.0,2736.0
Galicia Costa,2018,4,0.8991,2460.0,2736.0
Galicia Costa,2018,5,0.8901,3044.0,3420.0
Galicia Costa,2018,6,0.9061,2479.0,2736.0
Galicia Costa,2018,7,0.8556,2926.0,3420.0
Galicia Costa,2018,8,0.7416,2029.0,2736.0
Galicia Costa,2018,9,0.6469,1770.0,2736.0
Galicia Costa,2018,10,0.5585,1910.0,3420.0
Galicia Costa,2018,11,0.6129,1677.0,2736.0
Galicia Costa,2018,12,0.6999,1915.0,2736.0
Galicia Costa,2019,1,0.6904,2361.0,3420.0
Galicia Costa,2019,2,0.8026,2196.0,2736.0
Galicia Costa,2019,3,0.7336,2007.0,2736.0
Galicia Costa,2019,4,0.781,2671.0,3420.0
Galicia Costa,2019,5,0.8918,2440.0,2736.0
Galicia Costa,2019,6,0.9035,2472.0,2736.0
Galicia Costa,2019,7,0.8415,2878.0,3420.0
Galicia Costa,2019,8,0.7624,2086.0,2736.0
Galicia Costa,2019,9,0.6966,1906.0,2736.0
Galicia Costa,2019,10,0.6459,2209.0,3420.0
Galicia Costa,2019,11,0.7913,2165.0,2736.0
Galicia Costa,2019,12,0.9032,3089.0,3420.0
Galicia Costa,2020,1,0.8297,2270.0,2736.0
Galicia Costa,2020,2,0.8677,2374.0,2736.0
Galicia Costa,2020,3,0.8313,2843.0,3420.0
Galicia Costa,2020,4,0.8077,2210.0,2736.0
Galicia Costa,2020,5,0.8787,2404.0,2736.0
Galicia Costa,2020,6,0.8424,2881.0,3420.0
Galicia Costa,2020,7,0.7518,2057.0,2736.0
Galicia Costa,2020,8,0.6524,1785.0,2736.0
Galicia Costa,2020,9,0.5871,2008.0,3420.0
Galicia Costa,2020,10,0.5899,1614.0,2736.0
Galicia Costa,2020,11,0.6389,1748.0,2736.0
Galicia Costa,2020,12,0.7149,2445.0,3420.0
Galicia Costa,2021,1,0.8322,2277.0,2736.0
Galicia Costa,2021,2,0.9057,2478.0,2736.0
Galicia Costa,2021,3,0.8246,2820.0,3420.0
Galicia Costa,2021,4,0.7613,2083.0,2736.0
Galicia Costa,2021,5,0.7668,2098.0,2736.0
Galicia Costa,2021,6,0.7649,2616.0,3420.0
Galicia Costa,2021,7,0.7551,2066.0,2736.0
Galicia Costa,2021,8,0.6737,2304.0,3420.0
Galicia Costa,2021,9,0.5768,1578.0,2736.0
Galicia Costa,2021,10,0.5497,1504.0,2736.0
Galicia Costa,2021,11,0.5161,1765.0,3420.0
Galicia Costa,2021,12,0.5625,1539.0,2736.0
Galicia Costa,2022,1,0.6542,1790.0,2736.0
Galicia Costa,2022,2,0.6188,1693.0,2736.0
Galicia Costa,2022,3,0.643,2199.0,3420.0
Galicia Costa,2022,4,0.6853,1875.0,2736.0
Galicia Costa,2022,5,0.6939,2373.0,3420.0
Galicia Costa,2022,6,0.6798,1860.0,2736.0
Galicia Costa,2022,7,0.6648,1819.0,2736.0
Galicia Costa,2022,8,0.6026,2061.0,3420.0
Galicia Costa,2022,9,0.5439,1488.0,2736.0
Galicia Costa,2022,10,0.4982,1363.0,2736.0
Galicia Costa,2022,11,0.6006,2054.0,3420.0
Galicia Costa,2022,12,0.7222,1976.0,2736.0
Galicia Costa,2023,1,0.9246,3162.0,3420.0
Galicia Costa,2023,2,0.8527,2333.0,2736.0
Galicia Costa,2023,3,0.7961,2178.0,2736.0
Galicia Costa,2023,4,0.8414,2302.0,2736.0
Galicia Costa,2023,5,0.8383,2867.0,3420.0
Galicia Costa,2023,6,0.7781,2129.0,2736.0
Galicia Costa,2023,7,0.7105,1944.0,2736.0
Galicia Costa,2023,8,0.6462,2210.0,3420.0
Galicia Costa,2023,9,0.5837,1597.0,2736.0
Galicia Costa,2023,10,0.6114,2091.0,3420.0
Galicia Costa,2023,11,0.8984,2458.0,2736.0
Galicia Costa,2023,12,0.8805,2409.0,2736.0
Galicia Costa,2024,1,0.8754,2994.0,3420.0
Galicia Costa,2024,2,0.8363,2288.0,2736.0
Galicia Costa,2024,3,0.913,2498.0,2736.0
Galicia Costa,2024,4,0.8599,2941.0,3420.0
Galicia Costa,2024,5,0.8596,2352.0,2736.0
Galicia Costa,2024,6,0.7884,2157.0,2736.0
Galicia Costa,2024,7,0.7246,2478.0,3420.0
Galicia Costa,2024,8,0.6356,1739.0,2736.0
Galicia Costa,2024,9,0.5398,1477.0,2736.0
Galicia Costa,2024,10,0.6602,2258.0,3420.0
Galicia Costa,2024,11,0.7018,1920.0,2736.0
Galicia Costa,2024,12,0.7927,2711.0,3420.0
Galicia Costa,2025,1,0.8611,2356.0,2736.0
Galicia Costa,2025,2,0.8988,2459.0,2736.0
Galicia Costa,2025,3,0.8132,2225.0,2736.0
Galicia Costa,2025,4,0.7991,2733.0,3420.0
Galicia Costa,2025,5,0.8081,2211.0,2736.0
Galicia Costa,2025,6,0.7226,1977.0,2736.0
Galicia Costa,2025,7,0.6284,2149.0,3420.0
Galicia Costa,2025,8,0.5428,1485.0,2736.0
Galicia Costa,2025,9,0.4705,1609.0,3420.0
Galicia Costa,2025,10,0.4269,1168.0,2736.0
Galicia Costa,2025,11,0.5095,1394.0,2736.0
Galicia Costa,2025,12,0.712,2435.0,3420.0
Galicia Costa,2026,1,0.7197,1969.0,2736.0
Galicia Costa,2026,2,0.9221,2523.0,2736.0
Galicia Costa,2026,3,0.8968,3067.0,3420.0
Galicia Costa,2026,4,0.8596,2352.0,2736.0
Galicia Costa,2026,5,0.8041,2200.0,2736.0
Galicia Costa,2026,6,0.7354,2515.0,3420.0
Galicia Costa,2026,7,0.6659,911.0,1368.0
Guadalete-Barbate,1988,1,0.5947,1137.0,1912.0
Guadalete-Barbate,1988,2,0.7751,1482.0,1912.0
Guadalete-Barbate,1988,3,0.8201,1960.0,2390.0
Guadalete-Barbate,1988,4,0.8075,1544.0,1912.0
Guadalete-Barbate,1988,5,0.7787,1861.0,2390.0
Guadalete-Barbate,1988,6,0.7469,1428.0,1912.0
Guadalete-Barbate,1988,7,0.6857,1311.0,1912.0
Guadalete-Barbate,1988,8,0.5331,1274.0,2390.0
Guadalete-Barbate,1988,9,0.3839,734.0,1912.0
Guadalete-Barbate,1988,10,0.3128,598.0,1912.0
Guadalete-Barbate,1988,11,0.2983,713.0,2390.0
Guadalete-Barbate,1988,12,0.2913,557.0,1912.0
Guadalete-Barbate,1989,1,0.2791,667.0,2390.0
Guadalete-Barbate,1989,2,0.2955,565.0,1912.0
Guadalete-Barbate,1989,3,0.3337,638.0,1912.0
Guadalete-Barbate,1989,4,0.3468,663.0,1912.0
Guadalete-Barbate,1989,5,0.3464,828.0,2390.0
Guadalete-Barbate,1989,6,0.2997,573.0,1912.0
Guadalete-Barbate,1989,7,0.2395,458.0,1912.0
Guadalete-Barbate,1989,8,0.1715,410.0,2390.0
Guadalete-Barbate,1989,9,0.137,262.0,1912.0
Guadalete-Barbate,1989,10,0.1192,285.0,2390.0
Guadalete-Barbate,1989,11,0.1684,322.0,1912.0
Guadalete-Barbate,1989,12,0.5832,1115.0,1912.0
Guadalete-Barbate,1990,1,0.9025,2157.0,2390.0
Guadalete-Barbate,1990,2,0.8818,1686.0,1912.0
Guadalete-Barbate,1990,3,0.8855,1693.0,1912.0
Guadalete-Barbate,1990,4,0.8781,1679.0,1912.0
Guadalete-Barbate,1990,5,0.8561,2046.0,2390.0
Guadalete-Barbate,1990,6,0.7777,1487.0,1912.0
Guadalete-Barbate,1990,7,0.6753,1614.0,2390.0
Guadalete-Barbate,1990,8,0.5586,1068.0,1912.0
Guadalete-Barbate,1990,9,0.4937,944.0,1912.0
Guadalete-Barbate,1990,10,0.4519,1080.0,2390.0
Guadalete-Barbate,1990,11,0.4487,858.0,1912.0
Guadalete-Barbate,1990,12,0.4702,899.0,1912.0
Guadalete-Barbate,1991,1,0.51,1219.0,2390.0
Guadalete-Barbate,1991,2,0.5309,1015.0,1912.0
Guadalete-Barbate,1991,3,0.7945,1519.0,1912.0
Guadalete-Barbate,1991,4,0.8962,2142.0,2390.0
Guadalete-Barbate,1991,5,0.8724,1668.0,1912.0
Guadalete-Barbate,1991,6,0.8033,1536.0,1912.0
Guadalete-Barbate,1991,7,0.71,1697.0,2390.0
Guadalete-Barbate,1991,8,0.6104,1167.0,1912.0
Guadalete-Barbate,1991,9,0.5303,1014.0,1912.0
Guadalete-Barbate,1991,10,0.5025,1201.0,2390.0
Guadalete-Barbate,1991,11,0.5,956.0,1912.0
Guadalete-Barbate,1991,12,0.4996,1194.0,2390.0
Guadalete-Barbate,1992,1,0.4916,940.0,1912.0
Guadalete-Barbate,1992,2,0.4848,927.0,1912.0
Guadalete-Barbate,1992,3,0.4787,1144.0,2390.0
Guadalete-Barbate,1992,4,0.5031,962.0,1912.0
Guadalete-Barbate,1992,5,0.4681,895.0,1912.0
Guadalete-Barbate,1992,6,0.4197,1003.0,2390.0
Guadalete-Barbate,1992,7,0.3797,726.0,1912.0
Guadalete-Barbate,1992,8,0.3039,581.0,1912.0
Guadalete-Barbate,1992,9,0.2331,557.0,2390.0
Guadalete-Barbate,1992,10,0.2144,410.0,1912.0
Guadalete-Barbate,1992,11,0.2202,421.0,1912.0
Guadalete-Barbate,1992,12,0.2176,520.0,2390.0
Guadalete-Barbate,1993,1,0.2129,407.0,1912.0
Guadalete-Barbate,1993,2,0.2097,401.0,1912.0
Guadalete-Barbate,1993,3,0.2038,487.0,2390.0
Guadalete-Barbate,1993,4,0.1993,381.0,1912.0
Guadalete-Barbate,1993,5,0.2024,387.0,1912.0
Guadalete-Barbate,1993,6,0.1987,475.0,2390.0
Guadalete-Barbate,1993,7,0.1726,330.0,1912.0
Guadalete-Barbate,1993,8,0.1427,341.0,2390.0
Guadalete-Barbate,1993,9,0.1203,230.0,1912.0
Guadalete-Barbate,1993,10,0.1119,214.0,1912.0
Guadalete-Barbate,1993,11,0.1452,347.0,2390.0
Guadalete-Barbate,1993,12,0.1186,312.0,2631.0
Guadalete-Barbate,1994,1,0.1872,358.0,1912.0
Guadalete-Barbate,1994,2,0.0857,565.0,6592.0
Guadalete-Barbate,1994,3,0.1005,828.0,8240.0
Guadalete-Barbate,1994,4,0.1022,674.0,6592.0
Guadalete-Barbate,1994,5,0.0984,811.0,8240.0
Guadalete-Barbate,1994,6,0.0897,591.0,6592.0
Guadalete-Barbate,1994,7,0.0786,518.0,6592.0
Guadalete-Barbate,1994,8,0.0665,548.0,8240.0
Guadalete-Barbate,1994,9,0.0567,374.0,6592.0
Guadalete-Barbate,1994,10,0.0522,344.0,6592.0
Guadalete-Barbate,1994,11,0.0501,413.0,8240.0
Guadalete-Barbate,1994,12,0.0469,309.0,6592.0
Guadalete-Barbate,1995,1,0.0453,373.0,8240.0
Guadalete-Barbate,1995,2,0.049,323.0,6592.0
Guadalete-Barbate,1995,3,0.0519,342.0,6592.0
Guadalete-Barbate,1995,4,0.0492,324.0,6592.0
Guadalete-Barbate,1995,5,0.0445,367.0,8240.0
Guadalete-Barbate,1995,6,0.0387,255.0,6592.0
Guadalete-Barbate,1995,7,0.0319,210.0,6592.0
Guadalete-Barbate,1995,8,0.0271,223.0,8240.0
Guadalete-Barbate,1995,9,0.024,158.0,6592.0
Guadalete-Barbate,1995,10,0.0214,176.0,8240.0
Guadalete-Barbate,1995,11,0.0209,138.0,6592.0
Guadalete-Barbate,1995,12,0.0296,195.0,6592.0
Guadalete-Barbate,1996,1,0.2489,2051.0,8240.0
Guadalete-Barbate,1996,2,0.4935,3253.0,6592.0
Guadalete-Barbate,1996,3,0.5106,3366.0,6592.0
Guadalete-Barbate,1996,4,0.5193,4279.0,8240.0
Guadalete-Barbate,1996,5,0.5385,3550.0,6592.0
Guadalete-Barbate,1996,6,0.5311,3501.0,6592.0
Guadalete-Barbate,1996,7,0.5028,4143.0,8240.0
Guadalete-Barbate,1996,8,0.4733,3120.0,6592.0
Guadalete-Barbate,1996,9,0.4525,2983.0,6592.0
Guadalete-Barbate,1996,10,0.442,3642.0,8240.0
Guadalete-Barbate,1996,11,0.4378,2886.0,6592.0
Guadalete-Barbate,1996,12,0.514,4235.0,8240.0
Guadalete-Barbate,1997,1,0.7338,4837.0,6592.0
Guadalete-Barbate,1997,2,0.7363,4854.0,6592.0
Guadalete-Barbate,1997,3,0.7209,4752.0,6592.0
Guadalete-Barbate,1997,4,0.7109,5858.0,8240.0
Guadalete-Barbate,1997,5,0.6969,4594.0,6592.0
Guadalete-Barbate,1997,6,0.6867,4527.0,6592.0
Guadalete-Barbate,1997,7,0.6593,5433.0,8240.0
Guadalete-Barbate,1997,8,0.6247,4118.0,6592.0
Guadalete-Barbate,1997,9,0.595,4903.0,8240.0
Guadalete-Barbate,1997,10,0.5836,3847.0,6592.0
Guadalete-Barbate,1997,11,0.59,3889.0,6592.0
Guadalete-Barbate,1997,12,0.693,5710.0,8240.0
Guadalete-Barbate,1998,1,0.7858,5180.0,6592.0
Guadalete-Barbate,1998,2,0.8621,5683.0,6592.0
Guadalete-Barbate,1998,3,0.8725,7189.0,8240.0
Guadalete-Barbate,1998,4,0.8653,5704.0,6592.0
Guadalete-Barbate,1998,5,0.8598,5668.0,6592.0
Guadalete-Barbate,1998,6,0.8427,6944.0,8240.0
Guadalete-Barbate,1998,7,0.8042,5301.0,6592.0
Guadalete-Barbate,1998,8,0.7652,5044.0,6592.0
Guadalete-Barbate,1998,9,0.7262,5984.0,8240.0
Guadalete-Barbate,1998,10,0.7036,4638.0,6592.0
Guadalete-Barbate,1998,11,0.684,4509.0,6592.0
Guadalete-Barbate,1998,12,0.6627,5461.0,8240.0
Guadalete-Barbate,1999,1,0.6567,4329.0,6592.0
Guadalete-Barbate,1999,2,0.6555,4321.0,6592.0
Guadalete-Barbate,1999,3,0.6521,5373.0,8240.0
Guadalete-Barbate,1999,4,0.6484,4274.0,6592.0
Guadalete-Barbate,1999,5,0.6303,4155.0,6592.0
Guadalete-Barbate,1999,6,0.5937,4892.0,8240.0
Guadalete-Barbate,1999,7,0.549,3619.0,6592.0
Guadalete-Barbate,1999,8,0.5091,4195.0,8240.0
Guadalete-Barbate,1999,9,0.4801,3165.0,6592.0
Guadalete-Barbate,1999,10,0.4725,3115.0,6592.0
Guadalete-Barbate,1999,11,0.5062,4171.0,8240.0
Guadalete-Barbate,1999,12,0.5033,3318.0,6592.0
Guadalete-Barbate,2000,1,0.5167,3406.0,6592.0
Guadalete-Barbate,2000,2,0.5186,4273.0,8240.0
Guadalete-Barbate,2000,3,0.5064,3338.0,6592.0
Guadalete-Barbate,2000,4,0.5015,3306.0,6592.0
Guadalete-Barbate,2000,5,0.5191,4277.0,8240.0
Guadalete-Barbate,2000,6,0.5029,3315.0,6592.0
Guadalete-Barbate,2000,7,0.4707,3103.0,6592.0
Guadalete-Barbate,2000,8,0.4323,3562.0,8240.0
Guadalete-Barbate,2000,9,0.4005,2640.0,6592.0
Guadalete-Barbate,2000,10,0.3876,3194.0,8240.0
Guadalete-Barbate,2000,11,0.3861,2545.0,6592.0
Guadalete-Barbate,2000,12,0.4037,2661.0,6592.0
Guadalete-Barbate,2001,1,0.6518,5371.0,8240.0
Guadalete-Barbate,2001,2,0.7808,5147.0,6592.0
Guadalete-Barbate,2001,3,0.8439,5563.0,6592.0
Guadalete-Barbate,2001,4,0.8706,5739.0,6592.0
Guadalete-Barbate,2001,5,0.8592,7080.0,8240.0
Guadalete-Barbate,2001,6,0.8348,5503.0,6592.0
Guadalete-Barbate,2001,7,0.7899,6509.0,8240.0
Guadalete-Barbate,2001,8,0.7494,4940.0,6592.0
Guadalete-Barbate,2001,9,0.7198,4745.0,6592.0
Guadalete-Barbate,2001,10,0.7078,5832.0,8240.0
Guadalete-Barbate,2001,11,0.7066,4658.0,6592.0
Guadalete-Barbate,2001,12,0.7007,4619.0,6592.0
Guadalete-Barbate,2002,1,0.7006,5773.0,8240.0
Guadalete-Barbate,2002,2,0.6993,4610.0,6592.0
Guadalete-Barbate,2002,3,0.7025,4631.0,6592.0
Guadalete-Barbate,2002,4,0.7164,5903.0,8240.0
Guadalete-Barbate,2002,5,0.7051,4648.0,6592.0
Guadalete-Barbate,2002,6,0.6776,4467.0,6592.0
Guadalete-Barbate,2002,7,0.6367,5246.0,8240.0
Guadalete-Barbate,2002,8,0.5931,3910.0,6592.0
Guadalete-Barbate,2002,9,0.5643,3720.0,6592.0
Guadalete-Barbate,2002,10,0.553,4557.0,8240.0
Guadalete-Barbate,2002,11,0.5464,3602.0,6592.0
Guadalete-Barbate,2002,12,0.6064,4997.0,8240.0
Guadalete-Barbate,2003,1,0.6782,4471.0,6592.0
Guadalete-Barbate,2003,2,0.7335,4835.0,6592.0
Guadalete-Barbate,2003,3,0.7662,5051.0,6592.0
Guadalete-Barbate,2003,4,0.7884,6497.0,8241.0
Guadalete-Barbate,2003,5,0.8067,5321.0,6596.0
Guadalete-Barbate,2003,6,0.7814,5154.0,6596.0
Guadalete-Barbate,2003,7,0.7394,6096.0,8245.0
Guadalete-Barbate,2003,8,0.6942,4579.0,6596.0
Guadalete-Barbate,2003,9,0.6568,5415.0,8245.0
Guadalete-Barbate,2003,10,0.6436,4245.0,6596.0
Guadalete-Barbate,2003,11,0.6709,4425.0,6596.0
Guadalete-Barbate,2003,12,0.7492,6177.0,8245.0
Guadalete-Barbate,2004,1,0.7779,5131.0,6596.0
Guadalete-Barbate,2004,2,0.7785,5135.0,6596.0
Guadalete-Barbate,2004,3,0.8163,6730.0,8245.0
Guadalete-Barbate,2004,4,0.8567,5651.0,6596.0
Guadalete-Barbate,2004,5,0.8698,5737.0,6596.0
Guadalete-Barbate,2004,6,0.8583,7077.0,8245.0
Guadalete-Barbate,2004,7,0.8178,5394.0,6596.0
Guadalete-Barbate,2004,8,0.7698,6347.0,8245.0
Guadalete-Barbate,2004,9,0.7324,4831.0,6596.0
Guadalete-Barbate,2004,10,0.7126,4700.0,6596.0
Guadalete-Barbate,2004,11,0.7075,5833.0,8245.0
Guadalete-Barbate,2004,12,0.7,4617.0,6596.0
Guadalete-Barbate,2005,1,0.6924,4567.0,6596.0
Guadalete-Barbate,2005,2,0.6821,4499.0,6596.0
Guadalete-Barbate,2005,3,0.6832,5633.0,8245.0
Guadalete-Barbate,2005,4,0.6763,4461.0,6596.0
Guadalete-Barbate,2005,5,0.6438,5308.0,8245.0
Guadalete-Barbate,2005,6,0.6002,3959.0,6596.0
Guadalete-Barbate,2005,7,0.5585,3684.0,6596.0
Guadalete-Barbate,2005,8,0.513,4230.0,8245.0
Guadalete-Barbate,2005,9,0.4788,3158.0,6596.0
Guadalete-Barbate,2005,10,0.4668,3079.0,6596.0
Guadalete-Barbate,2005,11,0.4612,3803.0,8245.0
Guadalete-Barbate,2005,12,0.4565,3011.0,6596.0
Guadalete-Barbate,2006,1,0.4542,3745.0,8245.0
Guadalete-Barbate,2006,2,0.4657,3072.0,6596.0
Guadalete-Barbate,2006,3,0.485,3199.0,6596.0
Guadalete-Barbate,2006,4,0.5009,3304.0,6596.0
Guadalete-Barbate,2006,5,0.4881,4024.0,8245.0
Guadalete-Barbate,2006,6,0.4597,3032.0,6596.0
Guadalete-Barbate,2006,7,0.4318,2848.0,6596.0
Guadalete-Barbate,2006,8,0.4007,3304.0,8245.0
Guadalete-Barbate,2006,9,0.3758,2479.0,6596.0
Guadalete-Barbate,2006,10,0.3657,3015.0,8245.0
Guadalete-Barbate,2006,11,0.361,2381.0,6596.0
Guadalete-Barbate,2006,12,0.3739,2466.0,6596.0
Guadalete-Barbate,2007,1,0.3744,3087.0,8245.0
Guadalete-Barbate,2007,2,0.4192,2765.0,6596.0
Guadalete-Barbate,2007,3,0.4333,2858.0,6596.0
Guadalete-Barbate,2007,4,0.4322,2851.0,6596.0
Guadalete-Barbate,2007,5,0.4281,3530.0,8245.0
Guadalete-Barbate,2007,6,0.4099,2704.0,6596.0
Guadalete-Barbate,2007,7,0.3784,3120.0,8245.0
Guadalete-Barbate,2007,8,0.344,2269.0,6596.0
Guadalete-Barbate,2007,9,0.324,2137.0,6596.0
Guadalete-Barbate,2007,10,0.3144,2592.0,8245.0
Guadalete-Barbate,2007,11,0.305,2012.0,6596.0
Guadalete-Barbate,2007,12,0.3002,1980.0,6596.0
Guadalete-Barbate,2008,1,0.302,2490.0,8245.0
Guadalete-Barbate,2008,2,0.3012,1987.0,6596.0
Guadalete-Barbate,2008,3,0.2973,1961.0,6596.0
Guadalete-Barbate,2008,4,0.3118,2571.0,8245.0
Guadalete-Barbate,2008,5,0.3398,2241.0,6596.0
Guadalete-Barbate,2008,6,0.3284,2166.0,6596.0
Guadalete-Barbate,2008,7,0.3038,2505.0,8245.0
Guadalete-Barbate,2008,8,0.2624,1731.0,6596.0
Guadalete-Barbate,2008,9,0.2424,1999.0,8245.0
Guadalete-Barbate,2008,10,0.2441,1610.0,6596.0
Guadalete-Barbate,2008,11,0.2834,1869.0,6596.0
Guadalete-Barbate,2008,12,0.3152,2599.0,8245.0
Guadalete-Barbate,2009,1,0.3573,2357.0,6596.0
Guadalete-Barbate,2009,2,0.4892,3227.0,6596.0
Guadalete-Barbate,2009,3,0.5388,4442.0,8245.0
Guadalete-Barbate,2009,4,0.5444,3591.0,6596.0
Guadalete-Barbate,2009,5,0.537,3542.0,6596.0
Guadalete-Barbate,2009,6,0.5134,4233.0,8245.0
Guadalete-Barbate,2009,7,0.4792,3161.0,6596.0
Guadalete-Barbate,2009,8,0.4462,2943.0,6596.0
Guadalete-Barbate,2009,9,0.4196,3460.0,8245.0
Guadalete-Barbate,2009,10,0.4077,2689.0,6596.0
Guadalete-Barbate,2009,11,0.4007,2643.0,6596.0
Guadalete-Barbate,2009,12,0.4298,3544.0,8245.0
Guadalete-Barbate,2010,1,0.681,4492.0,6596.0
Guadalete-Barbate,2010,2,0.7878,5196.0,6596.0
Guadalete-Barbate,2010,3,0.9323,7687.0,8245.0
Guadalete-Barbate,2010,4,0.9503,6268.0,6596.0
Guadalete-Barbate,2010,5,0.9459,6239.0,6596.0
Guadalete-Barbate,2010,6,0.9305,7672.0,8245.0
Guadalete-Barbate,2010,7,0.9051,5970.0,6596.0
Guadalete-Barbate,2010,8,0.8671,7149.0,8245.0
Guadalete-Barbate,2010,9,0.832,5488.0,6596.0
Guadalete-Barbate,2010,10,0.8228,5427.0,6596.0
Guadalete-Barbate,2010,11,0.8093,6673.0,8245.0
Guadalete-Barbate,2010,12,0.8314,5484.0,6596.0
Guadalete-Barbate,2011,1,0.8754,5774.0,6596.0
Guadalete-Barbate,2011,2,0.896,5910.0,6596.0
Guadalete-Barbate,2011,3,0.9207,7591.0,8245.0
Guadalete-Barbate,2011,4,0.9274,6117.0,6596.0
Guadalete-Barbate,2011,5,0.9322,7686.0,8245.0
Guadalete-Barbate,2011,6,0.9104,6005.0,6596.0
Guadalete-Barbate,2011,7,0.8792,5799.0,6596.0
Guadalete-Barbate,2011,8,0.8424,6946.0,8245.0
Guadalete-Barbate,2011,9,0.8153,5378.0,6596.0
Guadalete-Barbate,2011,10,0.7964,5253.0,6596.0
Guadalete-Barbate,2011,11,0.7984,6583.0,8245.0
Guadalete-Barbate,2011,12,0.7985,5267.0,6596.0
Guadalete-Barbate,2012,1,0.7922,6532.0,8245.0
Guadalete-Barbate,2012,2,0.7862,5186.0,6596.0
Guadalete-Barbate,2012,3,0.7764,5121.0,6596.0
Guadalete-Barbate,2012,4,0.7677,5064.0,6596.0
Guadalete-Barbate,2012,5,0.7628,6289.0,8245.0
Guadalete-Barbate,2012,6,0.7373,4863.0,6596.0
Guadalete-Barbate,2012,7,0.6942,5724.0,8245.0
Guadalete-Barbate,2012,8,0.6493,4283.0,6596.0
Guadalete-Barbate,2012,9,0.6195,4086.0,6596.0
Guadalete-Barbate,2012,10,0.6146,5067.0,8245.0
Guadalete-Barbate,2012,11,0.6939,4577.0,6596.0
Guadalete-Barbate,2012,12,0.7309,4827.0,6604.0
Guadalete-Barbate,2013,1,0.7603,6276.0,8255.0
Guadalete-Barbate,2013,2,0.829,5475.0,6604.0
Guadalete-Barbate,2013,3,0.9129,6029.0,6604.0
Guadalete-Barbate,2013,4,0.9715,8020.0,8255.0
Guadalete-Barbate,2013,5,0.9627,6358.0,6604.0
Guadalete-Barbate,2013,6,0.9393,6203.0,6604.0
Guadalete-Barbate,2013,7,0.9007,7435.0,8255.0
Guadalete-Barbate,2013,8,0.8589,5672.0,6604.0
Guadalete-Barbate,2013,9,0.8239,5441.0,6604.0
Guadalete-Barbate,2013,10,0.7972,6581.0,8255.0
Guadalete-Barbate,2013,11,0.776,5125.0,6604.0
Guadalete-Barbate,2013,12,0.7566,6246.0,8255.0
Guadalete-Barbate,2014,1,0.7611,5026.0,6604.0
Guadalete-Barbate,2014,2,0.8262,5456.0,6604.0
Guadalete-Barbate,2014,3,0.863,5699.0,6604.0
Guadalete-Barbate,2014,4,0.8682,7167.0,8255.0
Guadalete-Barbate,2014,5,0.8677,5730.0,6604.0
Guadalete-Barbate,2014,6,0.8445,5577.0,6604.0
Guadalete-Barbate,2014,7,0.8105,6691.0,8255.0
Guadalete-Barbate,2014,8,0.7724,5101.0,6604.0
Guadalete-Barbate,2014,9,0.7406,6114.0,8255.0
Guadalete-Barbate,2014,10,0.7315,4831.0,6604.0
Guadalete-Barbate,2014,11,0.7332,4842.0,6604.0
Guadalete-Barbate,2014,12,0.7673,6334.0,8255.0
Guadalete-Barbate,2015,1,0.7682,5073.0,6604.0
Guadalete-Barbate,2015,2,0.7874,5200.0,6604.0
Guadalete-Barbate,2015,3,0.7982,6589.0,8255.0
Guadalete-Barbate,2015,4,0.8127,5367.0,6604.0
Guadalete-Barbate,2015,5,0.7959,5256.0,6604.0
Guadalete-Barbate,2015,6,0.7621,6291.0,8255.0
Guadalete-Barbate,2015,7,0.7206,4759.0,6604.0
Guadalete-Barbate,2015,8,0.6813,4499.0,6604.0
Guadalete-Barbate,2015,9,0.6535,5395.0,8255.0
Guadalete-Barbate,2015,10,0.6375,4210.0,6604.0
Guadalete-Barbate,2015,11,0.6416,4237.0,6604.0
Guadalete-Barbate,2015,12,0.6309,5208.0,8255.0
Guadalete-Barbate,2016,1,0.6281,4148.0,6604.0
Guadalete-Barbate,2016,2,0.636,4200.0,6604.0
Guadalete-Barbate,2016,3,0.6518,5381.0,8255.0
Guadalete-Barbate,2016,4,0.6585,4349.0,6604.0
Guadalete-Barbate,2016,5,0.6741,5565.0,8255.0
Guadalete-Barbate,2016,6,0.6641,4386.0,6604.0
Guadalete-Barbate,2016,7,0.6311,4168.0,6604.0
Guadalete-Barbate,2016,8,0.5868,4844.0,8255.0
Guadalete-Barbate,2016,9,0.5515,3642.0,6604.0
Guadalete-Barbate,2016,10,0.5359,3539.0,6604.0
Guadalete-Barbate,2016,11,0.5359,4424.0,8255.0
Guadalete-Barbate,2016,12,0.5662,3739.0,6604.0
Guadalete-Barbate,2017,1,0.566,4672.0,8255.0
Guadalete-Barbate,2017,2,0.5722,3779.0,6604.0
Guadalete-Barbate,2017,3,0.5886,3887.0,6604.0
Guadalete-Barbate,2017,4,0.5792,3825.0,6604.0
Guadalete-Barbate,2017,5,0.5604,4626.0,8255.0
Guadalete-Barbate,2017,6,0.5298,3499.0,6604.0
Guadalete-Barbate,2017,7,0.4902,3237.0,6604.0
Guadalete-Barbate,2017,8,0.4477,3696.0,8255.0
Guadalete-Barbate,2017,9,0.4154,2743.0,6604.0
Guadalete-Barbate,2017,10,0.3979,3285.0,8255.0
Guadalete-Barbate,2017,11,0.3904,2578.0,6604.0
Guadalete-Barbate,2017,12,0.3893,2571.0,6604.0
Guadalete-Barbate,2018,1,0.3969,3276.0,8255.0
Guadalete-Barbate,2018,2,0.3954,2611.0,6604.0
Guadalete-Barbate,2018,3,0.613,4048.0,6604.0
Guadalete-Barbate,2018,4,0.7417,4898.0,6604.0
Guadalete-Barbate,2018,5,0.7689,6347.0,8255.0
Guadalete-Barbate,2018,6,0.7458,4925.0,6604.0
Guadalete-Barbate,2018,7,0.7056,5825.0,8255.0
Guadalete-Barbate,2018,8,0.6635,4382.0,6604.0
Guadalete-Barbate,2018,9,0.6322,4175.0,6604.0
Guadalete-Barbate,2018,10,0.6137,5066.0,8255.0
Guadalete-Barbate,2018,11,0.6308,4166.0,6604.0
Guadalete-Barbate,2018,12,0.6498,4291.0,6604.0
Guadalete-Barbate,2019,1,0.6453,5327.0,8255.0
Guadalete-Barbate,2019,2,0.6604,4361.0,6604.0
Guadalete-Barbate,2019,3,0.654,4319.0,6604.0
Guadalete-Barbate,2019,4,0.6464,5336.0,8255.0
Guadalete-Barbate,2019,5,0.6314,4170.0,6604.0
Guadalete-Barbate,2019,6,0.5971,3943.0,6604.0
Guadalete-Barbate,2019,7,0.5523,4559.0,8255.0
Guadalete-Barbate,2019,8,0.5135,3391.0,6604.0
Guadalete-Barbate,2019,9,0.4815,3180.0,6604.0
Guadalete-Barbate,2019,10,0.4614,3809.0,8255.0
Guadalete-Barbate,2019,11,0.4523,2987.0,6604.0
Guadalete-Barbate,2019,12,0.4693,3874.0,8255.0
Guadalete-Barbate,2020,1,0.5021,3316.0,6604.0
Guadalete-Barbate,2020,2,0.5192,3429.0,6604.0
Guadalete-Barbate,2020,3,0.5129,4234.0,8255.0
Guadalete-Barbate,2020,4,0.515,3401.0,6604.0
Guadalete-Barbate,2020,5,0.5118,3380.0,6604.0
Guadalete-Barbate,2020,6,0.4934,4073.0,8255.0
Guadalete-Barbate,2020,7,0.455,3005.0,6604.0
Guadalete-Barbate,2020,8,0.4041,2669.0,6604.0
Guadalete-Barbate,2020,9,0.3843,3172.0,8255.0
Guadalete-Barbate,2020,10,0.3645,2407.0,6604.0
Guadalete-Barbate,2020,11,0.3592,2372.0,6604.0
Guadalete-Barbate,2020,12,0.368,3038.0,8255.0
Guadalete-Barbate,2021,1,0.3895,2572.0,6604.0
Guadalete-Barbate,2021,2,0.4411,2913.0,6604.0
Guadalete-Barbate,2021,3,0.4726,3901.0,8255.0
Guadalete-Barbate,2021,4,0.4656,3075.0,6604.0
Guadalete-Barbate,2021,5,0.4491,2966.0,6604.0
Guadalete-Barbate,2021,6,0.4194,3462.0,8255.0
Guadalete-Barbate,2021,7,0.3848,2541.0,6604.0
Guadalete-Barbate,2021,8,0.3469,2864.0,8255.0
Guadalete-Barbate,2021,9,0.3204,2116.0,6604.0
Guadalete-Barbate,2021,10,0.3065,2024.0,6604.0
Guadalete-Barbate,2021,11,0.2965,2448.0,8255.0
Guadalete-Barbate,2021,12,0.2918,1927.0,6604.0
Guadalete-Barbate,2022,1,0.3024,1997.0,6604.0
Guadalete-Barbate,2022,2,0.2971,1962.0,6604.0
Guadalete-Barbate,2022,3,0.3047,2515.0,8255.0
Guadalete-Barbate,2022,4,0.3651,2411.0,6604.0
Guadalete-Barbate,2022,5,0.3626,2993.0,8255.0
Guadalete-Barbate,2022,6,0.3356,2216.0,6604.0
Guadalete-Barbate,2022,7,0.3036,2005.0,6604.0
Guadalete-Barbate,2022,8,0.2642,2181.0,8255.0
Guadalete-Barbate,2022,9,0.2389,1578.0,6604.0
Guadalete-Barbate,2022,10,0.2253,1488.0,6604.0
Guadalete-Barbate,2022,11,0.2153,1777.0,8255.0
Guadalete-Barbate,2022,12,0.2539,1677.0,6604.0
Guadalete-Barbate,2023,1,0.3004,2480.0,8255.0
Guadalete-Barbate,2023,2,0.2959,1954.0,6604.0
Guadalete-Barbate,2023,3,0.2982,1969.0,6604.0
Guadalete-Barbate,2023,4,0.286,1889.0,6604.0
Guadalete-Barbate,2023,5,0.2624,2166.0,8255.0
Guadalete-Barbate,2023,6,0.2403,1587.0,6604.0
Guadalete-Barbate,2023,7,0.2127,1405.0,6604.0
Guadalete-Barbate,2023,8,0.1806,1491.0,8255.0
Guadalete-Barbate,2023,9,0.164,1083.0,6604.0
Guadalete-Barbate,2023,10,0.1532,1265.0,8255.0
Guadalete-Barbate,2023,11,0.1488,983.0,6604.0
Guadalete-Barbate,2023,12,0.1464,967.0,6604.0
Guadalete-Barbate,2024,1,0.1449,1196.0,8255.0
Guadalete-Barbate,2024,2,0.1607,1061.0,6604.0
Guadalete-Barbate,2024,3,0.1999,1320.0,6604.0
Guadalete-Barbate,2024,4,0.2978,2458.0,8255.0
Guadalete-Barbate,2024,5,0.301,1988.0,6604.0
Guadalete-Barbate,2024,6,0.2832,1870.0,6604.0
Guadalete-Barbate,2024,7,0.2601,2147.0,8255.0
Guadalete-Barbate,2024,8,0.2352,1553.0,6604.0
Guadalete-Barbate,2024,9,0.217,1433.0,6604.0
Guadalete-Barbate,2024,10,0.2082,1719.0,8255.0
Guadalete-Barbate,2024,11,0.2785,1839.0,6604.0
Guadalete-Barbate,2024,12,0.2838,2343.0,8255.0
Guadalete-Barbate,2025,1,0.2847,1880.0,6604.0
Guadalete-Barbate,2025,2,0.2985,1971.0,6604.0
Guadalete-Barbate,2025,3,0.4088,2700.0,6604.0
Guadalete-Barbate,2025,4,0.5488,4530.0,8255.0
Guadalete-Barbate,2025,5,0.5497,3630.0,6604.0
Guadalete-Barbate,2025,6,0.5301,3501.0,6604.0
Guadalete-Barbate,2025,7,0.4982,4113.0,8255.0
Guadalete-Barbate,2025,8,0.4626,3055.0,6604.0
Guadalete-Barbate,2025,9,0.4346,3588.0,8255.0
Guadalete-Barbate,2025,10,0.4163,2749.0,6604.0
Guadalete-Barbate,2025,11,0.4147,2739.0,6604.0
Guadalete-Barbate,2025,12,0.4316,3563.0,8255.0
Guadalete-Barbate,2026,1,0.5179,3420.0,6604.0
Guadalete-Barbate,2026,2,0.8418,5559.0,6604.0
Guadalete-Barbate,2026,3,0.9101,7513.0,8255.0
Guadalete-Barbate,2026,4,0.9058,5982.0,6604.0
Guadalete-Barbate,2026,5,0.8913,5886.0,6604.0
Guadalete-Barbate,2026,6,0.8615,7112.0,8255.0
Guadalete-Barbate,2026,7,0.8337,2753.0,3302.0
Guadalquivir,1988,1,0.542,9915.0,18292.0
Guadalquivir,1988,2,0.6143,11237.0,18292.0
Guadalquivir,1988,3,0.5899,14541.0,24649.0
Guadalquivir,1988,4,0.5789,11621.0,20076.0
Guadalquivir,1988,5,0.578,14627.0,25308.0
Guadalquivir,1988,6,0.5473,11143.0,20360.0
Guadalquivir,1988,7,0.4899,9974.0,20360.0
Guadalquivir,1988,8,0.3897,9917.0,25450.0
Guadalquivir,1988,9,0.3135,6382.0,20360.0
Guadalquivir,1988,10,0.2941,5987.0,20360.0
Guadalquivir,1988,11,0.3098,7885.0,25450.0
Guadalquivir,1988,12,0.3219,6554.0,20360.0
Guadalquivir,1989,1,0.3248,8267.0,25450.0
Guadalquivir,1989,2,0.3314,6748.0,20360.0
Guadalquivir,1989,3,0.3468,7061.0,20360.0
Guadalquivir,1989,4,0.3551,7229.0,20360.0
Guadalquivir,1989,5,0.3488,8877.0,25450.0
Guadalquivir,1989,6,0.3105,6322.0,20360.0
Guadalquivir,1989,7,0.2571,5234.0,20360.0
Guadalquivir,1989,8,0.1991,5066.0,25450.0
Guadalquivir,1989,9,0.1781,3626.0,20360.0
Guadalquivir,1989,10,0.1776,4521.0,25450.0
Guadalquivir,1989,11,0.2068,4211.0,20360.0
Guadalquivir,1989,12,0.3657,7446.0,20360.0
Guadalquivir,1990,1,0.4772,12255.0,25679.0
Guadalquivir,1990,2,0.5182,11026.0,21276.0
Guadalquivir,1990,3,0.5281,11236.0,21276.0
Guadalquivir,1990,4,0.5329,11354.0,21307.0
Guadalquivir,1990,5,0.5434,14536.0,26750.0
Guadalquivir,1990,6,0.5052,10812.0,21400.0
Guadalquivir,1990,7,0.4385,11729.0,26750.0
Guadalquivir,1990,8,0.366,7833.0,21400.0
Guadalquivir,1990,9,0.322,6890.0,21400.0
Guadalquivir,1990,10,0.3093,8273.0,26750.0
Guadalquivir,1990,11,0.3181,6808.0,21400.0
Guadalquivir,1990,12,0.3251,6957.0,21400.0
Guadalquivir,1991,1,0.3315,8868.0,26750.0
Guadalquivir,1991,2,0.3444,7370.0,21400.0
Guadalquivir,1991,3,0.4681,10018.0,21400.0
Guadalquivir,1991,4,0.5204,13921.0,26750.0
Guadalquivir,1991,5,0.5044,10795.0,21400.0
Guadalquivir,1991,6,0.4606,9857.0,21400.0
Guadalquivir,1991,7,0.3813,10201.0,26750.0
Guadalquivir,1991,8,0.323,6912.0,21400.0
Guadalquivir,1991,9,0.276,5906.0,21400.0
Guadalquivir,1991,10,0.2659,7114.0,26750.0
Guadalquivir,1991,11,0.2688,5753.0,21400.0
Guadalquivir,1991,12,0.2745,7343.0,26750.0
Guadalquivir,1992,1,0.2768,5923.0,21400.0
Guadalquivir,1992,2,0.2796,5984.0,21400.0
Guadalquivir,1992,3,0.2905,7772.0,26750.0
Guadalquivir,1992,4,0.3072,6574.0,21400.0
Guadalquivir,1992,5,0.2988,6394.0,21400.0
Guadalquivir,1992,6,0.2701,7226.0,26750.0
Guadalquivir,1992,7,0.2509,5369.0,21400.0
Guadalquivir,1992,8,0.2013,4442.0,22072.0
Guadalquivir,1992,9,0.1635,4512.0,27590.0
Guadalquivir,1992,10,0.16,3532.0,22072.0
Guadalquivir,1992,11,0.1699,3749.0,22072.0
Guadalquivir,1992,12,0.1735,4786.0,27590.0
Guadalquivir,1993,1,0.1781,3931.0,22072.0
Guadalquivir,1993,2,0.1815,4006.0,22072.0
Guadalquivir,1993,3,0.1826,5037.0,27590.0
Guadalquivir,1993,4,0.1797,3967.0,22072.0
Guadalquivir,1993,5,0.1814,4004.0,22072.0
Guadalquivir,1993,6,0.1883,5194.0,27590.0
Guadalquivir,1993,7,0.1795,3962.0,22072.0
Guadalquivir,1993,8,0.1589,4384.0,27590.0
Guadalquivir,1993,9,0.1477,3261.0,22072.0
Guadalquivir,1993,10,0.1469,3242.0,22072.0
Guadalquivir,1993,11,0.1728,4768.0,27590.0
Guadalquivir,1993,12,0.1828,4028.0,22036.0
Guadalquivir,1994,1,0.1916,4228.0,22072.0
Guadalquivir,1994,2,0.2008,5157.0,25682.0
Guadalquivir,1994,3,0.2229,7150.0,32075.0
Guadalquivir,1994,4,0.222,5695.0,25656.0
Guadalquivir,1994,5,0.2162,6933.0,32070.0
Guadalquivir,1994,6,0.1991,5108.0,25656.0
Guadalquivir,1994,7,0.1693,4343.0,25656.0
Guadalquivir,1994,8,0.1421,4558.0,32070.0
Guadalquivir,1994,9,0.1248,3202.0,25656.0
Guadalquivir,1994,10,0.1182,3032.0,25656.0
Guadalquivir,1994,11,0.1228,3938.0,32070.0
Guadalquivir,1994,12,0.1236,3172.0,25656.0
Guadalquivir,1995,1,0.1257,4032.0,32070.0
Guadalquivir,1995,2,0.1312,3365.0,25656.0
Guadalquivir,1995,3,0.1364,3499.0,25656.0
Guadalquivir,1995,4,0.1367,3508.0,25656.0
Guadalquivir,1995,5,0.1309,4199.0,32070.0
Guadalquivir,1995,6,0.1234,3167.0,25656.0
Guadalquivir,1995,7,0.1188,3047.0,25656.0
Guadalquivir,1995,8,0.1093,3505.0,32070.0
Guadalquivir,1995,9,0.1022,2622.0,25656.0
Guadalquivir,1995,10,0.0944,3026.0,32070.0
Guadalquivir,1995,11,0.1059,2717.0,25656.0
Guadalquivir,1995,12,0.1268,3253.0,25656.0
Guadalquivir,1996,1,0.3862,12384.0,32070.0
Guadalquivir,1996,2,0.6276,16102.0,25656.0
Guadalquivir,1996,3,0.6655,17074.0,25656.0
Guadalquivir,1996,4,0.6918,22186.0,32070.0
Guadalquivir,1996,5,0.7249,18598.0,25656.0
Guadalquivir,1996,6,0.7318,18774.0,25656.0
Guadalquivir,1996,7,0.6819,21868.0,32070.0
Guadalquivir,1996,8,0.6235,15996.0,25656.0
Guadalquivir,1996,9,0.5877,15078.0,25656.0
Guadalquivir,1996,10,0.5842,18735.0,32070.0
Guadalquivir,1996,11,0.5926,15203.0,25656.0
Guadalquivir,1996,12,0.68,21806.0,32070.0
Guadalquivir,1997,1,0.8531,21888.0,25656.0
Guadalquivir,1997,2,0.8637,22158.0,25656.0
Guadalquivir,1997,3,0.8666,22234.0,25656.0
Guadalquivir,1997,4,0.8707,27924.0,32070.0
Guadalquivir,1997,5,0.8675,22257.0,25656.0
Guadalquivir,1997,6,0.8638,22161.0,25656.0
Guadalquivir,1997,7,0.8166,26188.0,32070.0
Guadalquivir,1997,8,0.7475,19179.0,25656.0
Guadalquivir,1997,9,0.7003,22458.0,32070.0
Guadalquivir,1997,10,0.6974,17893.0,25656.0
Guadalquivir,1997,11,0.7318,18776.0,25656.0
Guadalquivir,1997,12,0.8412,26976.0,32070.0
Guadalquivir,1998,1,0.8704,22332.0,25656.0
Guadalquivir,1998,2,0.8841,22682.0,25656.0
Guadalquivir,1998,3,0.8818,28278.0,32070.0
Guadalquivir,1998,4,0.8883,22791.0,25656.0
Guadalquivir,1998,5,0.8904,22844.0,25656.0
Guadalquivir,1998,6,0.8862,28421.0,32070.0
Guadalquivir,1998,7,0.8327,21363.0,25656.0
Guadalquivir,1998,8,0.7739,19856.0,25656.0
Guadalquivir,1998,9,0.7264,23295.0,32070.0
Guadalquivir,1998,10,0.7166,18384.0,25656.0
Guadalquivir,1998,11,0.7113,18249.0,25656.0
Guadalquivir,1998,12,0.7046,22598.0,32070.0
Guadalquivir,1999,1,0.7067,18132.0,25656.0
Guadalquivir,1999,2,0.7121,18269.0,25656.0
Guadalquivir,1999,3,0.6705,23215.0,34622.0
Guadalquivir,1999,4,0.6447,18187.0,28208.0
Guadalquivir,1999,5,0.6118,17258.0,28208.0
Guadalquivir,1999,6,0.5605,19763.0,35260.0
Guadalquivir,1999,7,0.4833,13634.0,28208.0
Guadalquivir,1999,8,0.4088,14415.0,35260.0
Guadalquivir,1999,9,0.3647,10287.0,28208.0
Guadalquivir,1999,10,0.3643,10277.0,28208.0
Guadalquivir,1999,11,0.4109,14487.0,35260.0
Guadalquivir,1999,12,0.4202,11854.0,28208.0
Guadalquivir,2000,1,0.4347,12263.0,28208.0
Guadalquivir,2000,2,0.4433,15631.0,35260.0
Guadalquivir,2000,3,0.4361,12301.0,28208.0
Guadalquivir,2000,4,0.4488,12661.0,28208.0
Guadalquivir,2000,5,0.5203,18345.0,35260.0
Guadalquivir,2000,6,0.5117,14433.0,28208.0
Guadalquivir,2000,7,0.4596,13071.0,28440.0
Guadalquivir,2000,8,0.3963,14087.0,35550.0
Guadalquivir,2000,9,0.3495,9939.0,28440.0
Guadalquivir,2000,10,0.34,12088.0,35550.0
Guadalquivir,2000,11,0.3432,9702.0,28272.0
Guadalquivir,2000,12,0.3596,10227.0,28440.0
Guadalquivir,2001,1,0.5149,18364.0,35665.0
Guadalquivir,2001,2,0.6665,19016.0,28532.0
Guadalquivir,2001,3,0.7687,21933.0,28532.0
Guadalquivir,2001,4,0.816,23282.0,28532.0
Guadalquivir,2001,5,0.8195,29229.0,35665.0
Guadalquivir,2001,6,0.7982,22775.0,28532.0
Guadalquivir,2001,7,0.7312,26079.0,35665.0
Guadalquivir,2001,8,0.6675,19044.0,28532.0
Guadalquivir,2001,9,0.6274,17902.0,28532.0
Guadalquivir,2001,10,0.627,22362.0,35665.0
Guadalquivir,2001,11,0.6584,18786.0,28532.0
Guadalquivir,2001,12,0.668,19059.0,28532.0
Guadalquivir,2002,1,0.6906,24631.0,35665.0
Guadalquivir,2002,2,0.7091,20231.0,28532.0
Guadalquivir,2002,3,0.7248,20704.0,28565.0
Guadalquivir,2002,4,0.7772,27847.0,35830.0
Guadalquivir,2002,5,0.7927,22723.0,28664.0
Guadalquivir,2002,6,0.7551,21644.0,28664.0
Guadalquivir,2002,7,0.69,24723.0,35830.0
Guadalquivir,2002,8,0.6214,17813.0,28664.0
Guadalquivir,2002,9,0.5813,16661.0,28664.0
Guadalquivir,2002,10,0.5744,20579.0,35830.0
Guadalquivir,2002,11,0.5753,16490.0,28664.0
Guadalquivir,2002,12,0.6154,22051.0,35830.0
Guadalquivir,2003,1,0.6775,19419.0,28664.0
Guadalquivir,2003,2,0.7259,20806.0,28664.0
Guadalquivir,2003,3,0.7861,22534.0,28664.0
Guadalquivir,2003,4,0.8231,29467.0,35802.0
Guadalquivir,2003,5,0.8413,24020.0,28552.0
Guadalquivir,2003,6,0.8056,22985.0,28532.0
Guadalquivir,2003,7,0.7383,26330.0,35665.0
Guadalquivir,2003,8,0.6673,19040.0,28532.0
Guadalquivir,2003,9,0.618,22041.0,35665.0
Guadalquivir,2003,10,0.6061,17292.0,28532.0
Guadalquivir,2003,11,0.6653,18981.0,28532.0
Guadalquivir,2003,12,0.7276,25951.0,35665.0
Guadalquivir,2004,1,0.739,21086.0,28532.0
Guadalquivir,2004,2,0.7579,21624.0,28532.0
Guadalquivir,2004,3,0.805,28709.0,35665.0
Guadalquivir,2004,4,0.8486,24212.0,28532.0
Guadalquivir,2004,5,0.8761,24998.0,28532.0
Guadalquivir,2004,6,0.8833,31504.0,35665.0
Guadalquivir,2004,7,0.8297,23674.0,28532.0
Guadalquivir,2004,8,0.762,27176.0,35665.0
Guadalquivir,2004,9,0.7134,20356.0,28532.0
Guadalquivir,2004,10,0.6966,19876.0,28532.0
Guadalquivir,2004,11,0.7062,25188.0,35665.0
Guadalquivir,2004,12,0.7075,20185.0,28532.0
Guadalquivir,2005,1,0.7068,20167.0,28532.0
Guadalquivir,2005,2,0.7033,20066.0,28532.0
Guadalquivir,2005,3,0.6975,24878.0,35665.0
Guadalquivir,2005,4,0.6853,19554.0,28532.0
Guadalquivir,2005,5,0.6388,22784.0,35665.0
Guadalquivir,2005,6,0.5778,16508.0,28570.0
Guadalquivir,2005,7,0.5114,14630.0,28608.0
Guadalquivir,2005,8,0.4401,15739.0,35760.0
Guadalquivir,2005,9,0.3944,11283.0,28608.0
Guadalquivir,2005,10,0.3853,11024.0,28608.0
Guadalquivir,2005,11,0.3852,13776.0,35760.0
Guadalquivir,2005,12,0.3889,11126.0,28608.0
Guadalquivir,2006,1,0.3944,14105.0,35760.0
Guadalquivir,2006,2,0.4048,11580.0,28608.0
Guadalquivir,2006,3,0.4273,12223.0,28608.0
Guadalquivir,2006,4,0.4599,13158.0,28608.0
Guadalquivir,2006,5,0.4581,16382.0,35760.0
Guadalquivir,2006,6,0.4253,12166.0,28608.0
Guadalquivir,2006,7,0.385,11015.0,28608.0
Guadalquivir,2006,8,0.3341,11946.0,35760.0
Guadalquivir,2006,9,0.3032,8673.0,28608.0
Guadalquivir,2006,10,0.3016,10787.0,35760.0
Guadalquivir,2006,11,0.3557,10176.0,28608.0
Guadalquivir,2006,12,0.393,11243.0,28608.0
Guadalquivir,2007,1,0.404,14444.0,35752.0
Guadalquivir,2007,2,0.4221,12070.0,28596.0
Guadalquivir,2007,3,0.4416,12628.0,28596.0
Guadalquivir,2007,4,0.4492,12844.0,28596.0
Guadalquivir,2007,5,0.475,16980.0,35745.0
Guadalquivir,2007,6,0.4714,13480.0,28596.0
Guadalquivir,2007,7,0.4281,15304.0,35745.0
Guadalquivir,2007,8,0.3768,10775.0,28596.0
Guadalquivir,2007,9,0.3502,10013.0,28596.0
Guadalquivir,2007,10,0.3486,12460.0,35745.0
Guadalquivir,2007,11,0.348,9952.0,28596.0
Guadalquivir,2007,12,0.3525,10081.0,28596.0
Guadalquivir,2008,1,0.3581,12802.0,35745.0
Guadalquivir,2008,2,0.3626,10368.0,28596.0
Guadalquivir,2008,3,0.3622,10529.0,29067.0
Guadalquivir,2008,4,0.3872,14145.0,36530.0
Guadalquivir,2008,5,0.4487,13114.0,29224.0
Guadalquivir,2008,6,0.4463,13042.0,29224.0
Guadalquivir,2008,7,0.4039,14754.0,36530.0
Guadalquivir,2008,8,0.3566,10421.0,29224.0
Guadalquivir,2008,9,0.324,11835.0,36530.0
Guadalquivir,2008,10,0.3176,9282.0,29224.0
Guadalquivir,2008,11,0.3267,9548.0,29224.0
Guadalquivir,2008,12,0.345,12604.0,36530.0
Guadalquivir,2009,1,0.3721,10875.0,29224.0
Guadalquivir,2009,2,0.4674,13688.0,29284.0
Guadalquivir,2009,3,0.5294,19496.0,36830.0
Guadalquivir,2009,4,0.5536,16310.0,29464.0
Guadalquivir,2009,5,0.5563,16390.0,29464.0
Guadalquivir,2009,6,0.5155,18987.0,36830.0
Guadalquivir,2009,7,0.4635,13658.0,29464.0
Guadalquivir,2009,8,0.4155,12242.0,29464.0
Guadalquivir,2009,9,0.3761,13853.0,36830.0
Guadalquivir,2009,10,0.3675,10829.0,29464.0
Guadalquivir,2009,11,0.3651,10757.0,29464.0
Guadalquivir,2009,12,0.3971,14912.0,37553.0
Guadalquivir,2010,1,0.6742,21815.0,32356.0
Guadalquivir,2010,2,0.7501,24270.0,32356.0
Guadalquivir,2010,3,0.8612,35326.0,41018.0
Guadalquivir,2010,4,0.8757,29004.0,33120.0
Guadalquivir,2010,5,0.8891,29446.0,33120.0
Guadalquivir,2010,6,0.8813,36484.0,41400.0
Guadalquivir,2010,7,0.8493,28130.0,33120.0
Guadalquivir,2010,8,0.8055,33349.0,41400.0
Guadalquivir,2010,9,0.7666,25390.0,33120.0
Guadalquivir,2010,10,0.7518,24898.0,33120.0
Guadalquivir,2010,11,0.7543,31226.0,41400.0
Guadalquivir,2010,12,0.8536,28272.0,33120.0
Guadalquivir,2011,1,0.847,28052.0,33120.0
Guadalquivir,2011,2,0.8342,27628.0,33120.0
Guadalquivir,2011,3,0.8648,35803.0,41400.0
Guadalquivir,2011,4,0.8786,29098.0,33120.0
Guadalquivir,2011,5,0.8997,37247.0,41400.0
Guadalquivir,2011,6,0.8966,29694.0,33120.0
Guadalquivir,2011,7,0.8589,28448.0,33120.0
Guadalquivir,2011,8,0.8099,33531.0,41400.0
Guadalquivir,2011,9,0.7687,25459.0,33120.0
Guadalquivir,2011,10,0.7489,24804.0,33120.0
Guadalquivir,2011,11,0.754,31217.0,41400.0
Guadalquivir,2011,12,0.763,25272.0,33120.0
Guadalquivir,2012,1,0.7654,31688.0,41400.0
Guadalquivir,2012,2,0.7667,25392.0,33120.0
Guadalquivir,2012,3,0.7567,25062.0,33120.0
Guadalquivir,2012,4,0.7443,24650.0,33120.0
Guadalquivir,2012,5,0.7399,30632.0,41400.0
Guadalquivir,2012,6,0.7065,23375.0,33087.0
Guadalquivir,2012,7,0.6399,25920.0,40505.0
Guadalquivir,2012,8,0.5772,18703.0,32404.0
Guadalquivir,2012,9,0.5387,17455.0,32404.0
Guadalquivir,2012,10,0.5296,21453.0,40505.0
Guadalquivir,2012,11,0.6491,21035.0,32404.0
Guadalquivir,2012,12,0.7065,22893.0,32404.0
Guadalquivir,2013,1,0.7463,30230.0,40505.0
Guadalquivir,2013,2,0.829,26864.0,32404.0
Guadalquivir,2013,3,0.9138,29612.0,32404.0
Guadalquivir,2013,4,0.947,38360.0,40505.0
Guadalquivir,2013,5,0.9475,30702.0,32404.0
Guadalquivir,2013,6,0.9376,30382.0,32404.0
Guadalquivir,2013,7,0.901,36496.0,40505.0
Guadalquivir,2013,8,0.8498,27538.0,32404.0
Guadalquivir,2013,9,0.8171,26476.0,32404.0
Guadalquivir,2013,10,0.7977,32309.0,40505.0
Guadalquivir,2013,11,0.7903,25608.0,32404.0
Guadalquivir,2013,12,0.7877,31904.0,40505.0
Guadalquivir,2014,1,0.8133,26354.0,32404.0
Guadalquivir,2014,2,0.8709,28221.0,32404.0
Guadalquivir,2014,3,0.903,29262.0,32404.0
Guadalquivir,2014,4,0.9114,36916.0,40505.0
Guadalquivir,2014,5,0.908,29422.0,32404.0
Guadalquivir,2014,6,0.8771,28423.0,32404.0
Guadalquivir,2014,7,0.8261,33462.0,40505.0
Guadalquivir,2014,8,0.7708,24978.0,32404.0
Guadalquivir,2014,9,0.732,29651.0,40505.0
Guadalquivir,2014,10,0.7261,23529.0,32404.0
Guadalquivir,2014,11,0.7405,23995.0,32404.0
Guadalquivir,2014,12,0.7795,31575.0,40505.0
Guadalquivir,2015,1,0.7846,25425.0,32404.0
Guadalquivir,2015,2,0.804,26052.0,32404.0
Guadalquivir,2015,3,0.8175,33114.0,40505.0
Guadalquivir,2015,4,0.8236,26689.0,32404.0
Guadalquivir,2015,5,0.8083,26192.0,32404.0
Guadalquivir,2015,6,0.7586,30729.0,40505.0
Guadalquivir,2015,7,0.6991,22655.0,32404.0
Guadalquivir,2015,8,0.6469,20962.0,32404.0
Guadalquivir,2015,9,0.61,24708.0,40505.0
Guadalquivir,2015,10,0.5949,19277.0,32404.0
Guadalquivir,2015,11,0.6019,19504.0,32404.0
Guadalquivir,2015,12,0.598,24221.0,40505.0
Guadalquivir,2016,1,0.5987,19399.0,32404.0
Guadalquivir,2016,2,0.6067,19660.0,32404.0
Guadalquivir,2016,3,0.6205,25133.0,40505.0
Guadalquivir,2016,4,0.6317,20470.0,32404.0
Guadalquivir,2016,5,0.6654,26953.0,40505.0
Guadalquivir,2016,6,0.6566,21277.0,32404.0
Guadalquivir,2016,7,0.6063,19648.0,32404.0
Guadalquivir,2016,8,0.5543,22453.0,40505.0
Guadalquivir,2016,9,0.5014,16247.0,32404.0
Guadalquivir,2016,10,0.4819,15674.0,32524.0
Guadalquivir,2016,11,0.4817,19582.0,40655.0
Guadalquivir,2016,12,0.5077,16514.0,32524.0
Guadalquivir,2017,1,0.5127,20845.0,40655.0
Guadalquivir,2017,2,0.5274,17152.0,32524.0
Guadalquivir,2017,3,0.5467,17782.0,32524.0
Guadalquivir,2017,4,0.5439,17690.0,32524.0
Guadalquivir,2017,5,0.53,21547.0,40655.0
Guadalquivir,2017,6,0.4922,16007.0,32524.0
Guadalquivir,2017,7,0.4401,14315.0,32524.0
Guadalquivir,2017,8,0.3824,15548.0,40655.0
Guadalquivir,2017,9,0.341,11090.0,32524.0
Guadalquivir,2017,10,0.3182,12916.0,40590.0
Guadalquivir,2017,11,0.3129,10159.0,32472.0
Guadalquivir,2017,12,0.3158,10254.0,32472.0
Guadalquivir,2018,1,0.3243,13163.0,40590.0
Guadalquivir,2018,2,0.3288,10677.0,32472.0
Guadalquivir,2018,3,0.5078,16488.0,32472.0
Guadalquivir,2018,4,0.6274,20372.0,32472.0
Guadalquivir,2018,5,0.6656,27016.0,40590.0
Guadalquivir,2018,6,0.6618,21489.0,32472.0
Guadalquivir,2018,7,0.6207,25195.0,40590.0
Guadalquivir,2018,8,0.5701,18511.0,32472.0
Guadalquivir,2018,9,0.5326,17296.0,32472.0
Guadalquivir,2018,10,0.5137,20851.0,40590.0
Guadalquivir,2018,11,0.5207,16909.0,32472.0
Guadalquivir,2018,12,0.5349,17369.0,32472.0
Guadalquivir,2019,1,0.5378,21829.0,40590.0
Guadalquivir,2019,2,0.55,17861.0,32472.0
Guadalquivir,2019,3,0.5499,17856.0,32472.0
Guadalquivir,2019,4,0.545,22120.0,40590.0
Guadalquivir,2019,5,0.5407,17558.0,32472.0
Guadalquivir,2019,6,0.5006,16257.0,32472.0
Guadalquivir,2019,7,0.449,18226.0,40590.0
Guadalquivir,2019,8,0.395,12828.0,32472.0
Guadalquivir,2019,9,0.362,11756.0,32472.0
Guadalquivir,2019,10,0.3487,14143.0,40565.0
Guadalquivir,2019,11,0.3473,11270.0,32452.0
Guadalquivir,2019,12,0.3947,16012.0,40565.0
Guadalquivir,2020,1,0.4579,14859.0,32452.0
Guadalquivir,2020,2,0.4747,15405.0,32452.0
Guadalquivir,2020,3,0.4768,19341.0,40565.0
Guadalquivir,2020,4,0.4863,15781.0,32452.0
Guadalquivir,2020,5,0.4967,16118.0,32452.0
Guadalquivir,2020,6,0.4723,19157.0,40565.0
Guadalquivir,2020,7,0.4197,13620.0,32452.0
Guadalquivir,2020,8,0.3693,11983.0,32452.0
Guadalquivir,2020,9,0.3267,13252.0,40565.0
Guadalquivir,2020,10,0.3076,9983.0,32452.0
Guadalquivir,2020,11,0.3056,9916.0,32452.0
Guadalquivir,2020,12,0.3184,12916.0,40565.0
Guadalquivir,2021,1,0.34,11035.0,32452.0
Guadalquivir,2021,2,0.3884,12604.0,32452.0
Guadalquivir,2021,3,0.4198,17031.0,40565.0
Guadalquivir,2021,4,0.4179,13562.0,32452.0
Guadalquivir,2021,5,0.414,13434.0,32452.0
Guadalquivir,2021,6,0.3872,15705.0,40565.0
Guadalquivir,2021,7,0.3462,11234.0,32452.0
Guadalquivir,2021,8,0.3035,12313.0,40565.0
Guadalquivir,2021,9,0.2752,8930.0,32452.0
Guadalquivir,2021,10,0.2644,8579.0,32452.0
Guadalquivir,2021,11,0.2631,10671.0,40565.0
Guadalquivir,2021,12,0.2684,8711.0,32452.0
Guadalquivir,2022,1,0.284,9217.0,32452.0
Guadalquivir,2022,2,0.2853,9258.0,32452.0
Guadalquivir,2022,3,0.289,11723.0,40565.0
Guadalquivir,2022,4,0.3109,10088.0,32452.0
Guadalquivir,2022,5,0.3188,12934.0,40565.0
Guadalquivir,2022,6,0.2964,9620.0,32452.0
Guadalquivir,2022,7,0.2675,8681.0,32452.0
Guadalquivir,2022,8,0.2328,9441.0,40554.0
Guadalquivir,2022,9,0.2083,6759.0,32452.0
Guadalquivir,2022,10,0.1895,6087.0,32120.0
Guadalquivir,2022,11,0.1861,7472.0,40150.0
Guadalquivir,2022,12,0.2142,6881.0,32120.0
Guadalquivir,2023,1,0.2479,9952.0,40150.0
Guadalquivir,2023,2,0.2555,8206.0,32120.0
Guadalquivir,2023,3,0.2578,8280.0,32120.0
Guadalquivir,2023,4,0.253,8125.0,32120.0
Guadalquivir,2023,5,0.2414,9692.0,40150.0
Guadalquivir,2023,6,0.2391,7681.0,32120.0
Guadalquivir,2023,7,0.2252,7233.0,32120.0
Guadalquivir,2023,8,0.2036,8175.0,40150.0
Guadalquivir,2023,9,0.1886,6059.0,32120.0
Guadalquivir,2023,10,0.1822,7315.0,40140.0
Guadalquivir,2023,11,0.187,6005.0,32112.0
Guadalquivir,2023,12,0.1924,6177.0,32112.0
Guadalquivir,2024,1,0.2004,8046.0,40140.0
Guadalquivir,2024,2,0.2361,7582.0,32112.0
Guadalquivir,2024,3,0.2862,9191.0,32112.0
Guadalquivir,2024,4,0.4605,18484.0,40140.0
Guadalquivir,2024,5,0.4673,15005.0,32112.0
Guadalquivir,2024,6,0.4409,14157.0,32112.0
Guadalquivir,2024,7,0.4009,16093.0,40140.0
Guadalquivir,2024,8,0.3526,11323.0,32112.0
Guadalquivir,2024,9,0.3172,10187.0,32112.0
Guadalquivir,2024,10,0.3095,12424.0,40140.0
Guadalquivir,2024,11,0.3489,11203.0,32112.0
Guadalquivir,2024,12,0.3511,14092.0,40140.0
Guadalquivir,2025,1,0.3586,11515.0,32112.0
Guadalquivir,2025,2,0.4005,12861.0,32112.0
Guadalquivir,2025,3,0.4808,15439.0,32112.0
Guadalquivir,2025,4,0.6037,24233.0,40140.0
Guadalquivir,2025,5,0.6105,19605.0,32112.0
Guadalquivir,2025,6,0.584,18754.0,32112.0
Guadalquivir,2025,7,0.5362,21522.0,40140.0
Guadalquivir,2025,8,0.4822,15483.0,32112.0
Guadalquivir,2025,9,0.438,17583.0,40140.0
Guadalquivir,2025,10,0.4145,13309.0,32112.0
Guadalquivir,2025,11,0.4279,13741.0,32116.0
Guadalquivir,2025,12,0.4518,18141.0,40150.0
Guadalquivir,2026,1,0.4756,15276.0,32120.0
Guadalquivir,2026,2,0.7396,23755.0,32120.0
Guadalquivir,2026,3,0.8443,33900.0,40150.0
Guadalquivir,2026,4,0.8695,27929.0,32120.0
Guadalquivir,2026,5,0.8752,28111.0,32120.0
Guadalquivir,2026,6,0.8462,33976.0,40150.0
Guadalquivir,2026,7,0.8095,13000.0,16060.0
Guadiana,1988,1,0.4578,7065.0,15432.0
Guadiana,1988,2,0.5664,9011.0,15909.0
Guadiana,1988,3,0.5606,11260.0,20085.0
Guadiana,1988,4,0.5739,9222.0,16068.0
Guadiana,1988,5,0.5799,11648.0,20085.0
Guadiana,1988,6,0.5688,9139.0,16068.0
Guadiana,1988,7,0.5398,8673.0,16068.0
Guadiana,1988,8,0.4603,9245.0,20085.0
Guadiana,1988,9,0.4014,6449.0,16068.0
Guadiana,1988,10,0.3874,6224.0,16068.0
Guadiana,1988,11,0.3902,7838.0,20085.0
Guadiana,1988,12,0.3938,6328.0,16068.0
Guadiana,1989,1,0.3955,7943.0,20085.0
Guadiana,1989,2,0.3953,6352.0,16068.0
Guadiana,1989,3,0.3999,6426.0,16068.0
Guadiana,1989,4,0.403,6476.0,16068.0
Guadiana,1989,5,0.3993,8019.0,20085.0
Guadiana,1989,6,0.3891,6252.0,16068.0
Guadiana,1989,7,0.3282,5273.0,16068.0
Guadiana,1989,8,0.2531,5083.0,20085.0
Guadiana,1989,9,0.2147,3450.0,16068.0
Guadiana,1989,10,0.2078,4174.0,20085.0
Guadiana,1989,11,0.217,3486.0,16068.0
Guadiana,1989,12,0.356,5721.0,16068.0
Guadiana,1990,1,0.6163,12378.0,20085.0
Guadiana,1990,2,0.4472,12648.0,28281.0
Guadiana,1990,3,0.4784,15477.0,32352.0
Guadiana,1990,4,0.4879,15785.0,32352.0
Guadiana,1990,5,0.4877,19723.0,40440.0
Guadiana,1990,6,0.4607,14906.0,32352.0
Guadiana,1990,7,0.4136,16725.0,40440.0
Guadiana,1990,8,0.3715,12020.0,32352.0
Guadiana,1990,9,0.3427,11087.0,32352.0
Guadiana,1990,10,0.3351,13552.0,40440.0
Guadiana,1990,11,0.3367,10892.0,32352.0
Guadiana,1990,12,0.3386,10953.0,32352.0
Guadiana,1991,1,0.339,13710.0,40440.0
Guadiana,1991,2,0.3441,11133.0,32352.0
Guadiana,1991,3,0.3975,12859.0,32352.0
Guadiana,1991,4,0.4186,16927.0,40440.0
Guadiana,1991,5,0.4052,13109.0,32352.0
Guadiana,1991,6,0.3772,12202.0,32352.0
Guadiana,1991,7,0.3361,13591.0,40440.0
Guadiana,1991,8,0.292,9448.0,32352.0
Guadiana,1991,9,0.2686,8691.0,32352.0
Guadiana,1991,10,0.261,10553.0,40440.0
Guadiana,1991,11,0.2581,8351.0,32352.0
Guadiana,1991,12,0.2578,10426.0,40440.0
Guadiana,1992,1,0.2576,8333.0,32352.0
Guadiana,1992,2,0.257,8315.0,32352.0
Guadiana,1992,3,0.2584,10449.0,40440.0
Guadiana,1992,4,0.2621,8508.0,32457.0
Guadiana,1992,5,0.2492,8166.0,32772.0
Guadiana,1992,6,0.2373,9723.0,40965.0
Guadiana,1992,7,0.2153,7056.0,32772.0
Guadiana,1992,8,0.1899,6223.0,32772.0
Guadiana,1992,9,0.1697,6950.0,40965.0
Guadiana,1992,10,0.1633,5353.0,32772.0
Guadiana,1992,11,0.1631,5346.0,32772.0
Guadiana,1992,12,0.1636,6700.0,40965.0
Guadiana,1993,1,0.1652,5415.0,32772.0
Guadiana,1993,2,0.1661,5443.0,32772.0
Guadiana,1993,3,0.1666,6826.0,40965.0
Guadiana,1993,4,0.1646,5393.0,32772.0
Guadiana,1993,5,0.1634,5355.0,32772.0
Guadiana,1993,6,0.1597,6543.0,40965.0
Guadiana,1993,7,0.142,4654.0,32772.0
Guadiana,1993,8,0.1256,5147.0,40965.0
Guadiana,1993,9,0.1169,3831.0,32772.0
Guadiana,1993,10,0.1177,3856.0,32772.0
Guadiana,1993,11,0.1443,5910.0,40965.0
Guadiana,1993,12,0.151,4948.0,32772.0
Guadiana,1994,1,0.1616,5295.0,32772.0
Guadiana,1994,2,0.171,5605.0,32772.0
Guadiana,1994,3,0.1852,7587.0,40965.0
Guadiana,1994,4,0.1878,6155.0,32772.0
Guadiana,1994,5,0.184,7539.0,40965.0
Guadiana,1994,6,0.1749,5731.0,32772.0
Guadiana,1994,7,0.1556,5099.0,32772.0
Guadiana,1994,8,0.1338,5482.0,40965.0
Guadiana,1994,9,0.1225,4014.0,32772.0
Guadiana,1994,10,0.1194,3913.0,32772.0
Guadiana,1994,11,0.1176,4818.0,40965.0
Guadiana,1994,12,0.116,3803.0,32772.0
Guadiana,1995,1,0.1157,4740.0,40965.0
Guadiana,1995,2,0.119,3900.0,32772.0
Guadiana,1995,3,0.1216,3986.0,32772.0
Guadiana,1995,4,0.1201,3936.0,32772.0
Guadiana,1995,5,0.1163,4764.0,40965.0
Guadiana,1995,6,0.1117,3662.0,32772.0
Guadiana,1995,7,0.1065,3489.0,32772.0
Guadiana,1995,8,0.1003,4110.0,40965.0
Guadiana,1995,9,0.0956,3134.0,32772.0
Guadiana,1995,10,0.0908,3746.0,41242.0
Guadiana,1995,11,0.0948,3213.0,33880.0
Guadiana,1995,12,0.1218,4127.0,33880.0
Guadiana,1996,1,0.3886,16456.0,42350.0
Guadiana,1996,2,0.5841,19788.0,33880.0
Guadiana,1996,3,0.6051,20502.0,33880.0
Guadiana,1996,4,0.6102,25841.0,42350.0
Guadiana,1996,5,0.6149,20833.0,33880.0
Guadiana,1996,6,0.6004,20341.0,33880.0
Guadiana,1996,7,0.5613,23771.0,42350.0
Guadiana,1996,8,0.5266,17841.0,33880.0
Guadiana,1996,9,0.5106,17299.0,33880.0
Guadiana,1996,10,0.5038,21338.0,42350.0
Guadiana,1996,11,0.5017,16998.0,33880.0
Guadiana,1996,12,0.5462,23133.0,42350.0
Guadiana,1997,1,0.7709,26118.0,33880.0
Guadiana,1997,2,0.8208,27808.0,33880.0
Guadiana,1997,3,0.8195,27764.0,33880.0
Guadiana,1997,4,0.817,34602.0,42350.0
Guadiana,1997,5,0.8064,27321.0,33880.0
Guadiana,1997,6,0.7925,26850.0,33880.0
Guadiana,1997,7,0.7572,32068.0,42350.0
Guadiana,1997,8,0.7195,24378.0,33880.0
Guadiana,1997,9,0.695,29435.0,42350.0
Guadiana,1997,10,0.686,23240.0,33880.0
Guadiana,1997,11,0.7217,24451.0,33880.0
Guadiana,1997,12,0.8007,33910.0,42350.0
Guadiana,1998,1,0.8857,27931.0,31535.0
Guadiana,1998,2,0.8531,28577.0,33499.0
Guadiana,1998,3,0.819,34686.0,42350.0
Guadiana,1998,4,0.8194,27761.0,33880.0
Guadiana,1998,5,0.8146,27597.0,33880.0
Guadiana,1998,6,0.8117,34374.0,42350.0
Guadiana,1998,7,0.7716,26141.0,33880.0
Guadiana,1998,8,0.7306,24754.0,33880.0
Guadiana,1998,9,0.7,29644.0,42350.0
Guadiana,1998,10,0.6838,23253.0,34005.0
Guadiana,1998,11,0.6641,22832.0,34380.0
Guadiana,1998,12,0.6507,27965.0,42975.0
Guadiana,1999,1,0.6462,22218.0,34380.0
Guadiana,1999,2,0.6458,22203.0,34380.0
Guadiana,1999,3,0.6457,27878.0,43175.0
Guadiana,1999,4,0.6399,22101.0,34540.0
Guadiana,1999,5,0.6263,21633.0,34540.0
Guadiana,1999,6,0.599,25863.0,43175.0
Guadiana,1999,7,0.5537,19124.0,34540.0
Guadiana,1999,8,0.5152,22244.0,43175.0
Guadiana,1999,9,0.493,17027.0,34540.0
Guadiana,1999,10,0.4935,17045.0,34540.0
Guadiana,1999,11,0.5249,22663.0,43175.0
Guadiana,1999,12,0.5264,18182.0,34540.0
Guadiana,2000,1,0.5326,18395.0,34540.0
Guadiana,2000,2,0.5367,23172.0,43175.0
Guadiana,2000,3,0.5368,18541.0,34540.0
Guadiana,2000,4,0.5488,18956.0,34540.0
Guadiana,2000,5,0.5883,25398.0,43175.0
Guadiana,2000,6,0.579,19997.0,34540.0
Guadiana,2000,7,0.5427,18745.0,34540.0
Guadiana,2000,8,0.5026,21698.0,43175.0
Guadiana,2000,9,0.4728,16329.0,34540.0
Guadiana,2000,10,0.4613,19918.0,43175.0
Guadiana,2000,11,0.4595,15870.0,34540.0
Guadiana,2000,12,0.4843,16727.0,34540.0
Guadiana,2001,1,0.6021,25996.0,43175.0
Guadiana,2001,2,0.6961,24042.0,34540.0
Guadiana,2001,3,0.7844,27092.0,34540.0
Guadiana,2001,4,0.8064,27853.0,34540.0
Guadiana,2001,5,0.7942,34288.0,43175.0
Guadiana,2001,6,0.7703,26606.0,34540.0
Guadiana,2001,7,0.7215,31152.0,43175.0
Guadiana,2001,8,0.6757,23337.0,34540.0
Guadiana,2001,9,0.6514,22500.0,34540.0
Guadiana,2001,10,0.6484,27995.0,43175.0
Guadiana,2001,11,0.6587,22753.0,34540.0
Guadiana,2001,12,0.6597,22786.0,34540.0
Guadiana,2002,1,0.6718,29003.0,43175.0
Guadiana,2002,2,0.6845,23644.0,34540.0
Guadiana,2002,3,0.6957,24028.0,34540.0
Guadiana,2002,4,0.7178,30989.0,43175.0
Guadiana,2002,5,0.7167,24755.0,34540.0
Guadiana,2002,6,0.6886,23784.0,34540.0
Guadiana,2002,7,0.6445,27825.0,43175.0
Guadiana,2002,8,0.6006,20743.0,34540.0
Guadiana,2002,9,0.5759,19891.0,34540.0
Guadiana,2002,10,0.5704,24627.0,43175.0
Guadiana,2002,11,0.5699,19683.0,34540.0
Guadiana,2002,12,0.5965,25753.0,43175.0
Guadiana,2003,1,0.6664,23016.0,34540.0
Guadiana,2003,2,0.7095,24522.0,34564.0
Guadiana,2003,3,0.7676,26551.0,34588.0
Guadiana,2003,4,0.7825,33880.0,43297.0
Guadiana,2003,5,0.778,27005.0,34712.0
Guadiana,2003,6,0.7504,26013.0,34664.0
Guadiana,2003,7,0.7117,30712.0,43150.0
Guadiana,2003,8,0.6682,23067.0,34520.0
Guadiana,2003,9,0.6386,27554.0,43150.0
Guadiana,2003,10,0.6306,21770.0,34520.0
Guadiana,2003,11,0.6554,22625.0,34520.0
Guadiana,2003,12,0.7261,31333.0,43150.0
Guadiana,2004,1,0.7536,26015.0,34520.0
Guadiana,2004,2,0.7704,26593.0,34520.0
Guadiana,2004,3,0.8501,36681.0,43150.0
Guadiana,2004,4,0.882,30446.0,34520.0
Guadiana,2004,5,0.8767,30264.0,34520.0
Guadiana,2004,6,0.8632,37249.0,43150.0
Guadiana,2004,7,0.8183,28246.0,34520.0
Guadiana,2004,8,0.7768,33521.0,43150.0
Guadiana,2004,9,0.7464,25765.0,34520.0
Guadiana,2004,10,0.7353,25383.0,34520.0
Guadiana,2004,11,0.7439,32101.0,43150.0
Guadiana,2004,12,0.7447,25706.0,34520.0
Guadiana,2005,1,0.7429,25644.0,34520.0
Guadiana,2005,2,0.7403,25554.0,34520.0
Guadiana,2005,3,0.7372,31809.0,43150.0
Guadiana,2005,4,0.7327,25294.0,34520.0
Guadiana,2005,5,0.7006,30676.0,43784.0
Guadiana,2005,6,0.6772,23378.0,34520.0
Guadiana,2005,7,0.6361,21959.0,34520.0
Guadiana,2005,8,0.5935,25609.0,43150.0
Guadiana,2005,9,0.5693,19653.0,34520.0
Guadiana,2005,10,0.5621,19403.0,34520.0
Guadiana,2005,11,0.5648,24371.0,43150.0
Guadiana,2005,12,0.5643,19481.0,34520.0
Guadiana,2006,1,0.5647,24365.0,43150.0
Guadiana,2006,2,0.5678,19599.0,34520.0
Guadiana,2006,3,0.5822,20096.0,34520.0
Guadiana,2006,4,0.5955,20558.0,34520.0
Guadiana,2006,5,0.5827,25143.0,43150.0
Guadiana,2006,6,0.5539,19122.0,34520.0
Guadiana,2006,7,0.5193,17927.0,34520.0
Guadiana,2006,8,0.474,20451.0,43150.0
Guadiana,2006,9,0.4494,15512.0,34520.0
Guadiana,2006,10,0.4544,19607.0,43150.0
Guadiana,2006,11,0.5351,18470.0,34520.0
Guadiana,2006,12,0.579,19987.0,34520.0
Guadiana,2007,1,0.5933,25602.0,43150.0
Guadiana,2007,2,0.6231,21511.0,34520.0
Guadiana,2007,3,0.6465,22316.0,34520.0
Guadiana,2007,4,0.6533,22552.0,34520.0
Guadiana,2007,5,0.6639,28646.0,43150.0
Guadiana,2007,6,0.6529,22539.0,34520.0
Guadiana,2007,7,0.6167,26611.0,43150.0
Guadiana,2007,8,0.5759,19880.0,34520.0
Guadiana,2007,9,0.5503,18995.0,34520.0
Guadiana,2007,10,0.5462,23568.0,43150.0
Guadiana,2007,11,0.5436,18766.0,34520.0
Guadiana,2007,12,0.5447,18802.0,34520.0
Guadiana,2008,1,0.5462,23568.0,43150.0
Guadiana,2008,2,0.548,18917.0,34520.0
Guadiana,2008,3,0.5488,18944.0,34520.0
Guadiana,2008,4,0.5556,23973.0,43150.0
Guadiana,2008,5,0.5685,19625.0,34520.0
Guadiana,2008,6,0.5604,19344.0,34520.0
Guadiana,2008,7,0.5238,22601.0,43150.0
Guadiana,2008,8,0.4798,16563.0,34520.0
Guadiana,2008,9,0.4533,19560.0,43150.0
Guadiana,2008,10,0.4456,15383.0,34520.0
Guadiana,2008,11,0.446,15396.0,34520.0
Guadiana,2008,12,0.4513,19475.0,43150.0
Guadiana,2009,1,0.4626,15970.0,34520.0
Guadiana,2009,2,0.5128,17703.0,34520.0
Guadiana,2009,3,0.5348,23075.0,43150.0
Guadiana,2009,4,0.5318,18357.0,34520.0
Guadiana,2009,5,0.5183,17893.0,34520.0
Guadiana,2009,6,0.4914,21203.0,43150.0
Guadiana,2009,7,0.4497,15523.0,34520.0
Guadiana,2009,8,0.4132,14264.0,34520.0
Guadiana,2009,9,0.388,16741.0,43150.0
Guadiana,2009,10,0.3817,13178.0,34520.0
Guadiana,2009,11,0.38,13117.0,34520.0
Guadiana,2009,12,0.3861,16661.0,43150.0
Guadiana,2010,1,0.6056,20904.0,34520.0
Guadiana,2010,2,0.7141,24652.0,34520.0
Guadiana,2010,3,0.8675,37433.0,43150.0
Guadiana,2010,4,0.9046,31228.0,34520.0
Guadiana,2010,5,0.9195,31741.0,34520.0
Guadiana,2010,6,0.8994,38809.0,43150.0
Guadiana,2010,7,0.8641,29833.0,34525.0
Guadiana,2010,8,0.8192,35370.0,43175.0
Guadiana,2010,9,0.7916,27341.0,34540.0
Guadiana,2010,10,0.7833,27055.0,34540.0
Guadiana,2010,11,0.7819,33760.0,43175.0
Guadiana,2010,12,0.8349,28839.0,34540.0
Guadiana,2011,1,0.878,30327.0,34540.0
Guadiana,2011,2,0.8804,30408.0,34540.0
Guadiana,2011,3,0.9122,39385.0,43175.0
Guadiana,2011,4,0.9209,31809.0,34540.0
Guadiana,2011,5,0.9176,39616.0,43175.0
Guadiana,2011,6,0.893,30843.0,34540.0
Guadiana,2011,7,0.852,29429.0,34540.0
Guadiana,2011,8,0.8079,34879.0,43175.0
Guadiana,2011,9,0.782,27010.0,34540.0
Guadiana,2011,10,0.7686,26546.0,34540.0
Guadiana,2011,11,0.769,33200.0,43175.0
Guadiana,2011,12,0.77,26597.0,34540.0
Guadiana,2012,1,0.767,33115.0,43175.0
Guadiana,2012,2,0.7635,26373.0,34540.0
Guadiana,2012,3,0.7578,26173.0,34540.0
Guadiana,2012,4,0.749,25870.0,34540.0
Guadiana,2012,5,0.7433,32092.0,43175.0
Guadiana,2012,6,0.7154,24711.0,34540.0
Guadiana,2012,7,0.6671,28803.0,43175.0
Guadiana,2012,8,0.6169,21306.0,34540.0
Guadiana,2012,9,0.5856,20226.0,34540.0
Guadiana,2012,10,0.5817,25117.0,43175.0
Guadiana,2012,11,0.6311,21798.0,34540.0
Guadiana,2012,12,0.658,22728.0,34540.0
Guadiana,2013,1,0.6853,29588.0,43175.0
Guadiana,2013,2,0.7411,25596.0,34540.0
Guadiana,2013,3,0.8486,29309.0,34540.0
Guadiana,2013,4,0.9622,41536.0,43166.0
Guadiana,2013,5,0.9312,32154.0,34528.0
Guadiana,2013,6,0.9014,31123.0,34528.0
Guadiana,2013,7,0.8628,37239.0,43160.0
Guadiana,2013,8,0.8053,27804.0,34528.0
Guadiana,2013,9,0.7798,26925.0,34528.0
Guadiana,2013,10,0.7653,33029.0,43160.0
Guadiana,2013,11,0.77,26585.0,34528.0
Guadiana,2013,12,0.7746,33430.0,43160.0
Guadiana,2014,1,0.8138,28098.0,34528.0
Guadiana,2014,2,0.8795,30366.0,34528.0
Guadiana,2014,3,0.9058,31274.0,34528.0
Guadiana,2014,4,0.9153,39505.0,43160.0
Guadiana,2014,5,0.9062,31289.0,34528.0
Guadiana,2014,6,0.8759,30243.0,34528.0
Guadiana,2014,7,0.8284,35755.0,43160.0
Guadiana,2014,8,0.7823,27011.0,34528.0
Guadiana,2014,9,0.7505,32390.0,43160.0
Guadiana,2014,10,0.7595,28150.0,37064.0
Guadiana,2014,11,0.7686,28489.0,37064.0
Guadiana,2014,12,0.7992,37029.0,46330.0
Guadiana,2015,1,0.8057,29861.0,37064.0
Guadiana,2015,2,0.8134,30148.0,37064.0
Guadiana,2015,3,0.8178,37888.0,46330.0
Guadiana,2015,4,0.8209,30424.0,37064.0
Guadiana,2015,5,0.8107,30046.0,37064.0
Guadiana,2015,6,0.7736,35843.0,46330.0
Guadiana,2015,7,0.734,27206.0,37064.0
Guadiana,2015,8,0.6888,25531.0,37064.0
Guadiana,2015,9,0.6589,30525.0,46330.0
Guadiana,2015,10,0.6502,24098.0,37064.0
Guadiana,2015,11,0.6513,24140.0,37064.0
Guadiana,2015,12,0.6478,30012.0,46330.0
Guadiana,2016,1,0.6541,24243.0,37064.0
Guadiana,2016,2,0.6599,24457.0,37064.0
Guadiana,2016,3,0.6642,30773.0,46330.0
Guadiana,2016,4,0.6758,25046.0,37064.0
Guadiana,2016,5,0.7025,32549.0,46330.0
Guadiana,2016,6,0.6953,25769.0,37064.0
Guadiana,2016,7,0.6623,24546.0,37064.0
Guadiana,2016,8,0.6201,28727.0,46330.0
Guadiana,2016,9,0.5844,21660.0,37064.0
Guadiana,2016,10,0.5709,21161.0,37064.0
Guadiana,2016,11,0.5684,26334.0,46330.0
Guadiana,2016,12,0.5831,21611.0,37064.0
Guadiana,2017,1,0.5881,27248.0,46330.0
Guadiana,2017,2,0.6049,22420.0,37064.0
Guadiana,2017,3,0.6174,22885.0,37064.0
Guadiana,2017,4,0.6156,22815.0,37059.0
Guadiana,2017,5,0.6006,27811.0,46305.0
Guadiana,2017,6,0.5688,21069.0,37044.0
Guadiana,2017,7,0.5309,19666.0,37044.0
Guadiana,2017,8,0.4923,22798.0,46305.0
Guadiana,2017,9,0.4649,17220.0,37044.0
Guadiana,2017,10,0.4504,20858.0,46305.0
Guadiana,2017,11,0.4444,16462.0,37044.0
Guadiana,2017,12,0.441,16337.0,37044.0
Guadiana,2018,1,0.4404,20393.0,46305.0
Guadiana,2018,2,0.4364,16166.0,37044.0
Guadiana,2018,3,0.5427,20104.0,37044.0
Guadiana,2018,4,0.629,23301.0,37044.0
Guadiana,2018,5,0.6526,30217.0,46305.0
Guadiana,2018,6,0.6399,23706.0,37044.0
Guadiana,2018,7,0.6044,27985.0,46305.0
Guadiana,2018,8,0.5664,20983.0,37044.0
Guadiana,2018,9,0.5376,19916.0,37044.0
Guadiana,2018,10,0.5,23152.0,46305.0
Guadiana,2018,11,0.529,19595.0,37044.0
Guadiana,2018,12,0.5347,19807.0,37044.0
Guadiana,2019,1,0.5361,24824.0,46305.0
Guadiana,2019,2,0.5402,20010.0,37044.0
Guadiana,2019,3,0.539,19967.0,37044.0
Guadiana,2019,4,0.5336,24708.0,46305.0
Guadiana,2019,5,0.5224,19351.0,37044.0
Guadiana,2019,6,0.493,18264.0,37044.0
Guadiana,2019,7,0.4551,21074.0,46305.0
Guadiana,2019,8,0.4185,15504.0,37044.0
Guadiana,2019,9,0.3963,14682.0,37044.0
Guadiana,2019,10,0.3819,17682.0,46305.0
Guadiana,2019,11,0.3761,13933.0,37044.0
Guadiana,2019,12,0.3864,17893.0,46305.0
Guadiana,2020,1,0.4076,15098.0,37044.0
Guadiana,2020,2,0.4122,15269.0,37044.0
Guadiana,2020,3,0.4125,19100.0,46305.0
Guadiana,2020,4,0.423,15671.0,37044.0
Guadiana,2020,5,0.4294,15905.0,37044.0
Guadiana,2020,6,0.4088,18930.0,46305.0
Guadiana,2020,7,0.3714,13758.0,37044.0
Guadiana,2020,8,0.3381,12526.0,37044.0
Guadiana,2020,9,0.3146,14567.0,46305.0
Guadiana,2020,10,0.3049,11294.0,37044.0
Guadiana,2020,11,0.3123,11569.0,37044.0
Guadiana,2020,12,0.327,15144.0,46305.0
Guadiana,2021,1,0.3396,12580.0,37044.0
Guadiana,2021,2,0.3879,14371.0,37044.0
Guadiana,2021,3,0.4148,19207.0,46305.0
Guadiana,2021,4,0.4129,15295.0,37044.0
Guadiana,2021,5,0.4077,15103.0,37044.0
Guadiana,2021,6,0.3846,17808.0,46305.0
Guadiana,2021,7,0.3486,12912.0,37044.0
Guadiana,2021,8,0.313,14492.0,46305.0
Guadiana,2021,9,0.2915,10798.0,37044.0
Guadiana,2021,10,0.2932,11139.0,37992.0
Guadiana,2021,11,0.3005,14271.0,47490.0
Guadiana,2021,12,0.2997,11387.0,37992.0
Guadiana,2022,1,0.3059,11620.0,37992.0
Guadiana,2022,2,0.3044,11565.0,37992.0
Guadiana,2022,3,0.3061,14537.0,47490.0
Guadiana,2022,4,0.3184,12097.0,37992.0
Guadiana,2022,5,0.3191,15156.0,47490.0
Guadiana,2022,6,0.2996,11384.0,37992.0
Guadiana,2022,7,0.2772,10530.0,37992.0
Guadiana,2022,8,0.2533,12031.0,47490.0
Guadiana,2022,9,0.2388,9072.0,37992.0
Guadiana,2022,10,0.2328,8845.0,37992.0
Guadiana,2022,11,0.23,10925.0,47490.0
Guadiana,2022,12,0.2795,10617.0,37992.0
Guadiana,2023,1,0.3383,16066.0,47490.0
Guadiana,2023,2,0.3457,13134.0,37992.0
Guadiana,2023,3,0.3463,13158.0,37992.0
Guadiana,2023,4,0.3418,12985.0,37992.0
Guadiana,2023,5,0.3249,15430.0,47490.0
Guadiana,2023,6,0.3119,11848.0,37992.0
Guadiana,2023,7,0.286,10865.0,37992.0
Guadiana,2023,8,0.2572,12215.0,47490.0
Guadiana,2023,9,0.2402,9125.0,37992.0
Guadiana,2023,10,0.2403,11461.0,47690.0
Guadiana,2023,11,0.253,9653.0,38152.0
Guadiana,2023,12,0.2647,10100.0,38152.0
Guadiana,2024,1,0.2905,13853.0,47690.0
Guadiana,2024,2,0.3508,13385.0,38152.0
Guadiana,2024,3,0.3916,14940.0,38152.0
Guadiana,2024,4,0.5088,24267.0,47690.0
Guadiana,2024,5,0.5082,19390.0,38152.0
Guadiana,2024,6,0.4885,18636.0,38152.0
Guadiana,2024,7,0.4594,21908.0,47690.0
Guadiana,2024,8,0.4243,16187.0,38152.0
Guadiana,2024,9,0.4017,15326.0,38152.0
Guadiana,2024,10,0.3969,18928.0,47690.0
Guadiana,2024,11,0.4124,15735.0,38152.0
Guadiana,2024,12,0.4123,19662.0,47690.0
Guadiana,2025,1,0.4199,16021.0,38152.0
Guadiana,2025,2,0.4741,18088.0,38152.0
Guadiana,2025,3,0.5523,21071.0,38152.0
Guadiana,2025,4,0.6911,32959.0,47690.0
Guadiana,2025,5,0.7079,27008.0,38152.0
Guadiana,2025,6,0.6903,26335.0,38152.0
Guadiana,2025,7,0.6556,31265.0,47690.0
Guadiana,2025,8,0.6169,23535.0,38152.0
Guadiana,2025,9,0.5893,28105.0,47690.0
Guadiana,2025,10,0.5778,22045.0,38152.0
Guadiana,2025,11,0.5781,22057.0,38152.0
Guadiana,2025,12,0.5903,28151.0,47690.0
Guadiana,2026,1,0.6183,23589.0,38152.0
Guadiana,2026,2,0.8292,31637.0,38152.0
Guadiana,2026,3,0.8616,41091.0,47690.0
Guadiana,2026,4,0.8657,33030.0,38152.0
Guadiana,2026,5,0.8569,32694.0,38152.0
Guadiana,2026,6,0.8294,39555.0,47690.0
Guadiana,2026,7,0.7991,15243.0,19076.0
Júcar,1988,1,0.3223,3418.0,10604.0
Júcar,1988,2,0.4016,4259.0,10604.0
Júcar,1988,3,0.4352,5768.0,13255.0
Júcar,1988,4,0.4515,4788.0,10604.0
Júcar,1988,5,0.4892,6484.0,13255.0
Júcar,1988,6,0.5197,5511.0,10604.0
Júcar,1988,7,0.5404,5730.0,10604.0
Júcar,1988,8,0.4905,6501.0,13255.0
Júcar,1988,9,0.4479,4750.0,10604.0
Júcar,1988,10,0.427,4528.0,10604.0
Júcar,1988,11,0.4343,5756.0,13255.0
Júcar,1988,12,0.4398,4664.0,10604.0
Júcar,1989,1,0.4439,5884.0,13255.0
Júcar,1989,2,0.4588,4865.0,10604.0
Júcar,1989,3,0.476,5048.0,10604.0
Júcar,1989,4,0.4891,5186.0,10604.0
Júcar,1989,5,0.4822,6391.0,13255.0
Júcar,1989,6,0.4669,4951.0,10604.0
Júcar,1989,7,0.4333,4595.0,10604.0
Júcar,1989,8,0.3819,5062.0,13255.0
Júcar,1989,9,0.3592,3809.0,10604.0
Júcar,1989,10,0.367,4865.0,13255.0
Júcar,1989,11,0.3691,3914.0,10604.0
Júcar,1989,12,0.4078,4324.0,10604.0
Júcar,1990,1,0.4553,6034.0,13252.0
Júcar,1990,2,0.487,5158.0,10592.0
Júcar,1990,3,0.4937,5229.0,10592.0
Júcar,1990,4,0.5027,5325.0,10592.0
Júcar,1990,5,0.5162,7081.0,13717.0
Júcar,1990,6,0.5233,5767.0,11020.0
Júcar,1990,7,0.4852,6683.0,13775.0
Júcar,1990,8,0.4404,4853.0,11020.0
Júcar,1990,9,0.4181,4607.0,11020.0
Júcar,1990,10,0.417,5744.0,13775.0
Júcar,1990,11,0.4323,4764.0,11020.0
Júcar,1990,12,0.4485,4943.0,11020.0
Júcar,1991,1,0.463,6378.0,13775.0
Júcar,1991,2,0.486,5356.0,11020.0
Júcar,1991,3,0.5132,5656.0,11020.0
Júcar,1991,4,0.5422,7469.0,13775.0
Júcar,1991,5,0.5561,6128.0,11020.0
Júcar,1991,6,0.5433,5987.0,11020.0
Júcar,1991,7,0.503,6929.0,13775.0
Júcar,1991,8,0.4562,5027.0,11020.0
Júcar,1991,9,0.423,4661.0,11020.0
Júcar,1991,10,0.4129,5688.0,13775.0
Júcar,1991,11,0.4136,4558.0,11020.0
Júcar,1991,12,0.4163,5735.0,13775.0
Júcar,1992,1,0.4211,4641.0,11020.0
Júcar,1992,2,0.4284,4721.0,11020.0
Júcar,1992,3,0.4461,6145.0,13775.0
Júcar,1992,4,0.4529,4991.0,11020.0
Júcar,1992,5,0.4352,4796.0,11020.0
Júcar,1992,6,0.4162,5733.0,13775.0
Júcar,1992,7,0.3965,4369.0,11020.0
Júcar,1992,8,0.3446,3798.0,11020.0
Júcar,1992,9,0.2933,4040.0,13775.0
Júcar,1992,10,0.2763,3045.0,11020.0
Júcar,1992,11,0.2814,3101.0,11020.0
Júcar,1992,12,0.2804,3863.0,13775.0
Júcar,1993,1,0.2985,3290.0,11020.0
Júcar,1993,2,0.3221,3550.0,11020.0
Júcar,1993,3,0.3376,4650.0,13775.0
Júcar,1993,4,0.3436,3787.0,11020.0
Júcar,1993,5,0.3302,3639.0,11020.0
Júcar,1993,6,0.3064,4220.0,13775.0
Júcar,1993,7,0.2672,2944.0,11020.0
Júcar,1993,8,0.1983,2731.0,13775.0
Júcar,1993,9,0.1552,1710.0,11020.0
Júcar,1993,10,0.1426,1572.0,11020.0
Júcar,1993,11,0.1609,2217.0,13775.0
Júcar,1993,12,0.1809,2002.0,11069.0
Júcar,1994,1,0.1928,2162.0,11216.0
Júcar,1994,2,0.212,2378.0,11216.0
Júcar,1994,3,0.2198,3082.0,14020.0
Júcar,1994,4,0.2173,2437.0,11216.0
Júcar,1994,5,0.1992,2793.0,14020.0
Júcar,1994,6,0.1665,1868.0,11216.0
Júcar,1994,7,0.1298,1456.0,11216.0
Júcar,1994,8,0.0948,1329.0,14020.0
Júcar,1994,9,0.0738,828.0,11216.0
Júcar,1994,10,0.0865,970.0,11216.0
Júcar,1994,11,0.1126,1578.0,14020.0
Júcar,1994,12,0.1275,1430.0,11216.0
Júcar,1995,1,0.1329,1863.0,14020.0
Júcar,1995,2,0.1388,1557.0,11216.0
Júcar,1995,3,0.1493,1674.0,11216.0
Júcar,1995,4,0.1518,1703.0,11216.0
Júcar,1995,5,0.1362,1909.0,14020.0
Júcar,1995,6,0.1186,1330.0,11216.0
Júcar,1995,7,0.1025,1150.0,11216.0
Júcar,1995,8,0.0887,1244.0,14020.0
Júcar,1995,9,0.0886,994.0,11216.0
Júcar,1995,10,0.0883,1238.0,14020.0
Júcar,1995,11,0.0909,1020.0,11216.0
Júcar,1995,12,0.0965,1082.0,11216.0
Júcar,1996,1,0.1554,2179.0,14020.0
Júcar,1996,2,0.2346,2631.0,11216.0
Júcar,1996,3,0.2641,2962.0,11216.0
Júcar,1996,4,0.2788,3909.0,14020.0
Júcar,1996,5,0.2802,3143.0,11216.0
Júcar,1996,6,0.2678,3004.0,11216.0
Júcar,1996,7,0.2351,3296.0,14020.0
Júcar,1996,8,0.1984,2225.0,11216.0
Júcar,1996,9,0.1837,2060.0,11216.0
Júcar,1996,10,0.1803,2528.0,14020.0
Júcar,1996,11,0.18,2019.0,11216.0
Júcar,1996,12,0.2083,2921.0,14020.0
Júcar,1997,1,0.3304,3706.0,11216.0
Júcar,1997,2,0.4599,5158.0,11216.0
Júcar,1997,3,0.4886,5480.0,11216.0
Júcar,1997,4,0.4996,7004.0,14020.0
Júcar,1997,5,0.4945,5546.0,11216.0
Júcar,1997,6,0.4766,5346.0,11216.0
Júcar,1997,7,0.4501,6311.0,14020.0
Júcar,1997,8,0.4101,4600.0,11216.0
Júcar,1997,9,0.3804,5333.0,14020.0
Júcar,1997,10,0.3814,4278.0,11216.0
Júcar,1997,11,0.3806,4269.0,11216.0
Júcar,1997,12,0.4103,5752.0,14020.0
Júcar,1998,1,0.457,5126.0,11216.0
Júcar,1998,2,0.4916,5514.0,11216.0
Júcar,1998,3,0.5136,7201.0,14020.0
Júcar,1998,4,0.515,5776.0,11216.0
Júcar,1998,5,0.507,5686.0,11216.0
Júcar,1998,6,0.5143,7210.0,14020.0
Júcar,1998,7,0.4749,5326.0,11216.0
Júcar,1998,8,0.4282,4803.0,11216.0
Júcar,1998,9,0.3897,5464.0,14020.0
Júcar,1998,10,0.3727,4180.0,11216.0
Júcar,1998,11,0.3573,4008.0,11216.0
Júcar,1998,12,0.355,4977.0,14020.0
Júcar,1999,1,0.3657,4102.0,11216.0
Júcar,1999,2,0.3655,4100.0,11216.0
Júcar,1999,3,0.3426,5732.0,16730.0
Júcar,1999,4,0.3461,4632.0,13384.0
Júcar,1999,5,0.3231,4324.0,13384.0
Júcar,1999,6,0.2906,4862.0,16730.0
Júcar,1999,7,0.251,3359.0,13384.0
Júcar,1999,8,0.2149,3595.0,16730.0
Júcar,1999,9,0.1973,2641.0,13384.0
Júcar,1999,10,0.1946,2604.0,13384.0
Júcar,1999,11,0.2085,3489.0,16730.0
Júcar,1999,12,0.2117,2833.0,13384.0
Júcar,2000,1,0.2186,2926.0,13384.0
Júcar,2000,2,0.2259,3779.0,16730.0
Júcar,2000,3,0.2228,2982.0,13384.0
Júcar,2000,4,0.2251,3013.0,13384.0
Júcar,2000,5,0.2286,3825.0,16730.0
Júcar,2000,6,0.2085,2790.0,13384.0
Júcar,2000,7,0.1801,2410.0,13384.0
Júcar,2000,8,0.146,2443.0,16730.0
Júcar,2000,9,0.1189,1591.0,13384.0
Júcar,2000,10,0.1157,1935.0,16730.0
Júcar,2000,11,0.1473,1972.0,13384.0
Júcar,2000,12,0.1597,2138.0,13384.0
Júcar,2001,1,0.2056,3439.0,16730.0
Júcar,2001,2,0.2586,3461.0,13384.0
Júcar,2001,3,0.3061,4097.0,13384.0
Júcar,2001,4,0.3293,4407.0,13384.0
Júcar,2001,5,0.3309,5536.0,16730.0
Júcar,2001,6,0.3087,4131.0,13384.0
Júcar,2001,7,0.2677,4478.0,16730.0
Júcar,2001,8,0.2254,3017.0,13384.0
Júcar,2001,9,0.1999,2675.0,13384.0
Júcar,2001,10,0.1939,3244.0,16730.0
Júcar,2001,11,0.1966,2631.0,13384.0
Júcar,2001,12,0.2054,2749.0,13384.0
Júcar,2002,1,0.22,3681.0,16730.0
Júcar,2002,2,0.2282,3054.0,13384.0
Júcar,2002,3,0.2301,3079.0,13384.0
Júcar,2002,4,0.2478,4145.0,16730.0
Júcar,2002,5,0.279,3734.0,13384.0
Júcar,2002,6,0.2776,3715.0,13384.0
Júcar,2002,7,0.2527,4228.0,16730.0
Júcar,2002,8,0.2226,2979.0,13384.0
Júcar,2002,9,0.2098,2808.0,13384.0
Júcar,2002,10,0.2017,3375.0,16730.0
Júcar,2002,11,0.2016,2698.0,13384.0
Júcar,2002,12,0.2121,3548.0,16730.0
Júcar,2003,1,0.2432,3255.0,13384.0
Júcar,2003,2,0.2692,3603.0,13384.0
Júcar,2003,3,0.3144,4208.0,13384.0
Júcar,2003,4,0.3509,5870.0,16730.0
Júcar,2003,5,0.3905,5226.0,13384.0
Júcar,2003,6,0.3938,5270.0,13384.0
Júcar,2003,7,0.3564,5962.0,16730.0
Júcar,2003,8,0.3081,4123.0,13384.0
Júcar,2003,9,0.2796,4677.0,16730.0
Júcar,2003,10,0.275,3681.0,13384.0
Júcar,2003,11,0.2918,3906.0,13384.0
Júcar,2003,12,0.3097,5181.0,16730.0
Júcar,2004,1,0.3232,4326.0,13384.0
Júcar,2004,2,0.3302,4419.0,13384.0
Júcar,2004,3,0.3474,5812.0,16730.0
Júcar,2004,4,0.3901,5221.0,13384.0
Júcar,2004,5,0.4245,5681.0,13384.0
Júcar,2004,6,0.4362,7298.0,16730.0
Júcar,2004,7,0.4145,5547.0,13384.0
Júcar,2004,8,0.3769,6305.0,16730.0
Júcar,2004,9,0.3452,4620.0,13384.0
Júcar,2004,10,0.3302,4420.0,13384.0
Júcar,2004,11,0.3233,5409.0,16730.0
Júcar,2004,12,0.3373,4515.0,13384.0
Júcar,2005,1,0.3496,4679.0,13384.0
Júcar,2005,2,0.3507,4694.0,13384.0
Júcar,2005,3,0.3539,5921.0,16730.0
Júcar,2005,4,0.3527,4720.0,13384.0
Júcar,2005,5,0.3295,5512.0,16730.0
Júcar,2005,6,0.2946,3943.0,13384.0
Júcar,2005,7,0.2603,3484.0,13384.0
Júcar,2005,8,0.2162,3617.0,16730.0
Júcar,2005,9,0.1887,2526.0,13384.0
Júcar,2005,10,0.1812,2425.0,13384.0
Júcar,2005,11,0.1819,3044.0,16730.0
Júcar,2005,12,0.1937,2592.0,13384.0
Júcar,2006,1,0.2062,3450.0,16730.0
Júcar,2006,2,0.2202,2947.0,13384.0
Júcar,2006,3,0.2314,3097.0,13384.0
Júcar,2006,4,0.2339,3131.0,13384.0
Júcar,2006,5,0.2228,3727.0,16730.0
Júcar,2006,6,0.202,2703.0,13384.0
Júcar,2006,7,0.1787,2392.0,13384.0
Júcar,2006,8,0.1453,2431.0,16730.0
Júcar,2006,9,0.1228,1644.0,13384.0
Júcar,2006,10,0.1185,1983.0,16730.0
Júcar,2006,11,0.1257,1683.0,13384.0
Júcar,2006,12,0.1361,1822.0,13384.0
Júcar,2007,1,0.1458,2440.0,16730.0
Júcar,2007,2,0.1616,2163.0,13384.0
Júcar,2007,3,0.1739,2328.0,13384.0
Júcar,2007,4,0.2035,2723.0,13384.0
Júcar,2007,5,0.2347,3926.0,16730.0
Júcar,2007,6,0.23,3078.0,13384.0
Júcar,2007,7,0.2079,3479.0,16730.0
Júcar,2007,8,0.1836,2457.0,13384.0
Júcar,2007,9,0.1664,2227.0,13384.0
Júcar,2007,10,0.176,2944.0,16730.0
Júcar,2007,11,0.1848,2473.0,13384.0
Júcar,2007,12,0.191,2556.0,13384.0
Júcar,2008,1,0.2079,3478.0,16730.0
Júcar,2008,2,0.2181,2919.0,13384.0
Júcar,2008,3,0.2284,3057.0,13384.0
Júcar,2008,4,0.2354,3938.0,16730.0
Júcar,2008,5,0.2457,3289.0,13384.0
Júcar,2008,6,0.2646,3541.0,13384.0
Júcar,2008,7,0.2588,4330.0,16730.0
Júcar,2008,8,0.2318,3103.0,13384.0
Júcar,2008,9,0.2129,3562.0,16730.0
Júcar,2008,10,0.2203,2949.0,13384.0
Júcar,2008,11,0.2412,3228.0,13384.0
Júcar,2008,12,0.26,4349.0,16730.0
Júcar,2009,1,0.2882,3857.0,13384.0
Júcar,2009,2,0.3313,4434.0,13384.0
Júcar,2009,3,0.3652,6104.0,16714.0
Júcar,2009,4,0.3891,5183.0,13320.0
Júcar,2009,5,0.3935,5241.0,13320.0
Júcar,2009,6,0.3708,6174.0,16650.0
Júcar,2009,7,0.3415,4549.0,13320.0
Júcar,2009,8,0.3087,4112.0,13320.0
Júcar,2009,9,0.2842,4732.0,16650.0
Júcar,2009,10,0.2976,3964.0,13320.0
Júcar,2009,11,0.295,3935.0,13338.0
Júcar,2009,12,0.3032,5057.0,16680.0
Júcar,2010,1,0.3695,4931.0,13344.0
Júcar,2010,2,0.4186,5586.0,13344.0
Júcar,2010,3,0.4871,8125.0,16680.0
Júcar,2010,4,0.5301,7073.0,13344.0
Júcar,2010,5,0.5631,7514.0,13344.0
Júcar,2010,6,0.565,9425.0,16680.0
Júcar,2010,7,0.5487,7322.0,13344.0
Júcar,2010,8,0.5171,8625.0,16680.0
Júcar,2010,9,0.4897,6534.0,13344.0
Júcar,2010,10,0.4798,6402.0,13344.0
Júcar,2010,11,0.4847,8085.0,16680.0
Júcar,2010,12,0.501,6686.0,13344.0
Júcar,2011,1,0.5252,7008.0,13344.0
Júcar,2011,2,0.5406,7214.0,13344.0
Júcar,2011,3,0.5664,9448.0,16680.0
Júcar,2011,4,0.5945,7933.0,13344.0
Júcar,2011,5,0.6111,10193.0,16680.0
Júcar,2011,6,0.6051,8074.0,13344.0
Júcar,2011,7,0.5762,7689.0,13344.0
Júcar,2011,8,0.5349,8922.0,16680.0
Júcar,2011,9,0.4983,6649.0,13344.0
Júcar,2011,10,0.4819,6430.0,13344.0
Júcar,2011,11,0.4885,8149.0,16680.0
Júcar,2011,12,0.5103,6810.0,13344.0
Júcar,2012,1,0.5213,8696.0,16680.0
Júcar,2012,2,0.53,7072.0,13344.0
Júcar,2012,3,0.5324,7104.0,13344.0
Júcar,2012,4,0.5372,7169.0,13344.0
Júcar,2012,5,0.5273,8795.0,16680.0
Júcar,2012,6,0.4927,6574.0,13344.0
Júcar,2012,7,0.4474,7463.0,16680.0
Júcar,2012,8,0.3997,5333.0,13344.0
Júcar,2012,9,0.3695,4930.0,13344.0
Júcar,2012,10,0.3645,6080.0,16680.0
Júcar,2012,11,0.3825,5104.0,13344.0
Júcar,2012,12,0.3997,5334.0,13344.0
Júcar,2013,1,0.4099,6837.0,16680.0
Júcar,2013,2,0.4261,5686.0,13344.0
Júcar,2013,3,0.4678,6242.0,13344.0
Júcar,2013,4,0.5458,9106.0,16683.0
Júcar,2013,5,0.5831,7783.0,13348.0
Júcar,2013,6,0.5763,7692.0,13348.0
Júcar,2013,7,0.5507,9189.0,16685.0
Júcar,2013,8,0.5131,6849.0,13348.0
Júcar,2013,9,0.4949,6606.0,13348.0
Júcar,2013,10,0.4782,7979.0,16685.0
Júcar,2013,11,0.4694,6266.0,13348.0
Júcar,2013,12,0.4738,7906.0,16685.0
Júcar,2014,1,0.4906,6548.0,13348.0
Júcar,2014,2,0.5164,6893.0,13348.0
Júcar,2014,3,0.5482,7318.0,13348.0
Júcar,2014,4,0.5584,9317.0,16685.0
Júcar,2014,5,0.5415,7228.0,13348.0
Júcar,2014,6,0.5115,6828.0,13348.0
Júcar,2014,7,0.4749,7923.0,16685.0
Júcar,2014,8,0.4309,5752.0,13348.0
Júcar,2014,9,0.398,6640.0,16685.0
Júcar,2014,10,0.3887,5188.0,13348.0
Júcar,2014,11,0.384,5125.0,13348.0
Júcar,2014,12,0.4022,6710.0,16685.0
Júcar,2015,1,0.4137,5522.0,13348.0
Júcar,2015,2,0.4309,5751.0,13348.0
Júcar,2015,3,0.4562,7611.0,16685.0
Júcar,2015,4,0.4931,6582.0,13348.0
Júcar,2015,5,0.4817,6430.0,13348.0
Júcar,2015,6,0.4541,7576.0,16685.0
Júcar,2015,7,0.4196,5601.0,13348.0
Júcar,2015,8,0.3845,5132.0,13348.0
Júcar,2015,9,0.3598,6004.0,16685.0
Júcar,2015,10,0.3552,4741.0,13348.0
Júcar,2015,11,0.3609,4817.0,13348.0
Júcar,2015,12,0.3621,6042.0,16685.0
Júcar,2016,1,0.3685,4919.0,13348.0
Júcar,2016,2,0.3765,5025.0,13348.0
Júcar,2016,3,0.391,6524.0,16685.0
Júcar,2016,4,0.4065,5426.0,13348.0
Júcar,2016,5,0.4059,6773.0,16685.0
Júcar,2016,6,0.3825,5106.0,13348.0
Júcar,2016,7,0.3479,4644.0,13348.0
Júcar,2016,8,0.3049,5088.0,16685.0
Júcar,2016,9,0.2679,3576.0,13348.0
Júcar,2016,10,0.2597,3466.0,13348.0
Júcar,2016,11,0.2595,4329.0,16685.0
Júcar,2016,12,0.2867,3827.0,13348.0
Júcar,2017,1,0.3295,5498.0,16685.0
Júcar,2017,2,0.3628,4843.0,13348.0
Júcar,2017,3,0.3831,5114.0,13348.0
Júcar,2017,4,0.3962,5288.0,13348.0
Júcar,2017,5,0.3922,6544.0,16685.0
Júcar,2017,6,0.3695,4932.0,13348.0
Júcar,2017,7,0.3377,4507.0,13348.0
Júcar,2017,8,0.2998,5002.0,16685.0
Júcar,2017,9,0.271,3617.0,13348.0
Júcar,2017,10,0.255,4255.0,16685.0
Júcar,2017,11,0.2502,3340.0,13348.0
Júcar,2017,12,0.2501,3339.0,13348.0
Júcar,2018,1,0.2553,4259.0,16685.0
Júcar,2018,2,0.265,3537.0,13348.0
Júcar,2018,3,0.2937,3920.0,13348.0
Júcar,2018,4,0.3309,4417.0,13348.0
Júcar,2018,5,0.3503,5845.0,16685.0
Júcar,2018,6,0.355,4739.0,13348.0
Júcar,2018,7,0.3314,5529.0,16685.0
Júcar,2018,8,0.2951,3939.0,13348.0
Júcar,2018,9,0.2783,3715.0,13348.0
Júcar,2018,10,0.2868,4786.0,16685.0
Júcar,2018,11,0.3129,4176.0,13348.0
Júcar,2018,12,0.3371,4499.0,13348.0
Júcar,2019,1,0.3536,5899.0,16685.0
Júcar,2019,2,0.3672,4901.0,13348.0
Júcar,2019,3,0.3726,4973.0,13348.0
Júcar,2019,4,0.3859,6439.0,16685.0
Júcar,2019,5,0.4161,5554.0,13348.0
Júcar,2019,6,0.3987,5322.0,13348.0
Júcar,2019,7,0.3657,6101.0,16685.0
Júcar,2019,8,0.3262,4354.0,13348.0
Júcar,2019,9,0.3018,4028.0,13348.0
Júcar,2019,10,0.3003,5011.0,16685.0
Júcar,2019,11,0.3378,4011.0,11875.0
Júcar,2019,12,0.3741,5324.0,14230.0
Júcar,2020,1,0.4196,4777.0,11384.0
Júcar,2020,2,0.4648,5291.0,11384.0
Júcar,2020,3,0.4932,7018.0,14230.0
Júcar,2020,4,0.5573,6344.0,11384.0
Júcar,2020,5,0.5869,6681.0,11384.0
Júcar,2020,6,0.5902,8399.0,14230.0
Júcar,2020,7,0.5694,6482.0,11384.0
Júcar,2020,8,0.5353,6094.0,11384.0
Júcar,2020,9,0.4896,6967.0,14230.0
Júcar,2020,10,0.4698,5348.0,11384.0
Júcar,2020,11,0.4733,5388.0,11384.0
Júcar,2020,12,0.4956,7053.0,14230.0
Júcar,2021,1,0.5158,5872.0,11384.0
Júcar,2021,2,0.5614,6391.0,11384.0
Júcar,2021,3,0.5952,8470.0,14230.0
Júcar,2021,4,0.6109,6955.0,11384.0
Júcar,2021,5,0.6267,7134.0,11384.0
Júcar,2021,6,0.6112,8698.0,14230.0
Júcar,2021,7,0.5797,6599.0,11384.0
Júcar,2021,8,0.5369,7640.0,14230.0
Júcar,2021,9,0.5134,5844.0,11384.0
Júcar,2021,10,0.5096,5801.0,11384.0
Júcar,2021,11,0.5157,7338.0,14230.0
Júcar,2021,12,0.528,6011.0,11384.0
Júcar,2022,1,0.5379,6124.0,11384.0
Júcar,2022,2,0.5462,6218.0,11384.0
Júcar,2022,3,0.5655,8047.0,14230.0
Júcar,2022,4,0.6325,7200.0,11384.0
Júcar,2022,5,0.6565,9342.0,14230.0
Júcar,2022,6,0.6485,7382.0,11384.0
Júcar,2022,7,0.6154,7006.0,11384.0
Júcar,2022,8,0.5798,8250.0,14230.0
Júcar,2022,9,0.5353,6094.0,11384.0
Júcar,2022,10,0.5232,5956.0,11384.0
Júcar,2022,11,0.5224,7434.0,14230.0
Júcar,2022,12,0.5447,6201.0,11384.0
Júcar,2023,1,0.5838,8307.0,14230.0
Júcar,2023,2,0.6078,6919.0,11384.0
Júcar,2023,3,0.6154,7006.0,11384.0
Júcar,2023,4,0.611,6956.0,11384.0
Júcar,2023,5,0.5893,8386.0,14230.0
Júcar,2023,6,0.5818,6623.0,11384.0
Júcar,2023,7,0.5556,6325.0,11384.0
Júcar,2023,8,0.5048,7184.0,14230.0
Júcar,2023,9,0.4785,5447.0,11384.0
Júcar,2023,10,0.4714,6708.0,14230.0
Júcar,2023,11,0.4618,5257.0,11384.0
Júcar,2023,12,0.4597,5233.0,11384.0
Júcar,2024,1,0.4665,6638.0,14230.0
Júcar,2024,2,0.4894,5571.0,11384.0
Júcar,2024,3,0.5112,5820.0,11384.0
Júcar,2024,4,0.5612,7986.0,14230.0
Júcar,2024,5,0.5537,6303.0,11384.0
Júcar,2024,6,0.5287,6019.0,11384.0
Júcar,2024,7,0.4923,7006.0,14230.0
Júcar,2024,8,0.4431,5044.0,11384.0
Júcar,2024,9,0.4152,4727.0,11384.0
Júcar,2024,10,0.4044,5755.0,14230.0
Júcar,2024,11,0.4824,5492.0,11384.0
Júcar,2024,12,0.4947,7039.0,14230.0
Júcar,2025,1,0.501,5703.0,11384.0
Júcar,2025,2,0.5154,5867.0,11384.0
Júcar,2025,3,0.5582,6354.0,11384.0
Júcar,2025,4,0.6217,8847.0,14230.0
Júcar,2025,5,0.638,7263.0,11384.0
Júcar,2025,6,0.6232,7094.0,11384.0
Júcar,2025,7,0.5887,8377.0,14230.0
Júcar,2025,8,0.5508,6270.0,11384.0
Júcar,2025,9,0.5001,7117.0,14230.0
Júcar,2025,10,0.493,5612.0,11384.0
Júcar,2025,11,0.4973,5661.0,11384.0
Júcar,2025,12,0.5015,7137.0,14230.0
Júcar,2026,1,0.5238,5963.0,11384.0
Júcar,2026,2,0.5931,6752.0,11384.0
Júcar,2026,3,0.6639,9447.0,14230.0
Júcar,2026,4,0.6821,7765.0,11384.0
Júcar,2026,5,0.6812,7755.0,11384.0
Júcar,2026,6,0.6575,9356.0,14230.0
Júcar,2026,7,0.6279,3574.0,5692.0
Miño - Sil,1988,1,0.7435,8889.0,11956.0
Miño - Sil,1988,2,0.8873,10609.0,11956.0
Miño - Sil,1988,3,0.7652,11436.0,14945.0
Miño - Sil,1988,4,0.7325,8758.0,11956.0
Miño - Sil,1988,5,0.8167,12206.0,14945.0
Miño - Sil,1988,6,0.8279,9898.0,11956.0
Miño - Sil,1988,7,0.8256,9871.0,11956.0
Miño - Sil,1988,8,0.735,10985.0,14945.0
Miño - Sil,1988,9,0.6152,7355.0,11956.0
Miño - Sil,1988,10,0.5036,6021.0,11956.0
Miño - Sil,1988,11,0.4242,6344.0,14955.0
Miño - Sil,1988,12,0.3862,4620.0,11964.0
Miño - Sil,1989,1,0.362,5413.0,14955.0
Miño - Sil,1989,2,0.3611,4320.0,11964.0
Miño - Sil,1989,3,0.4984,5963.0,11964.0
Miño - Sil,1989,4,0.6189,7404.0,11964.0
Miño - Sil,1989,5,0.7294,10908.0,14955.0
Miño - Sil,1989,6,0.7599,9091.0,11964.0
Miño - Sil,1989,7,0.6949,8314.0,11964.0
Miño - Sil,1989,8,0.588,8794.0,14955.0
Miño - Sil,1989,9,0.5111,6115.0,11964.0
Miño - Sil,1989,10,0.4421,6612.0,14955.0
Miño - Sil,1989,11,0.4177,4997.0,11964.0
Miño - Sil,1989,12,0.531,6353.0,11964.0
Miño - Sil,1990,1,0.6911,10335.0,14955.0
Miño - Sil,1990,2,0.7562,9047.0,11964.0
Miño - Sil,1990,3,0.7026,8406.0,11964.0
Miño - Sil,1990,4,0.6596,7892.0,11964.0
Miño - Sil,1990,5,0.6427,9611.0,14955.0
Miño - Sil,1990,6,0.6179,7393.0,11964.0
Miño - Sil,1990,7,0.5521,8257.0,14955.0
Miño - Sil,1990,8,0.4866,5822.0,11964.0
Miño - Sil,1990,9,0.4562,5458.0,11964.0
Miño - Sil,1990,10,0.4239,6340.0,14955.0
Miño - Sil,1990,11,0.4376,5236.0,11964.0
Miño - Sil,1990,12,0.4061,4858.0,11964.0
Miño - Sil,1991,1,0.5566,8324.0,14955.0
Miño - Sil,1991,2,0.61,7298.0,11964.0
Miño - Sil,1991,3,0.7324,8763.0,11964.0
Miño - Sil,1991,4,0.7894,11805.0,14955.0
Miño - Sil,1991,5,0.7514,8990.0,11964.0
Miño - Sil,1991,6,0.7236,8657.0,11964.0
Miño - Sil,1991,7,0.6524,9756.0,14955.0
Miño - Sil,1991,8,0.583,6975.0,11964.0
Miño - Sil,1991,9,0.5388,6446.0,11964.0
Miño - Sil,1991,10,0.4755,7109.0,14951.0
Miño - Sil,1991,11,0.4678,5595.0,11960.0
Miño - Sil,1991,12,0.4579,6845.0,14950.0
Miño - Sil,1992,1,0.4326,5174.0,11960.0
Miño - Sil,1992,2,0.4475,5352.0,11960.0
Miño - Sil,1992,3,0.4578,6844.0,14950.0
Miño - Sil,1992,4,0.5906,7063.0,11960.0
Miño - Sil,1992,5,0.6684,7994.0,11960.0
Miño - Sil,1992,6,0.6979,10433.0,14950.0
Miño - Sil,1992,7,0.6613,7909.0,11960.0
Miño - Sil,1992,8,0.6028,7209.0,11960.0
Miño - Sil,1992,9,0.5528,8265.0,14950.0
Miño - Sil,1992,10,0.4901,5861.0,11960.0
Miño - Sil,1992,11,0.5094,6093.0,11960.0
Miño - Sil,1992,12,0.6318,9446.0,14950.0
Miño - Sil,1993,1,0.6102,7298.0,11960.0
Miño - Sil,1993,2,0.5849,6996.0,11960.0
Miño - Sil,1993,3,0.5618,8399.0,14950.0
Miño - Sil,1993,4,0.5997,7173.0,11960.0
Miño - Sil,1993,5,0.7273,8699.0,11960.0
Miño - Sil,1993,6,0.8199,12258.0,14950.0
Miño - Sil,1993,7,0.791,9460.0,11960.0
Miño - Sil,1993,8,0.6886,10295.0,14950.0
Miño - Sil,1993,9,0.6298,7533.0,11960.0
Miño - Sil,1993,10,0.7205,8617.0,11960.0
Miño - Sil,1993,11,0.693,10360.0,14950.0
Miño - Sil,1993,12,0.6232,7454.0,11960.0
Miño - Sil,1994,1,0.8007,9576.0,11960.0
Miño - Sil,1994,2,0.8194,9800.0,11960.0
Miño - Sil,1994,3,0.7909,11824.0,14950.0
Miño - Sil,1994,4,0.7375,8821.0,11960.0
Miño - Sil,1994,5,0.741,11078.0,14950.0
Miño - Sil,1994,6,0.7696,9204.0,11960.0
Miño - Sil,1994,7,0.7222,8638.0,11960.0
Miño - Sil,1994,8,0.639,9553.0,14950.0
Miño - Sil,1994,9,0.579,6925.0,11960.0
Miño - Sil,1994,10,0.5375,6428.0,11960.0
Miño - Sil,1994,11,0.537,8028.0,14950.0
Miño - Sil,1994,12,0.5295,6333.0,11960.0
Miño - Sil,1995,1,0.6538,9774.0,14950.0
Miño - Sil,1995,2,0.8005,9574.0,11960.0
Miño - Sil,1995,3,0.8604,10290.0,11960.0
Miño - Sil,1995,4,0.7962,9523.0,11960.0
Miño - Sil,1995,5,0.7439,11121.0,14950.0
Miño - Sil,1995,6,0.7023,8399.0,11960.0
Miño - Sil,1995,7,0.651,7786.0,11960.0
Miño - Sil,1995,8,0.5681,8493.0,14950.0
Miño - Sil,1995,9,0.4962,5934.0,11960.0
Miño - Sil,1995,10,0.4633,6926.0,14950.0
Miño - Sil,1995,11,0.4722,5648.0,11960.0
Miño - Sil,1995,12,0.5948,7114.0,11960.0
Miño - Sil,1996,1,0.8642,12920.0,14950.0
Miño - Sil,1996,2,0.8492,10157.0,11960.0
Miño - Sil,1996,3,0.8172,9774.0,11960.0
Miño - Sil,1996,4,0.8589,12841.0,14950.0
Miño - Sil,1996,5,0.8597,10282.0,11960.0
Miño - Sil,1996,6,0.8166,9766.0,11960.0
Miño - Sil,1996,7,0.7249,10837.0,14950.0
Miño - Sil,1996,8,0.6283,7515.0,11960.0
Miño - Sil,1996,9,0.5698,6815.0,11960.0
Miño - Sil,1996,10,0.528,7893.0,14950.0
Miño - Sil,1996,11,0.4908,5870.0,11960.0
Miño - Sil,1996,12,0.6156,9203.0,14950.0
Miño - Sil,1997,1,0.6589,7880.0,11960.0
Miño - Sil,1997,2,0.673,8049.0,11960.0
Miño - Sil,1997,3,0.6922,8279.0,11960.0
Miño - Sil,1997,4,0.6548,9790.0,14950.0
Miño - Sil,1997,5,0.6538,7819.0,11960.0
Miño - Sil,1997,6,0.7355,8796.0,11960.0
Miño - Sil,1997,7,0.7341,10975.0,14950.0
Miño - Sil,1997,8,0.6758,8083.0,11960.0
Miño - Sil,1997,9,0.6021,9002.0,14950.0
Miño - Sil,1997,10,0.5485,6560.0,11960.0
Miño - Sil,1997,11,0.6242,7465.0,11960.0
Miño - Sil,1997,12,0.7997,11955.0,14950.0
Miño - Sil,1998,1,0.8612,10300.0,11960.0
Miño - Sil,1998,2,0.8009,9579.0,11960.0
Miño - Sil,1998,3,0.7696,11506.0,14950.0
Miño - Sil,1998,4,0.8559,10236.0,11960.0
Miño - Sil,1998,5,0.9006,10771.0,11960.0
Miño - Sil,1998,6,0.8386,12537.0,14950.0
Miño - Sil,1998,7,0.7754,9274.0,11960.0
Miño - Sil,1998,8,0.7103,8495.0,11960.0
Miño - Sil,1998,9,0.6235,9321.0,14950.0
Miño - Sil,1998,10,0.5492,6569.0,11960.0
Miño - Sil,1998,11,0.4927,5893.0,11960.0
Miño - Sil,1998,12,0.461,6892.0,14950.0
Miño - Sil,1999,1,0.5052,6063.0,12000.0
Miño - Sil,1999,2,0.5676,6789.0,11960.0
Miño - Sil,1999,3,0.6564,9944.0,15150.0
Miño - Sil,1999,4,0.7587,9196.0,12120.0
Miño - Sil,1999,5,0.8422,10207.0,12120.0
Miño - Sil,1999,6,0.8385,12704.0,15150.0
Miño - Sil,1999,7,0.7677,9304.0,12120.0
Miño - Sil,1999,8,0.6732,10199.0,15150.0
Miño - Sil,1999,9,0.5901,7152.0,12120.0
Miño - Sil,1999,10,0.6053,7336.0,12120.0
Miño - Sil,1999,11,0.6916,10477.0,15150.0
Miño - Sil,1999,12,0.6365,7714.0,12120.0
Miño - Sil,2000,1,0.6797,8238.0,12120.0
Miño - Sil,2000,2,0.6319,9574.0,15150.0
Miño - Sil,2000,3,0.6138,7439.0,12120.0
Miño - Sil,2000,4,0.6786,8225.0,12120.0
Miño - Sil,2000,5,0.8582,13002.0,15150.0
Miño - Sil,2000,6,0.8402,10183.0,12120.0
Miño - Sil,2000,7,0.7774,9422.0,12120.0
Miño - Sil,2000,8,0.6915,10476.0,15150.0
Miño - Sil,2000,9,0.5972,7238.0,12120.0
Miño - Sil,2000,10,0.4862,7366.0,15150.0
Miño - Sil,2000,11,0.6192,7505.0,12120.0
Miño - Sil,2000,12,0.8606,10431.0,12120.0
Miño - Sil,2001,1,0.8895,13476.0,15150.0
Miño - Sil,2001,2,0.8874,10755.0,12120.0
Miño - Sil,2001,3,0.9158,11099.0,12120.0
Miño - Sil,2001,4,0.8887,10771.0,12120.0
Miño - Sil,2001,5,0.8489,12861.0,15150.0
Miño - Sil,2001,6,0.8434,10222.0,12120.0
Miño - Sil,2001,7,0.7678,11632.0,15150.0
Miño - Sil,2001,8,0.6369,7719.0,12120.0
Miño - Sil,2001,9,0.5335,6466.0,12120.0
Miño - Sil,2001,10,0.4764,7217.0,15150.0
Miño - Sil,2001,11,0.4394,5325.0,12120.0
Miño - Sil,2001,12,0.3427,4154.0,12120.0
Miño - Sil,2002,1,0.3301,5001.0,15150.0
Miño - Sil,2002,2,0.4583,5554.0,12120.0
Miño - Sil,2002,3,0.5554,6732.0,12120.0
Miño - Sil,2002,4,0.6302,9547.0,15150.0
Miño - Sil,2002,5,0.6401,7758.0,12120.0
Miño - Sil,2002,6,0.6479,7852.0,12120.0
Miño - Sil,2002,7,0.6341,9606.0,15150.0
Miño - Sil,2002,8,0.5835,7072.0,12120.0
Miño - Sil,2002,9,0.5359,6495.0,12120.0
Miño - Sil,2002,10,0.5203,7882.0,15150.0
Miño - Sil,2002,11,0.574,6957.0,12120.0
Miño - Sil,2002,12,0.7622,11548.0,15150.0
Miño - Sil,2003,1,0.8715,10562.0,12120.0
Miño - Sil,2003,2,0.8366,10139.0,12120.0
Miño - Sil,2003,3,0.8526,10334.0,12120.0
Miño - Sil,2003,4,0.8414,12747.0,15150.0
Miño - Sil,2003,5,0.8546,10358.0,12120.0
Miño - Sil,2003,6,0.8138,9863.0,12120.0
Miño - Sil,2003,7,0.7291,11046.0,15150.0
Miño - Sil,2003,8,0.6266,7594.0,12120.0
Miño - Sil,2003,9,0.5564,8429.0,15150.0
Miño - Sil,2003,10,0.5226,6334.0,12120.0
Miño - Sil,2003,11,0.5302,6426.0,12120.0
Miño - Sil,2003,12,0.6071,9197.0,15150.0
Miño - Sil,2004,1,0.6907,8371.0,12120.0
Miño - Sil,2004,2,0.7466,9049.0,12120.0
Miño - Sil,2004,3,0.7481,11333.0,15150.0
Miño - Sil,2004,4,0.7624,9240.0,12120.0
Miño - Sil,2004,5,0.7682,9311.0,12120.0
Miño - Sil,2004,6,0.7504,11369.0,15150.0
Miño - Sil,2004,7,0.6346,7691.0,12120.0
Miño - Sil,2004,8,0.5253,7959.0,15150.0
Miño - Sil,2004,9,0.4706,5704.0,12120.0
Miño - Sil,2004,10,0.4587,5560.0,12120.0
Miño - Sil,2004,11,0.494,7484.0,15150.0
Miño - Sil,2004,12,0.4769,5780.0,12120.0
Miño - Sil,2005,1,0.5176,6273.0,12120.0
Miño - Sil,2005,2,0.5384,6526.0,12120.0
Miño - Sil,2005,3,0.5195,7871.0,15150.0
Miño - Sil,2005,4,0.6127,7426.0,12120.0
Miño - Sil,2005,5,0.7164,10854.0,15150.0
Miño - Sil,2005,6,0.7073,8572.0,12120.0
Miño - Sil,2005,7,0.6493,7869.0,12120.0
Miño - Sil,2005,8,0.5888,8921.0,15150.0
Miño - Sil,2005,9,0.5468,6627.0,12120.0
Miño - Sil,2005,10,0.505,6121.0,12120.0
Miño - Sil,2005,11,0.4795,7265.0,15150.0
Miño - Sil,2005,12,0.5336,6467.0,12120.0
Miño - Sil,2006,1,0.5893,8928.0,15150.0
Miño - Sil,2006,2,0.611,7405.0,12120.0
Miño - Sil,2006,3,0.7462,9044.0,12120.0
Miño - Sil,2006,4,0.841,10193.0,12120.0
Miño - Sil,2006,5,0.851,12893.0,15150.0
Miño - Sil,2006,6,0.8233,9979.0,12120.0
Miño - Sil,2006,7,0.7705,9339.0,12120.0
Miño - Sil,2006,8,0.6952,10532.0,15150.0
Miño - Sil,2006,9,0.6374,7725.0,12120.0
Miño - Sil,2006,10,0.628,9514.0,15150.0
Miño - Sil,2006,11,0.6917,8383.0,12120.0
Miño - Sil,2006,12,0.8409,10192.0,12120.0
Miño - Sil,2007,1,0.776,11757.0,15150.0
Miño - Sil,2007,2,0.7979,9671.0,12120.0
Miño - Sil,2007,3,0.8591,10412.0,12120.0
Miño - Sil,2007,4,0.8227,9971.0,12120.0
Miño - Sil,2007,5,0.8223,12458.0,15150.0
Miño - Sil,2007,6,0.8379,10155.0,12120.0
Miño - Sil,2007,7,0.7834,11869.0,15150.0
Miño - Sil,2007,8,0.6771,8207.0,12120.0
Miño - Sil,2007,9,0.6393,7748.0,12120.0
Miño - Sil,2007,10,0.5542,8396.0,15150.0
Miño - Sil,2007,11,0.4835,5860.0,12120.0
Miño - Sil,2007,12,0.4502,5456.0,12120.0
Miño - Sil,2008,1,0.4612,6987.0,15150.0
Miño - Sil,2008,2,0.4965,6018.0,12120.0
Miño - Sil,2008,3,0.5252,6365.0,12120.0
Miño - Sil,2008,4,0.6593,9989.0,15150.0
Miño - Sil,2008,5,0.7797,9450.0,12120.0
Miño - Sil,2008,6,0.8071,9782.0,12120.0
Miño - Sil,2008,7,0.7554,11445.0,15150.0
Miño - Sil,2008,8,0.6563,7954.0,12120.0
Miño - Sil,2008,9,0.5909,8952.0,15150.0
Miño - Sil,2008,10,0.5114,6198.0,12120.0
Miño - Sil,2008,11,0.4877,5911.0,12120.0
Miño - Sil,2008,12,0.5356,8115.0,15150.0
Miño - Sil,2009,1,0.573,6945.0,12120.0
Miño - Sil,2009,2,0.7884,9556.0,12120.0
Miño - Sil,2009,3,0.7886,11948.0,15150.0
Miño - Sil,2009,4,0.7709,9343.0,12120.0
Miño - Sil,2009,5,0.7853,9518.0,12120.0
Miño - Sil,2009,6,0.7858,11905.0,15150.0
Miño - Sil,2009,7,0.7682,9311.0,12120.0
Miño - Sil,2009,8,0.7026,8515.0,12120.0
Miño - Sil,2009,9,0.6678,10117.0,15150.0
Miño - Sil,2009,10,0.6187,7499.0,12120.0
Miño - Sil,2009,11,0.5875,7121.0,12120.0
Miño - Sil,2009,12,0.6995,10597.0,15150.0
Miño - Sil,2010,1,0.8475,10272.0,12120.0
Miño - Sil,2010,2,0.812,9842.0,12120.0
Miño - Sil,2010,3,0.8764,13257.0,15126.0
Miño - Sil,2010,4,0.8703,10520.0,12088.0
Miño - Sil,2010,5,0.8004,9675.0,12088.0
Miño - Sil,2010,6,0.8228,12432.0,15110.0
Miño - Sil,2010,7,0.7841,9478.0,12088.0
Miño - Sil,2010,8,0.6855,10358.0,15110.0
Miño - Sil,2010,9,0.5953,7196.0,12088.0
Miño - Sil,2010,10,0.5304,6412.0,12088.0
Miño - Sil,2010,11,0.5924,8951.0,15110.0
Miño - Sil,2010,12,0.6913,8357.0,12088.0
Miño - Sil,2011,1,0.7943,9601.0,12088.0
Miño - Sil,2011,2,0.7512,9093.0,12104.0
Miño - Sil,2011,3,0.7444,11278.0,15150.0
Miño - Sil,2011,4,0.7125,8636.0,12120.0
Miño - Sil,2011,5,0.6659,10088.0,15150.0
Miño - Sil,2011,6,0.6419,7780.0,12120.0
Miño - Sil,2011,7,0.6234,7556.0,12120.0
Miño - Sil,2011,8,0.597,9044.0,15150.0
Miño - Sil,2011,9,0.5611,6801.0,12120.0
Miño - Sil,2011,10,0.5133,6221.0,12120.0
Miño - Sil,2011,11,0.5147,7798.0,15150.0
Miño - Sil,2011,12,0.5293,6415.0,12120.0
Miño - Sil,2012,1,0.525,7953.0,15150.0
Miño - Sil,2012,2,0.5111,6194.0,12120.0
Miño - Sil,2012,3,0.5078,6155.0,12120.0
Miño - Sil,2012,4,0.5138,6227.0,12120.0
Miño - Sil,2012,5,0.6641,10061.0,15150.0
Miño - Sil,2012,6,0.692,8387.0,12120.0
Miño - Sil,2012,7,0.6653,10080.0,15150.0
Miño - Sil,2012,8,0.5946,7206.0,12120.0
Miño - Sil,2012,9,0.5273,6391.0,12120.0
Miño - Sil,2012,10,0.4616,6993.0,15150.0
Miño - Sil,2012,11,0.4413,5348.0,12120.0
Miño - Sil,2012,12,0.495,6000.0,12120.0
Miño - Sil,2013,1,0.6383,9671.0,15150.0
Miño - Sil,2013,2,0.8163,9894.0,12120.0
Miño - Sil,2013,3,0.8272,10026.0,12120.0
Miño - Sil,2013,4,0.9094,13777.0,15150.0
Miño - Sil,2013,5,0.8739,10592.0,12120.0
Miño - Sil,2013,6,0.8557,10371.0,12120.0
Miño - Sil,2013,7,0.7832,11866.0,15150.0
Miño - Sil,2013,8,0.6968,8445.0,12120.0
Miño - Sil,2013,9,0.6315,7654.0,12120.0
Miño - Sil,2013,10,0.5655,8567.0,15150.0
Miño - Sil,2013,11,0.6169,7477.0,12120.0
Miño - Sil,2013,12,0.5712,8654.0,15150.0
Miño - Sil,2014,1,0.8116,9836.0,12120.0
Miño - Sil,2014,2,0.8738,10591.0,12120.0
Miño - Sil,2014,3,0.8716,10564.0,12120.0
Miño - Sil,2014,4,0.8567,12979.0,15150.0
Miño - Sil,2014,5,0.8328,10093.0,12120.0
Miño - Sil,2014,6,0.8111,9831.0,12120.0
Miño - Sil,2014,7,0.7639,11573.0,15150.0
Miño - Sil,2014,8,0.6996,8479.0,12120.0
Miño - Sil,2014,9,0.6069,9195.0,15150.0
Miño - Sil,2014,10,0.5766,6988.0,12120.0
Miño - Sil,2014,11,0.6217,7535.0,12120.0
Miño - Sil,2014,12,0.6483,9821.0,15150.0
Miño - Sil,2015,1,0.6262,7590.0,12120.0
Miño - Sil,2015,2,0.7452,9032.0,12120.0
Miño - Sil,2015,3,0.7729,11710.0,15150.0
Miño - Sil,2015,4,0.7975,9666.0,12120.0
Miño - Sil,2015,5,0.8464,10258.0,12120.0
Miño - Sil,2015,6,0.8215,12446.0,15150.0
Miño - Sil,2015,7,0.7309,8859.0,12120.0
Miño - Sil,2015,8,0.6725,8151.0,12120.0
Miño - Sil,2015,9,0.6269,9498.0,15150.0
Miño - Sil,2015,10,0.5894,7143.0,12120.0
Miño - Sil,2015,11,0.5849,7089.0,12120.0
Miño - Sil,2015,12,0.5475,8294.0,15150.0
Miño - Sil,2016,1,0.7604,9216.0,12120.0
Miño - Sil,2016,2,0.8548,10360.0,12120.0
Miño - Sil,2016,3,0.8574,12990.0,15150.0
Miño - Sil,2016,4,0.8776,10636.0,12120.0
Miño - Sil,2016,5,0.8885,13461.0,15150.0
Miño - Sil,2016,6,0.8903,10790.0,12120.0
Miño - Sil,2016,7,0.841,10193.0,12120.0
Miño - Sil,2016,8,0.7494,11354.0,15150.0
Miño - Sil,2016,9,0.6583,7979.0,12120.0
Miño - Sil,2016,10,0.5462,6620.0,12120.0
Miño - Sil,2016,11,0.4955,7507.0,15150.0
Miño - Sil,2016,12,0.4837,5863.0,12120.0
Miño - Sil,2017,1,0.4494,6808.0,15150.0
Miño - Sil,2017,2,0.5583,6766.0,12120.0
Miño - Sil,2017,3,0.6304,7641.0,12120.0
Miño - Sil,2017,4,0.6664,8077.0,12120.0
Miño - Sil,2017,5,0.6749,10224.0,15150.0
Miño - Sil,2017,6,0.6578,7972.0,12120.0
Miño - Sil,2017,7,0.6342,7687.0,12120.0
Miño - Sil,2017,8,0.5915,8961.0,15150.0
Miño - Sil,2017,9,0.5105,6187.0,12120.0
Miño - Sil,2017,10,0.4088,6193.0,15150.0
Miño - Sil,2017,11,0.3845,4660.0,12120.0
Miño - Sil,2017,12,0.4086,4952.0,12120.0
Miño - Sil,2018,1,0.5228,7921.0,15150.0
Miño - Sil,2018,2,0.5795,7024.0,12120.0
Miño - Sil,2018,3,0.7258,8797.0,12120.0
Miño - Sil,2018,4,0.8482,10280.0,12120.0
Miño - Sil,2018,5,0.8658,13117.0,15150.0
Miño - Sil,2018,6,0.8523,10330.0,12120.0
Miño - Sil,2018,7,0.7825,11855.0,15150.0
Miño - Sil,2018,8,0.7046,8540.0,12120.0
Miño - Sil,2018,9,0.6322,7662.0,12120.0
Miño - Sil,2018,10,0.5174,7839.0,15150.0
Miño - Sil,2018,11,0.479,5805.0,12120.0
Miño - Sil,2018,12,0.5147,6238.0,12120.0
Miño - Sil,2019,1,0.5022,7609.0,15150.0
Miño - Sil,2019,2,0.6353,7700.0,12120.0
Miño - Sil,2019,3,0.6647,8056.0,12120.0
Miño - Sil,2019,4,0.6729,10195.0,15150.0
Miño - Sil,2019,5,0.7647,9268.0,12120.0
Miño - Sil,2019,6,0.7705,9339.0,12120.0
Miño - Sil,2019,7,0.7439,11270.0,15150.0
Miño - Sil,2019,8,0.7007,8493.0,12120.0
Miño - Sil,2019,9,0.6644,8052.0,12120.0
Miño - Sil,2019,10,0.5925,8977.0,15150.0
Miño - Sil,2019,11,0.644,7805.0,12120.0
Miño - Sil,2019,12,0.845,12801.0,15150.0
Miño - Sil,2020,1,0.7907,9583.0,12120.0
Miño - Sil,2020,2,0.8146,9873.0,12120.0
Miño - Sil,2020,3,0.821,12438.0,15150.0
Miño - Sil,2020,4,0.8403,10185.0,12120.0
Miño - Sil,2020,5,0.8587,10408.0,12120.0
Miño - Sil,2020,6,0.8171,12379.0,15150.0
Miño - Sil,2020,7,0.7668,9294.0,12120.0
Miño - Sil,2020,8,0.7199,8725.0,12120.0
Miño - Sil,2020,9,0.6169,9346.0,15150.0
Miño - Sil,2020,10,0.5293,6415.0,12120.0
Miño - Sil,2020,11,0.5323,6451.0,12120.0
Miño - Sil,2020,12,0.5519,8361.0,15150.0
Miño - Sil,2021,1,0.6303,7639.0,12120.0
Miño - Sil,2021,2,0.8066,9776.0,12120.0
Miño - Sil,2021,3,0.8304,12581.0,15150.0
Miño - Sil,2021,4,0.762,9236.0,12120.0
Miño - Sil,2021,5,0.7091,8594.0,12120.0
Miño - Sil,2021,6,0.6763,10246.0,15150.0
Miño - Sil,2021,7,0.5922,7178.0,12120.0
Miño - Sil,2021,8,0.4984,7551.0,15150.0
Miño - Sil,2021,9,0.4445,5387.0,12120.0
Miño - Sil,2021,10,0.4158,5040.0,12120.0
Miño - Sil,2021,11,0.4088,6194.0,15150.0
Miño - Sil,2021,12,0.4413,5349.0,12120.0
Miño - Sil,2022,1,0.5234,6344.0,12120.0
Miño - Sil,2022,2,0.5342,6475.0,12120.0
Miño - Sil,2022,3,0.5253,7959.0,15150.0
Miño - Sil,2022,4,0.5417,6566.0,12120.0
Miño - Sil,2022,5,0.5496,8327.0,15150.0
Miño - Sil,2022,6,0.5395,6539.0,12120.0
Miño - Sil,2022,7,0.5265,6381.0,12120.0
Miño - Sil,2022,8,0.4987,7555.0,15150.0
Miño - Sil,2022,9,0.4638,5621.0,12120.0
Miño - Sil,2022,10,0.4217,5111.0,12120.0
Miño - Sil,2022,11,0.4612,6987.0,15150.0
Miño - Sil,2022,12,0.575,6969.0,12120.0
Miño - Sil,2023,1,0.8008,12132.0,15150.0
Miño - Sil,2023,2,0.7864,9531.0,12120.0
Miño - Sil,2023,3,0.7755,9399.0,12120.0
Miño - Sil,2023,4,0.774,9381.0,12120.0
Miño - Sil,2023,5,0.7382,11183.0,15150.0
Miño - Sil,2023,6,0.7144,8658.0,12120.0
Miño - Sil,2023,7,0.6905,8369.0,12120.0
Miño - Sil,2023,8,0.655,9923.0,15150.0
Miño - Sil,2023,9,0.6189,7501.0,12120.0
Miño - Sil,2023,10,0.5921,8971.0,15150.0
Miño - Sil,2023,11,0.8182,9917.0,12120.0
Miño - Sil,2023,12,0.798,9672.0,12120.0
Miño - Sil,2024,1,0.7825,11855.0,15150.0
Miño - Sil,2024,2,0.7737,9377.0,12120.0
Miño - Sil,2024,3,0.8793,10657.0,12120.0
Miño - Sil,2024,4,0.873,13226.0,15150.0
Miño - Sil,2024,5,0.8929,10822.0,12120.0
Miño - Sil,2024,6,0.8687,10529.0,12120.0
Miño - Sil,2024,7,0.8345,12642.0,15150.0
Miño - Sil,2024,8,0.7797,9450.0,12120.0
Miño - Sil,2024,9,0.6909,8374.0,12120.0
Miño - Sil,2024,10,0.6578,9965.0,15150.0
Miño - Sil,2024,11,0.5946,7207.0,12120.0
Miño - Sil,2024,12,0.56,8484.0,15150.0
Miño - Sil,2025,1,0.5836,7073.0,12120.0
Miño - Sil,2025,2,0.7479,9064.0,12120.0
Miño - Sil,2025,3,0.7414,8986.0,12120.0
Miño - Sil,2025,4,0.8001,12121.0,15150.0
Miño - Sil,2025,5,0.8634,10465.0,12120.0
Miño - Sil,2025,6,0.8682,10523.0,12120.0
Miño - Sil,2025,7,0.8155,12355.0,15150.0
Miño - Sil,2025,8,0.772,9357.0,12120.0
Miño - Sil,2025,9,0.7092,10744.0,15150.0
Miño - Sil,2025,10,0.5842,7080.0,12120.0
Miño - Sil,2025,11,0.5546,6722.0,12120.0
Miño - Sil,2025,12,0.6094,9233.0,15150.0
Miño - Sil,2026,1,0.613,7429.0,12120.0
Miño - Sil,2026,2,0.8611,10436.0,12120.0
Miño - Sil,2026,3,0.8659,13119.0,15150.0
Miño - Sil,2026,4,0.8763,10621.0,12120.0
Miño - Sil,2026,5,0.8728,10578.0,12120.0
Miño - Sil,2026,6,0.8345,12643.0,15150.0
Miño - Sil,2026,7,0.7723,4680.0,6060.0
Segura,1988,1,0.1671,738.0,4416.0
Segura,1988,2,0.1977,873.0,4416.0
Segura,1988,3,0.2388,1318.0,5520.0
Segura,1988,4,0.2464,1088.0,4416.0
Segura,1988,5,0.2563,1425.0,5559.0
Segura,1988,6,0.2355,1052.0,4468.0
Segura,1988,7,0.2081,930.0,4468.0
Segura,1988,8,0.1509,843.0,5585.0
Segura,1988,9,0.1101,492.0,4468.0
Segura,1988,10,0.0915,409.0,4468.0
Segura,1988,11,0.0931,520.0,5585.0
Segura,1988,12,0.1318,589.0,4468.0
Segura,1989,1,0.1758,982.0,5585.0
Segura,1989,2,0.2005,896.0,4468.0
Segura,1989,3,0.2355,1052.0,4468.0
Segura,1989,4,0.276,1233.0,4468.0
Segura,1989,5,0.2782,1554.0,5585.0
Segura,1989,6,0.2842,1270.0,4468.0
Segura,1989,7,0.2444,1092.0,4468.0
Segura,1989,8,0.1733,968.0,5585.0
Segura,1989,9,0.173,773.0,4468.0
Segura,1989,10,0.1859,1038.0,5585.0
Segura,1989,11,0.1817,812.0,4468.0
Segura,1989,12,0.2346,1048.0,4468.0
Segura,1990,1,0.3051,1704.0,5585.0
Segura,1990,2,0.3324,1485.0,4468.0
Segura,1990,3,0.3563,1592.0,4468.0
Segura,1990,4,0.3894,1740.0,4468.0
Segura,1990,5,0.3932,2196.0,5585.0
Segura,1990,6,0.3966,1772.0,4468.0
Segura,1990,7,0.3447,1925.0,5585.0
Segura,1990,8,0.2733,1221.0,4468.0
Segura,1990,9,0.2339,1045.0,4468.0
Segura,1990,10,0.205,1145.0,5585.0
Segura,1990,11,0.1925,860.0,4468.0
Segura,1990,12,0.1869,835.0,4468.0
Segura,1991,1,0.1873,1046.0,5585.0
Segura,1991,2,0.2178,973.0,4468.0
Segura,1991,3,0.2717,1214.0,4468.0
Segura,1991,4,0.2967,1657.0,5585.0
Segura,1991,5,0.2601,1162.0,4468.0
Segura,1991,6,0.235,1050.0,4468.0
Segura,1991,7,0.1996,1115.0,5585.0
Segura,1991,8,0.1464,654.0,4468.0
Segura,1991,9,0.1108,495.0,4468.0
Segura,1991,10,0.103,575.0,5585.0
Segura,1991,11,0.1251,559.0,4468.0
Segura,1991,12,0.1325,740.0,5585.0
Segura,1992,1,0.1462,653.0,4468.0
Segura,1992,2,0.1556,695.0,4468.0
Segura,1992,3,0.2056,1148.0,5585.0
Segura,1992,4,0.2296,1026.0,4468.0
Segura,1992,5,0.201,898.0,4468.0
Segura,1992,6,0.1929,1040.0,5390.0
Segura,1992,7,0.1916,826.0,4312.0
Segura,1992,8,0.1452,626.0,4312.0
Segura,1992,9,0.1143,616.0,5390.0
Segura,1992,10,0.0962,415.0,4312.0
Segura,1992,11,0.1048,452.0,4312.0
Segura,1992,12,0.123,663.0,5390.0
Segura,1993,1,0.1426,615.0,4312.0
Segura,1993,2,0.1667,719.0,4312.0
Segura,1993,3,0.1931,1041.0,5390.0
Segura,1993,4,0.1994,860.0,4312.0
Segura,1993,5,0.1987,857.0,4312.0
Segura,1993,6,0.1824,983.0,5390.0
Segura,1993,7,0.1426,615.0,4312.0
Segura,1993,8,0.1195,644.0,5390.0
Segura,1993,9,0.0944,407.0,4312.0
Segura,1993,10,0.0835,360.0,4312.0
Segura,1993,11,0.0935,504.0,5390.0
Segura,1993,12,0.1113,480.0,4312.0
Segura,1994,1,0.1257,542.0,4312.0
Segura,1994,2,0.1412,609.0,4312.0
Segura,1994,3,0.1456,785.0,5390.0
Segura,1994,4,0.1505,649.0,4312.0
Segura,1994,5,0.1353,729.0,5390.0
Segura,1994,6,0.1004,433.0,4312.0
Segura,1994,7,0.0928,400.0,4312.0
Segura,1994,8,0.0913,492.0,5390.0
Segura,1994,9,0.0724,312.0,4312.0
Segura,1994,10,0.0782,337.0,4312.0
Segura,1994,11,0.0931,502.0,5390.0
Segura,1994,12,0.0944,407.0,4312.0
Segura,1995,1,0.1126,607.0,5390.0
Segura,1995,2,0.1039,448.0,4312.0
Segura,1995,3,0.1171,505.0,4312.0
Segura,1995,4,0.119,513.0,4312.0
Segura,1995,5,0.1134,611.0,5390.0
Segura,1995,6,0.1055,455.0,4312.0
Segura,1995,7,0.0946,408.0,4312.0
Segura,1995,8,0.0944,509.0,5390.0
Segura,1995,9,0.0976,421.0,4312.0
Segura,1995,10,0.0783,422.0,5390.0
Segura,1995,11,0.0816,352.0,4312.0
Segura,1995,12,0.0881,380.0,4312.0
Segura,1996,1,0.1596,860.0,5390.0
Segura,1996,2,0.2472,1066.0,4312.0
Segura,1996,3,0.2753,1187.0,4312.0
Segura,1996,4,0.261,1407.0,5390.0
Segura,1996,5,0.2711,1169.0,4312.0
Segura,1996,6,0.2822,1217.0,4312.0
Segura,1996,7,0.2089,1126.0,5390.0
Segura,1996,8,0.1765,761.0,4312.0
Segura,1996,9,0.1521,656.0,4312.0
Segura,1996,10,0.1482,799.0,5390.0
Segura,1996,11,0.148,638.0,4312.0
Segura,1996,12,0.1764,951.0,5390.0
Segura,1997,1,0.301,1298.0,4312.0
Segura,1997,2,0.3495,1507.0,4312.0
Segura,1997,3,0.3397,1465.0,4312.0
Segura,1997,4,0.3373,1818.0,5390.0
Segura,1997,5,0.3564,1537.0,4312.0
Segura,1997,6,0.3476,1499.0,4312.0
Segura,1997,7,0.3275,1765.0,5390.0
Segura,1997,8,0.2783,1200.0,4312.0
Segura,1997,9,0.236,1272.0,5390.0
Segura,1997,10,0.2764,1192.0,4312.0
Segura,1997,11,0.2809,1218.0,4336.0
Segura,1997,12,0.3253,1763.0,5420.0
Segura,1998,1,0.396,1717.0,4336.0
Segura,1998,2,0.4546,1971.0,4336.0
Segura,1998,3,0.4745,2572.0,5420.0
Segura,1998,4,0.4585,1988.0,4336.0
Segura,1998,5,0.4709,2042.0,4336.0
Segura,1998,6,0.4808,2606.0,5420.0
Segura,1998,7,0.447,1938.0,4336.0
Segura,1998,8,0.3798,1647.0,4336.0
Segura,1998,9,0.2924,1585.0,5420.0
Segura,1998,10,0.2304,999.0,4336.0
Segura,1998,11,0.2066,896.0,4336.0
Segura,1998,12,0.2351,1274.0,5420.0
Segura,1999,1,0.2825,1225.0,4336.0
Segura,1999,2,0.3051,1323.0,4336.0
Segura,1999,3,0.3277,1776.0,5420.0
Segura,1999,4,0.3104,1346.0,4336.0
Segura,1999,5,0.2857,1239.0,4336.0
Segura,1999,6,0.2441,1323.0,5420.0
Segura,1999,7,0.2027,879.0,4336.0
Segura,1999,8,0.1485,805.0,5420.0
Segura,1999,9,0.1255,544.0,4336.0
Segura,1999,10,0.1326,575.0,4336.0
Segura,1999,11,0.1633,885.0,5420.0
Segura,1999,12,0.1577,684.0,4336.0
Segura,2000,1,0.1672,725.0,4336.0
Segura,2000,2,0.1875,1016.0,5420.0
Segura,2000,3,0.1946,844.0,4336.0
Segura,2000,4,0.2043,886.0,4336.0
Segura,2000,5,0.2188,1186.0,5420.0
Segura,2000,6,0.2094,908.0,4336.0
Segura,2000,7,0.1958,849.0,4336.0
Segura,2000,8,0.147,797.0,5420.0
Segura,2000,9,0.1411,612.0,4336.0
Segura,2000,10,0.1515,821.0,5420.0
Segura,2000,11,0.1633,708.0,4336.0
Segura,2000,12,0.1582,686.0,4336.0
Segura,2001,1,0.198,1073.0,5420.0
Segura,2001,2,0.2493,1081.0,4336.0
Segura,2001,3,0.309,1340.0,4336.0
Segura,2001,4,0.3139,1361.0,4336.0
Segura,2001,5,0.3317,1798.0,5420.0
Segura,2001,6,0.3201,1388.0,4336.0
Segura,2001,7,0.2769,1501.0,5420.0
Segura,2001,8,0.2214,960.0,4336.0
Segura,2001,9,0.1884,817.0,4336.0
Segura,2001,10,0.1694,918.0,5420.0
Segura,2001,11,0.1566,679.0,4336.0
Segura,2001,12,0.1806,783.0,4336.0
Segura,2002,1,0.2286,1239.0,5420.0
Segura,2002,2,0.2431,1054.0,4336.0
Segura,2002,3,0.2542,1102.0,4336.0
Segura,2002,4,0.2934,1590.0,5420.0
Segura,2002,5,0.3083,1337.0,4336.0
Segura,2002,6,0.2592,1124.0,4336.0
Segura,2002,7,0.2081,1128.0,5420.0
Segura,2002,8,0.1741,755.0,4336.0
Segura,2002,9,0.1543,669.0,4336.0
Segura,2002,10,0.1277,692.0,5420.0
Segura,2002,11,0.1225,531.0,4336.0
Segura,2002,12,0.1208,655.0,5420.0
Segura,2003,1,0.1432,621.0,4336.0
Segura,2003,2,0.1474,639.0,4336.0
Segura,2003,3,0.1923,834.0,4336.0
Segura,2003,4,0.2136,1177.0,5510.0
Segura,2003,5,0.2248,1015.0,4516.0
Segura,2003,6,0.2099,948.0,4516.0
Segura,2003,7,0.161,909.0,5645.0
Segura,2003,8,0.1253,566.0,4516.0
Segura,2003,9,0.0939,530.0,5645.0
Segura,2003,10,0.1001,452.0,4516.0
Segura,2003,11,0.1384,625.0,4516.0
Segura,2003,12,0.1582,893.0,5645.0
Segura,2004,1,0.1499,677.0,4516.0
Segura,2004,2,0.1535,693.0,4516.0
Segura,2004,3,0.1883,1063.0,5645.0
Segura,2004,4,0.2418,1092.0,4516.0
Segura,2004,5,0.2969,1341.0,4516.0
Segura,2004,6,0.324,1829.0,5645.0
Segura,2004,7,0.2832,1279.0,4516.0
Segura,2004,8,0.2291,1293.0,5645.0
Segura,2004,9,0.1867,843.0,4516.0
Segura,2004,10,0.1732,782.0,4516.0
Segura,2004,11,0.1612,910.0,5645.0
Segura,2004,12,0.1492,674.0,4516.0
Segura,2005,1,0.1552,701.0,4516.0
Segura,2005,2,0.1783,805.0,4516.0
Segura,2005,3,0.214,1208.0,5645.0
Segura,2005,4,0.2283,1031.0,4516.0
Segura,2005,5,0.1942,1096.0,5645.0
Segura,2005,6,0.1612,728.0,4516.0
Segura,2005,7,0.1481,669.0,4516.0
Segura,2005,8,0.1345,759.0,5645.0
Segura,2005,9,0.1178,532.0,4516.0
Segura,2005,10,0.1058,478.0,4516.0
Segura,2005,11,0.1235,697.0,5645.0
Segura,2005,12,0.1202,543.0,4516.0
Segura,2006,1,0.1185,669.0,5645.0
Segura,2006,2,0.1457,658.0,4516.0
Segura,2006,3,0.1577,712.0,4516.0
Segura,2006,4,0.1698,767.0,4516.0
Segura,2006,5,0.1623,916.0,5645.0
Segura,2006,6,0.163,736.0,4516.0
Segura,2006,7,0.1504,679.0,4516.0
Segura,2006,8,0.1298,733.0,5645.0
Segura,2006,9,0.107,483.0,4516.0
Segura,2006,10,0.0946,534.0,5645.0
Segura,2006,11,0.1052,475.0,4516.0
Segura,2006,12,0.1145,517.0,4516.0
Segura,2007,1,0.1229,694.0,5645.0
Segura,2007,2,0.1446,653.0,4516.0
Segura,2007,3,0.1608,726.0,4516.0
Segura,2007,4,0.1991,899.0,4516.0
Segura,2007,5,0.2244,1267.0,5645.0
Segura,2007,6,0.2024,914.0,4516.0
Segura,2007,7,0.1812,1023.0,5645.0
Segura,2007,8,0.1623,733.0,4516.0
Segura,2007,9,0.1457,658.0,4516.0
Segura,2007,10,0.1314,742.0,5645.0
Segura,2007,11,0.1329,600.0,4516.0
Segura,2007,12,0.1413,638.0,4516.0
Segura,2008,1,0.1651,932.0,5645.0
Segura,2008,2,0.186,840.0,4516.0
Segura,2008,3,0.1884,851.0,4516.0
Segura,2008,4,0.1933,1091.0,5645.0
Segura,2008,5,0.2044,923.0,4516.0
Segura,2008,6,0.2205,996.0,4516.0
Segura,2008,7,0.2126,1200.0,5645.0
Segura,2008,8,0.196,885.0,4516.0
Segura,2008,9,0.1564,883.0,5645.0
Segura,2008,10,0.1508,681.0,4516.0
Segura,2008,11,0.1727,780.0,4516.0
Segura,2008,12,0.1862,1051.0,5645.0
Segura,2009,1,0.2115,955.0,4516.0
Segura,2009,2,0.2755,1244.0,4516.0
Segura,2009,3,0.3238,1832.0,5657.0
Segura,2009,4,0.3484,1590.0,4564.0
Segura,2009,5,0.3602,1644.0,4564.0
Segura,2009,6,0.3437,1961.0,5705.0
Segura,2009,7,0.3122,1425.0,4564.0
Segura,2009,8,0.2831,1292.0,4564.0
Segura,2009,9,0.2659,1517.0,5705.0
Segura,2009,10,0.2599,1186.0,4564.0
Segura,2009,11,0.2493,1138.0,4564.0
Segura,2009,12,0.2573,1468.0,5705.0
Segura,2010,1,0.3587,1637.0,4564.0
Segura,2010,2,0.4233,1932.0,4564.0
Segura,2010,3,0.5713,3259.0,5705.0
Segura,2010,4,0.6409,2925.0,4564.0
Segura,2010,5,0.6683,3050.0,4564.0
Segura,2010,6,0.674,3845.0,5705.0
Segura,2010,7,0.6437,2938.0,4564.0
Segura,2010,8,0.5954,3397.0,5705.0
Segura,2010,9,0.5752,2625.0,4564.0
Segura,2010,10,0.5657,2582.0,4564.0
Segura,2010,11,0.5492,3133.0,5705.0
Segura,2010,12,0.6047,2760.0,4564.0
Segura,2011,1,0.6595,3010.0,4564.0
Segura,2011,2,0.6755,3083.0,4564.0
Segura,2011,3,0.7031,4011.0,5705.0
Segura,2011,4,0.7182,3278.0,4564.0
Segura,2011,5,0.722,4119.0,5705.0
Segura,2011,6,0.7051,3218.0,4564.0
Segura,2011,7,0.6637,3029.0,4564.0
Segura,2011,8,0.6256,3569.0,5705.0
Segura,2011,9,0.5971,2725.0,4564.0
Segura,2011,10,0.5484,2503.0,4564.0
Segura,2011,11,0.5218,2977.0,5705.0
Segura,2011,12,0.5403,2466.0,4564.0
Segura,2012,1,0.5569,3177.0,5705.0
Segura,2012,2,0.5627,2568.0,4564.0
Segura,2012,3,0.571,2606.0,4564.0
Segura,2012,4,0.58,2647.0,4564.0
Segura,2012,5,0.5637,3216.0,5705.0
Segura,2012,6,0.5287,2413.0,4564.0
Segura,2012,7,0.4926,2810.0,5705.0
Segura,2012,8,0.4533,2069.0,4564.0
Segura,2012,9,0.4132,1886.0,4564.0
Segura,2012,10,0.4019,2293.0,5705.0
Segura,2012,11,0.4393,2005.0,4564.0
Segura,2012,12,0.4757,2171.0,4564.0
Segura,2013,1,0.5202,2968.0,5705.0
Segura,2013,2,0.5657,2582.0,4564.0
Segura,2013,3,0.6547,2988.0,4564.0
Segura,2013,4,0.7127,4066.0,5705.0
Segura,2013,5,0.7145,3261.0,4564.0
Segura,2013,6,0.7213,3292.0,4564.0
Segura,2013,7,0.7004,3996.0,5705.0
Segura,2013,8,0.6755,3083.0,4564.0
Segura,2013,9,0.6705,3060.0,4564.0
Segura,2013,10,0.6452,3681.0,5705.0
Segura,2013,11,0.5982,2730.0,4564.0
Segura,2013,12,0.5954,3397.0,5705.0
Segura,2014,1,0.6361,2903.0,4564.0
Segura,2014,2,0.6933,3164.0,4564.0
Segura,2014,3,0.7395,3375.0,4564.0
Segura,2014,4,0.7646,4362.0,5705.0
Segura,2014,5,0.7616,3476.0,4564.0
Segura,2014,6,0.752,3432.0,4564.0
Segura,2014,7,0.7181,4097.0,5705.0
Segura,2014,8,0.6512,2972.0,4564.0
Segura,2014,9,0.6019,3434.0,5705.0
Segura,2014,10,0.5907,2696.0,4564.0
Segura,2014,11,0.5611,2561.0,4564.0
Segura,2014,12,0.5756,3284.0,5705.0
Segura,2015,1,0.6008,2742.0,4564.0
Segura,2015,2,0.6286,2869.0,4564.0
Segura,2015,3,0.6615,3774.0,5705.0
Segura,2015,4,0.6681,3049.0,4564.0
Segura,2015,5,0.6334,2891.0,4564.0
Segura,2015,6,0.5897,3364.0,5705.0
Segura,2015,7,0.5296,2417.0,4564.0
Segura,2015,8,0.468,2136.0,4564.0
Segura,2015,9,0.4317,2463.0,5705.0
Segura,2015,10,0.4117,1879.0,4564.0
Segura,2015,11,0.4053,1850.0,4564.0
Segura,2015,12,0.41,2339.0,5705.0
Segura,2016,1,0.4064,1855.0,4564.0
Segura,2016,2,0.3992,1822.0,4564.0
Segura,2016,3,0.4032,2300.0,5705.0
Segura,2016,4,0.4104,1873.0,4564.0
Segura,2016,5,0.3928,2241.0,5705.0
Segura,2016,6,0.3679,1679.0,4564.0
Segura,2016,7,0.3319,1515.0,4564.0
Segura,2016,8,0.2871,1638.0,5705.0
Segura,2016,9,0.2524,1152.0,4564.0
Segura,2016,10,0.2266,1034.0,4564.0
Segura,2016,11,0.2209,1260.0,5705.0
Segura,2016,12,0.2454,1120.0,4564.0
Segura,2017,1,0.2838,1619.0,5705.0
Segura,2017,2,0.3089,1410.0,4564.0
Segura,2017,3,0.3122,1425.0,4564.0
Segura,2017,4,0.3247,1482.0,4564.0
Segura,2017,5,0.3236,1846.0,5705.0
Segura,2017,6,0.2925,1335.0,4564.0
Segura,2017,7,0.2426,1107.0,4564.0
Segura,2017,8,0.1918,1094.0,5705.0
Segura,2017,9,0.1599,730.0,4564.0
Segura,2017,10,0.139,793.0,5705.0
Segura,2017,11,0.1328,606.0,4564.0
Segura,2017,12,0.1378,629.0,4564.0
Segura,2018,1,0.1485,847.0,5705.0
Segura,2018,2,0.1608,734.0,4564.0
Segura,2018,3,0.2116,965.0,4560.0
Segura,2018,4,0.2669,1217.0,4560.0
Segura,2018,5,0.2916,1662.0,5700.0
Segura,2018,6,0.3134,1429.0,4560.0
Segura,2018,7,0.2805,1599.0,5700.0
Segura,2018,8,0.2439,1112.0,4560.0
Segura,2018,9,0.2241,1022.0,4560.0
Segura,2018,10,0.21,1197.0,5700.0
Segura,2018,11,0.2136,974.0,4560.0
Segura,2018,12,0.234,1067.0,4560.0
Segura,2019,1,0.2525,1439.0,5700.0
Segura,2019,2,0.2759,1258.0,4560.0
Segura,2019,3,0.2895,1320.0,4560.0
Segura,2019,4,0.3111,1773.0,5700.0
Segura,2019,5,0.3294,1502.0,4560.0
Segura,2019,6,0.3145,1434.0,4560.0
Segura,2019,7,0.2705,1542.0,5700.0
Segura,2019,8,0.2322,1059.0,4560.0
Segura,2019,9,0.2404,1096.0,4560.0
Segura,2019,10,0.2737,1560.0,5700.0
Segura,2019,11,0.2627,1198.0,4560.0
Segura,2019,12,0.3007,1714.0,5700.0
Segura,2020,1,0.3572,1629.0,4560.0
Segura,2020,2,0.3868,1764.0,4560.0
Segura,2020,3,0.3993,2276.0,5700.0
Segura,2020,4,0.4469,2038.0,4560.0
Segura,2020,5,0.4693,2140.0,4560.0
Segura,2020,6,0.4784,2727.0,5700.0
Segura,2020,7,0.4667,2128.0,4560.0
Segura,2020,8,0.4465,2036.0,4560.0
Segura,2020,9,0.4156,2369.0,5700.0
Segura,2020,10,0.3717,1695.0,4560.0
Segura,2020,11,0.3482,1588.0,4560.0
Segura,2020,12,0.3512,2002.0,5700.0
Segura,2021,1,0.3621,1651.0,4560.0
Segura,2021,2,0.4007,1827.0,4560.0
Segura,2021,3,0.4179,2382.0,5700.0
Segura,2021,4,0.443,2020.0,4560.0
Segura,2021,5,0.4759,2170.0,4560.0
Segura,2021,6,0.4932,2811.0,5700.0
Segura,2021,7,0.4774,2177.0,4560.0
Segura,2021,8,0.4389,2502.0,5700.0
Segura,2021,9,0.3943,1798.0,4560.0
Segura,2021,10,0.3612,1647.0,4560.0
Segura,2021,11,0.337,1921.0,5700.0
Segura,2021,12,0.3325,1516.0,4560.0
Segura,2022,1,0.3493,1593.0,4560.0
Segura,2022,2,0.345,1573.0,4560.0
Segura,2022,3,0.3409,1943.0,5700.0
Segura,2022,4,0.4127,1882.0,4560.0
Segura,2022,5,0.4491,2560.0,5700.0
Segura,2022,6,0.439,2002.0,4560.0
Segura,2022,7,0.4189,1910.0,4560.0
Segura,2022,8,0.3902,2224.0,5700.0
Segura,2022,9,0.3493,1593.0,4560.0
Segura,2022,10,0.3377,1540.0,4560.0
Segura,2022,11,0.3279,1869.0,5700.0
Segura,2022,12,0.3307,1508.0,4560.0
Segura,2023,1,0.3398,1937.0,5700.0
Segura,2023,2,0.3443,1570.0,4560.0
Segura,2023,3,0.3612,1647.0,4560.0
Segura,2023,4,0.352,1605.0,4560.0
Segura,2023,5,0.3395,1935.0,5700.0
Segura,2023,6,0.3625,1653.0,4560.0
Segura,2023,7,0.3395,1548.0,4560.0
Segura,2023,8,0.2904,1655.0,5700.0
Segura,2023,9,0.2531,1154.0,4560.0
Segura,2023,10,0.23,1311.0,5700.0
Segura,2023,11,0.2026,924.0,4560.0
Segura,2023,12,0.1917,874.0,4560.0
Segura,2024,1,0.1849,1054.0,5700.0
Segura,2024,2,0.1836,837.0,4560.0
Segura,2024,3,0.1996,910.0,4560.0
Segura,2024,4,0.2407,1372.0,5700.0
Segura,2024,5,0.2382,1086.0,4560.0
Segura,2024,6,0.2281,1040.0,4560.0
Segura,2024,7,0.2147,1224.0,5700.0
Segura,2024,8,0.1871,853.0,4560.0
Segura,2024,9,0.1686,769.0,4560.0
Segura,2024,10,0.1525,869.0,5700.0
Segura,2024,11,0.1921,876.0,4560.0
Segura,2024,12,0.2137,1218.0,5700.0
Segura,2025,1,0.2105,960.0,4560.0
Segura,2025,2,0.2011,917.0,4560.0
Segura,2025,3,0.232,1058.0,4560.0
Segura,2025,4,0.2865,1633.0,5700.0
Segura,2025,5,0.305,1391.0,4560.0
Segura,2025,6,0.3134,1429.0,4560.0
Segura,2025,7,0.2958,1686.0,5700.0
Segura,2025,8,0.2656,1211.0,4560.0
Segura,2025,9,0.1951,1112.0,5700.0
Segura,2025,10,0.175,798.0,4560.0
Segura,2025,11,0.1993,909.0,4560.0
Segura,2025,12,0.2309,1316.0,5700.0
Segura,2026,1,0.2662,1214.0,4560.0
Segura,2026,2,0.4083,1862.0,4560.0
Segura,2026,3,0.5107,2911.0,5700.0
Segura,2026,4,0.5695,2597.0,4560.0
Segura,2026,5,0.5963,2719.0,4560.0
Segura,2026,6,0.5933,3382.0,5700.0
Segura,2026,7,0.5763,1314.0,2280.0
Tajo,1987,10,0.0625,3.0,48.0
Tajo,1988,1,0.5792,25025.0,43208.0
Tajo,1988,2,0.6516,28153.0,43208.0
Tajo,1988,3,0.6086,32872.0,54010.0
Tajo,1988,4,0.6138,26581.0,43304.0
Tajo,1988,5,0.6684,36178.0,54130.0
Tajo,1988,6,0.7044,30504.0,43304.0
Tajo,1988,7,0.7314,31674.0,43304.0
Tajo,1988,8,0.6622,35846.0,54130.0
Tajo,1988,9,0.5877,25451.0,43304.0
Tajo,1988,10,0.5438,23548.0,43304.0
Tajo,1988,11,0.5177,28021.0,54130.0
Tajo,1988,12,0.4974,21541.0,43304.0
Tajo,1989,1,0.4886,26448.0,54130.0
Tajo,1989,2,0.4876,21115.0,43304.0
Tajo,1989,3,0.5014,21712.0,43304.0
Tajo,1989,4,0.5147,22289.0,43304.0
Tajo,1989,5,0.5335,28879.0,54130.0
Tajo,1989,6,0.5448,23592.0,43304.0
Tajo,1989,7,0.5201,22522.0,43304.0
Tajo,1989,8,0.4794,25950.0,54130.0
Tajo,1989,9,0.4507,19517.0,43304.0
Tajo,1989,10,0.4298,23266.0,54130.0
Tajo,1989,11,0.4469,19353.0,43304.0
Tajo,1989,12,0.6604,28599.0,43304.0
Tajo,1990,1,0.7359,39836.0,54130.0
Tajo,1990,2,0.7143,30906.0,43268.0
Tajo,1990,3,0.6693,28960.0,43268.0
Tajo,1990,4,0.661,28657.0,43355.0
Tajo,1990,5,0.6507,35474.0,54520.0
Tajo,1990,6,0.6097,26591.0,43616.0
Tajo,1990,7,0.5552,30269.0,54520.0
Tajo,1990,8,0.4935,21525.0,43616.0
Tajo,1990,9,0.461,20105.0,43616.0
Tajo,1990,10,0.4402,24001.0,54520.0
Tajo,1990,11,0.4444,19381.0,43616.0
Tajo,1990,12,0.4373,19072.0,43616.0
Tajo,1991,1,0.46,25081.0,54520.0
Tajo,1991,2,0.4897,21357.0,43616.0
Tajo,1991,3,0.6172,26920.0,43616.0
Tajo,1991,4,0.6594,35949.0,54520.0
Tajo,1991,5,0.652,28438.0,43616.0
Tajo,1991,6,0.6282,27398.0,43616.0
Tajo,1991,7,0.5705,31101.0,54520.0
Tajo,1991,8,0.5172,22560.0,43616.0
Tajo,1991,9,0.4777,20836.0,43616.0
Tajo,1991,10,0.4396,23966.0,54520.0
Tajo,1991,11,0.4132,18020.0,43616.0
Tajo,1991,12,0.4032,21983.0,54520.0
Tajo,1992,1,0.4019,17531.0,43616.0
Tajo,1992,2,0.3974,17333.0,43616.0
Tajo,1992,3,0.3941,21488.0,54520.0
Tajo,1992,4,0.4082,17805.0,43616.0
Tajo,1992,5,0.4007,17478.0,43616.0
Tajo,1992,6,0.3992,21763.0,54520.0
Tajo,1992,7,0.3905,17030.0,43616.0
Tajo,1992,8,0.364,15877.0,43616.0
Tajo,1992,9,0.3436,18732.0,54520.0
Tajo,1992,10,0.3406,14856.0,43616.0
Tajo,1992,11,0.3543,15451.0,43616.0
Tajo,1992,12,0.3728,20323.0,54520.0
Tajo,1993,1,0.3923,17109.0,43616.0
Tajo,1993,2,0.4017,17522.0,43616.0
Tajo,1993,3,0.411,22405.0,54520.0
Tajo,1993,4,0.4193,18288.0,43616.0
Tajo,1993,5,0.4271,18628.0,43616.0
Tajo,1993,6,0.4572,24929.0,54520.0
Tajo,1993,7,0.4506,19652.0,43616.0
Tajo,1993,8,0.4201,22902.0,54520.0
Tajo,1993,9,0.3968,17305.0,43616.0
Tajo,1993,10,0.4248,18527.0,43616.0
Tajo,1993,11,0.503,27421.0,54520.0
Tajo,1993,12,0.4626,20126.0,43505.0
Tajo,1994,1,0.5073,22052.0,43468.0
Tajo,1994,2,0.5565,24192.0,43468.0
Tajo,1994,3,0.6175,33551.0,54335.0
Tajo,1994,4,0.6228,27072.0,43468.0
Tajo,1994,5,0.6234,33873.0,54335.0
Tajo,1994,6,0.6478,28160.0,43468.0
Tajo,1994,7,0.5912,25700.0,43468.0
Tajo,1994,8,0.5319,28899.0,54335.0
Tajo,1994,9,0.4889,21252.0,43468.0
Tajo,1994,10,0.4654,20229.0,43468.0
Tajo,1994,11,0.4403,23924.0,54335.0
Tajo,1994,12,0.4292,18656.0,43468.0
Tajo,1995,1,0.4342,23594.0,54335.0
Tajo,1995,2,0.4808,20898.0,43468.0
Tajo,1995,3,0.5089,22123.0,43468.0
Tajo,1995,4,0.4994,21710.0,43468.0
Tajo,1995,5,0.4785,26002.0,54335.0
Tajo,1995,6,0.4469,19424.0,43468.0
Tajo,1995,7,0.4115,17886.0,43468.0
Tajo,1995,8,0.367,19941.0,54335.0
Tajo,1995,9,0.3343,14530.0,43468.0
Tajo,1995,10,0.3123,16992.0,54405.0
Tajo,1995,11,0.3159,13820.0,43748.0
Tajo,1995,12,0.3408,14908.0,43748.0
Tajo,1996,1,0.5833,31899.0,54685.0
Tajo,1996,2,0.6837,29912.0,43748.0
Tajo,1996,3,0.6499,28433.0,43748.0
Tajo,1996,4,0.6889,37671.0,54685.0
Tajo,1996,5,0.7053,30854.0,43748.0
Tajo,1996,6,0.7017,30700.0,43748.0
Tajo,1996,7,0.6591,36045.0,54685.0
Tajo,1996,8,0.6045,26447.0,43748.0
Tajo,1996,9,0.55,24061.0,43748.0
Tajo,1996,10,0.4843,26486.0,54685.0
Tajo,1996,11,0.4345,19008.0,43748.0
Tajo,1996,12,0.4966,27159.0,54685.0
Tajo,1997,1,0.676,29570.0,43742.0
Tajo,1997,2,0.7112,31106.0,43736.0
Tajo,1997,3,0.7227,31610.0,43736.0
Tajo,1997,4,0.6893,37685.0,54670.0
Tajo,1997,5,0.6521,28520.0,43736.0
Tajo,1997,6,0.6491,28390.0,43736.0
Tajo,1997,7,0.6247,34150.0,54670.0
Tajo,1997,8,0.5785,25302.0,43736.0
Tajo,1997,9,0.5407,29560.0,54670.0
Tajo,1997,10,0.5213,22801.0,43736.0
Tajo,1997,11,0.5801,25370.0,43736.0
Tajo,1997,12,0.6805,37201.0,54670.0
Tajo,1998,1,0.7386,32303.0,43736.0
Tajo,1998,2,0.7406,32390.0,43736.0
Tajo,1998,3,0.7332,40084.0,54670.0
Tajo,1998,4,0.7238,31656.0,43736.0
Tajo,1998,5,0.7379,32272.0,43736.0
Tajo,1998,6,0.7793,42602.0,54670.0
Tajo,1998,7,0.7145,31248.0,43736.0
Tajo,1998,8,0.6423,28091.0,43736.0
Tajo,1998,9,0.5921,32370.0,54670.0
Tajo,1998,10,0.5726,25045.0,43736.0
Tajo,1998,11,0.5616,24564.0,43736.0
Tajo,1998,12,0.5585,30533.0,54670.0
Tajo,1999,1,0.5667,24787.0,43736.0
Tajo,1999,2,0.582,25453.0,43736.0
Tajo,1999,3,0.5943,32490.0,54670.0
Tajo,1999,4,0.598,26154.0,43736.0
Tajo,1999,5,0.5985,26174.0,43736.0
Tajo,1999,6,0.5696,31139.0,54670.0
Tajo,1999,7,0.5172,22622.0,43736.0
Tajo,1999,8,0.4819,26347.0,54670.0
Tajo,1999,9,0.4575,20008.0,43736.0
Tajo,1999,10,0.4671,20427.0,43736.0
Tajo,1999,11,0.515,28154.0,54670.0
Tajo,1999,12,0.4861,21260.0,43736.0
Tajo,2000,1,0.4879,21339.0,43736.0
Tajo,2000,2,0.4906,26821.0,54670.0
Tajo,2000,3,0.4958,21684.0,43736.0
Tajo,2000,4,0.5357,23428.0,43736.0
Tajo,2000,5,0.6636,36281.0,54670.0
Tajo,2000,6,0.6972,30494.0,43736.0
Tajo,2000,7,0.6574,28833.0,43859.0
Tajo,2000,8,0.6032,33100.0,54875.0
Tajo,2000,9,0.5097,22377.0,43900.0
Tajo,2000,10,0.4296,23577.0,54875.0
Tajo,2000,11,0.4225,18549.0,43900.0
Tajo,2000,12,0.5236,22988.0,43900.0
Tajo,2001,1,0.7154,39256.0,54875.0
Tajo,2001,2,0.7525,33036.0,43900.0
Tajo,2001,3,0.7914,34741.0,43900.0
Tajo,2001,4,0.7828,34364.0,43900.0
Tajo,2001,5,0.7666,42066.0,54875.0
Tajo,2001,6,0.733,32177.0,43900.0
Tajo,2001,7,0.6778,37197.0,54875.0
Tajo,2001,8,0.6332,27797.0,43900.0
Tajo,2001,9,0.5777,25361.0,43900.0
Tajo,2001,10,0.5636,30925.0,54875.0
Tajo,2001,11,0.5315,23335.0,43900.0
Tajo,2001,12,0.4853,21305.0,43900.0
Tajo,2002,1,0.465,25516.0,54875.0
Tajo,2002,2,0.484,21246.0,43900.0
Tajo,2002,3,0.5001,21955.0,43900.0
Tajo,2002,4,0.5452,29916.0,54875.0
Tajo,2002,5,0.5562,24418.0,43900.0
Tajo,2002,6,0.5362,23538.0,43900.0
Tajo,2002,7,0.492,26998.0,54875.0
Tajo,2002,8,0.4533,19901.0,43900.0
Tajo,2002,9,0.4313,18935.0,43900.0
Tajo,2002,10,0.4449,24414.0,54875.0
Tajo,2002,11,0.4697,20619.0,43900.0
Tajo,2002,12,0.5678,31158.0,54875.0
Tajo,2003,1,0.6637,29135.0,43900.0
Tajo,2003,2,0.6714,29473.0,43900.0
Tajo,2003,3,0.7331,32185.0,43900.0
Tajo,2003,4,0.7593,41663.0,54871.0
Tajo,2003,5,0.7747,34005.0,43896.0
Tajo,2003,6,0.757,33230.0,43896.0
Tajo,2003,7,0.6994,38374.0,54870.0
Tajo,2003,8,0.6464,28373.0,43896.0
Tajo,2003,9,0.6007,32961.0,54870.0
Tajo,2003,10,0.5639,24753.0,43896.0
Tajo,2003,11,0.6064,26620.0,43896.0
Tajo,2003,12,0.6421,35232.0,54870.0
Tajo,2004,1,0.6185,27150.0,43896.0
Tajo,2004,2,0.6196,27199.0,43896.0
Tajo,2004,3,0.6409,35168.0,54870.0
Tajo,2004,4,0.6659,29230.0,43896.0
Tajo,2004,5,0.6783,29775.0,43896.0
Tajo,2004,6,0.667,36599.0,54870.0
Tajo,2004,7,0.6129,26904.0,43896.0
Tajo,2004,8,0.5707,31314.0,54870.0
Tajo,2004,9,0.5254,23062.0,43896.0
Tajo,2004,10,0.4902,21517.0,43896.0
Tajo,2004,11,0.5206,28567.0,54870.0
Tajo,2004,12,0.4876,21405.0,43896.0
Tajo,2005,1,0.4804,21087.0,43896.0
Tajo,2005,2,0.4819,21155.0,43896.0
Tajo,2005,3,0.4711,25850.0,54870.0
Tajo,2005,4,0.4776,20964.0,43896.0
Tajo,2005,5,0.4667,25607.0,54870.0
Tajo,2005,6,0.4425,19425.0,43896.0
Tajo,2005,7,0.4069,17863.0,43896.0
Tajo,2005,8,0.3683,20207.0,54870.0
Tajo,2005,9,0.3394,14897.0,43896.0
Tajo,2005,10,0.3322,14628.0,44036.0
Tajo,2005,11,0.3789,20858.0,55045.0
Tajo,2005,12,0.4071,17926.0,44036.0
Tajo,2006,1,0.4212,23185.0,55045.0
Tajo,2006,2,0.4361,19204.0,44036.0
Tajo,2006,3,0.4919,21663.0,44036.0
Tajo,2006,4,0.5644,24856.0,44036.0
Tajo,2006,5,0.5673,31226.0,55045.0
Tajo,2006,6,0.5352,23567.0,44036.0
Tajo,2006,7,0.4971,21889.0,44036.0
Tajo,2006,8,0.4396,24200.0,55045.0
Tajo,2006,9,0.385,16953.0,44036.0
Tajo,2006,10,0.3829,21079.0,55045.0
Tajo,2006,11,0.5485,24155.0,44036.0
Tajo,2006,12,0.6288,27689.0,44036.0
Tajo,2007,1,0.5844,32166.0,55045.0
Tajo,2007,2,0.6136,27021.0,44036.0
Tajo,2007,3,0.6122,26959.0,44036.0
Tajo,2007,4,0.6146,27066.0,44036.0
Tajo,2007,5,0.6437,35430.0,55045.0
Tajo,2007,6,0.6604,29081.0,44036.0
Tajo,2007,7,0.6088,33513.0,55045.0
Tajo,2007,8,0.5158,22713.0,44036.0
Tajo,2007,9,0.4705,20721.0,44036.0
Tajo,2007,10,0.447,24607.0,55045.0
Tajo,2007,11,0.407,17921.0,44036.0
Tajo,2007,12,0.4131,18190.0,44036.0
Tajo,2008,1,0.4233,23306.0,55054.0
Tajo,2008,2,0.4456,19626.0,44048.0
Tajo,2008,3,0.4658,20518.0,44048.0
Tajo,2008,4,0.5097,28064.0,55060.0
Tajo,2008,5,0.5755,25350.0,44048.0
Tajo,2008,6,0.6051,26652.0,44048.0
Tajo,2008,7,0.5601,30841.0,55060.0
Tajo,2008,8,0.4857,21396.0,44048.0
Tajo,2008,9,0.4327,23826.0,55060.0
Tajo,2008,10,0.4198,18490.0,44048.0
Tajo,2008,11,0.4269,18805.0,44048.0
Tajo,2008,12,0.4402,24238.0,55060.0
Tajo,2009,1,0.4536,19982.0,44048.0
Tajo,2009,2,0.5138,22631.0,44048.0
Tajo,2009,3,0.543,29895.0,55060.0
Tajo,2009,4,0.5378,23687.0,44048.0
Tajo,2009,5,0.518,22818.0,44048.0
Tajo,2009,6,0.4873,26831.0,55060.0
Tajo,2009,7,0.4377,19279.0,44048.0
Tajo,2009,8,0.3902,17189.0,44048.0
Tajo,2009,9,0.354,19493.0,55060.0
Tajo,2009,10,0.3437,15138.0,44048.0
Tajo,2009,11,0.346,15240.0,44048.0
Tajo,2009,12,0.3591,19773.0,55060.0
Tajo,2010,1,0.5557,24477.0,44048.0
Tajo,2010,2,0.6149,27084.0,44048.0
Tajo,2010,3,0.727,40029.0,55060.0
Tajo,2010,4,0.7673,33798.0,44048.0
Tajo,2010,5,0.7861,34625.0,44048.0
Tajo,2010,6,0.7675,42261.0,55060.0
Tajo,2010,7,0.7212,31766.0,44048.0
Tajo,2010,8,0.6645,36589.0,55060.0
Tajo,2010,9,0.6186,27249.0,44048.0
Tajo,2010,10,0.5983,26354.0,44048.0
Tajo,2010,11,0.5717,31480.0,55060.0
Tajo,2010,12,0.6157,27122.0,44048.0
Tajo,2011,1,0.6932,30535.0,44048.0
Tajo,2011,2,0.7011,30881.0,44048.0
Tajo,2011,3,0.7617,41940.0,55060.0
Tajo,2011,4,0.781,34403.0,44048.0
Tajo,2011,5,0.7685,42311.0,55060.0
Tajo,2011,6,0.7298,32145.0,44048.0
Tajo,2011,7,0.6706,29538.0,44048.0
Tajo,2011,8,0.6108,33633.0,55060.0
Tajo,2011,9,0.5788,25496.0,44048.0
Tajo,2011,10,0.5593,24635.0,44048.0
Tajo,2011,11,0.5698,31371.0,55060.0
Tajo,2011,12,0.5428,23910.0,44048.0
Tajo,2012,1,0.5226,28776.0,55060.0
Tajo,2012,2,0.5162,22736.0,44048.0
Tajo,2012,3,0.5145,22661.0,44048.0
Tajo,2012,4,0.5119,22548.0,44048.0
Tajo,2012,5,0.5283,29089.0,55060.0
Tajo,2012,6,0.5149,22679.0,44048.0
Tajo,2012,7,0.4707,25914.0,55060.0
Tajo,2012,8,0.431,18985.0,44048.0
Tajo,2012,9,0.4051,17843.0,44048.0
Tajo,2012,10,0.3951,21756.0,55060.0
Tajo,2012,11,0.4033,17763.0,44048.0
Tajo,2012,12,0.4082,17979.0,44048.0
Tajo,2013,1,0.4293,23639.0,55060.0
Tajo,2013,2,0.5028,22146.0,44048.0
Tajo,2013,3,0.6252,27540.0,44048.0
Tajo,2013,4,0.7744,42640.0,55060.0
Tajo,2013,5,0.7836,34515.0,44048.0
Tajo,2013,6,0.7644,33669.0,44048.0
Tajo,2013,7,0.6971,38380.0,55060.0
Tajo,2013,8,0.6261,27579.0,44048.0
Tajo,2013,9,0.5747,25313.0,44048.0
Tajo,2013,10,0.554,30505.0,55060.0
Tajo,2013,11,0.5416,23855.0,44048.0
Tajo,2013,12,0.4994,27495.0,55060.0
Tajo,2014,1,0.6181,27226.0,44048.0
Tajo,2014,2,0.7103,31286.0,44048.0
Tajo,2014,3,0.7533,33181.0,44048.0
Tajo,2014,4,0.7438,40954.0,55060.0
Tajo,2014,5,0.742,32682.0,44048.0
Tajo,2014,6,0.7257,31966.0,44048.0
Tajo,2014,7,0.6784,37350.0,55060.0
Tajo,2014,8,0.5847,25756.0,44048.0
Tajo,2014,9,0.5186,28556.0,55060.0
Tajo,2014,10,0.5238,23071.0,44048.0
Tajo,2014,11,0.5484,24158.0,44048.0
Tajo,2014,12,0.589,32430.0,55060.0
Tajo,2015,1,0.6186,27249.0,44048.0
Tajo,2015,2,0.6436,28349.0,44048.0
Tajo,2015,3,0.6718,36987.0,55060.0
Tajo,2015,4,0.6949,30611.0,44048.0
Tajo,2015,5,0.6946,30596.0,44048.0
Tajo,2015,6,0.6351,34967.0,55060.0
Tajo,2015,7,0.5694,25080.0,44048.0
Tajo,2015,8,0.5097,22453.0,44048.0
Tajo,2015,9,0.4635,25519.0,55060.0
Tajo,2015,10,0.4283,18865.0,44048.0
Tajo,2015,11,0.445,19603.0,44048.0
Tajo,2015,12,0.4396,24206.0,55060.0
Tajo,2016,1,0.5052,22253.0,44048.0
Tajo,2016,2,0.5719,25191.0,44048.0
Tajo,2016,3,0.6182,34037.0,55060.0
Tajo,2016,4,0.6729,29638.0,44048.0
Tajo,2016,5,0.7522,41415.0,55060.0
Tajo,2016,6,0.7342,32339.0,44048.0
Tajo,2016,7,0.6767,29809.0,44048.0
Tajo,2016,8,0.5986,32961.0,55060.0
Tajo,2016,9,0.5346,23547.0,44048.0
Tajo,2016,10,0.4942,21770.0,44048.0
Tajo,2016,11,0.461,25382.0,55060.0
Tajo,2016,12,0.4843,21334.0,44048.0
Tajo,2017,1,0.4719,25982.0,55060.0
Tajo,2017,2,0.5324,23449.0,44048.0
Tajo,2017,3,0.5819,25632.0,44048.0
Tajo,2017,4,0.5579,24576.0,44048.0
Tajo,2017,5,0.5292,29140.0,55060.0
Tajo,2017,6,0.5001,22029.0,44048.0
Tajo,2017,7,0.4707,20734.0,44048.0
Tajo,2017,8,0.4392,24184.0,55060.0
Tajo,2017,9,0.4172,18376.0,44048.0
Tajo,2017,10,0.4034,22212.0,55060.0
Tajo,2017,11,0.3948,17389.0,44048.0
Tajo,2017,12,0.3748,16508.0,44048.0
Tajo,2018,1,0.3823,21050.0,55060.0
Tajo,2018,2,0.3776,16634.0,44048.0
Tajo,2018,3,0.5463,24064.0,44048.0
Tajo,2018,4,0.6855,30197.0,44048.0
Tajo,2018,5,0.7456,41054.0,55060.0
Tajo,2018,6,0.7471,32908.0,44048.0
Tajo,2018,7,0.68,37442.0,55060.0
Tajo,2018,8,0.6044,26621.0,44048.0
Tajo,2018,9,0.5375,23678.0,44048.0
Tajo,2018,10,0.495,27252.0,55060.0
Tajo,2018,11,0.497,21892.0,44048.0
Tajo,2018,12,0.5237,23070.0,44048.0
Tajo,2019,1,0.5159,28452.0,55148.0
Tajo,2019,2,0.5138,22724.0,44224.0
Tajo,2019,3,0.5205,23020.0,44224.0
Tajo,2019,4,0.5237,28948.0,55280.0
Tajo,2019,5,0.5443,24072.0,44224.0
Tajo,2019,6,0.5236,23157.0,44224.0
Tajo,2019,7,0.4616,25518.0,55280.0
Tajo,2019,8,0.4134,18282.0,44224.0
Tajo,2019,9,0.3672,16237.0,44224.0
Tajo,2019,10,0.3457,19109.0,55280.0
Tajo,2019,11,0.3501,15483.0,44224.0
Tajo,2019,12,0.407,22499.0,55280.0
Tajo,2020,1,0.5046,22315.0,44224.0
Tajo,2020,2,0.5353,23673.0,44224.0
Tajo,2020,3,0.5541,30632.0,55280.0
Tajo,2020,4,0.6125,27089.0,44224.0
Tajo,2020,5,0.6647,29397.0,44224.0
Tajo,2020,6,0.6573,36334.0,55280.0
Tajo,2020,7,0.6088,26922.0,44224.0
Tajo,2020,8,0.5311,23488.0,44224.0
Tajo,2020,9,0.4765,26342.0,55280.0
Tajo,2020,10,0.4597,20329.0,44224.0
Tajo,2020,11,0.4921,21762.0,44224.0
Tajo,2020,12,0.5017,27734.0,55280.0
Tajo,2021,1,0.5051,22339.0,44224.0
Tajo,2021,2,0.6265,27705.0,44224.0
Tajo,2021,3,0.7227,39953.0,55280.0
Tajo,2021,4,0.6833,30217.0,44224.0
Tajo,2021,5,0.6296,27845.0,44224.0
Tajo,2021,6,0.574,31732.0,55280.0
Tajo,2021,7,0.4852,21458.0,44224.0
Tajo,2021,8,0.4298,23761.0,55280.0
Tajo,2021,9,0.4159,18394.0,44224.0
Tajo,2021,10,0.4196,18558.0,44224.0
Tajo,2021,11,0.4387,24253.0,55280.0
Tajo,2021,12,0.4443,19649.0,44224.0
Tajo,2022,1,0.4646,20548.0,44224.0
Tajo,2022,2,0.4571,20215.0,44224.0
Tajo,2022,3,0.4535,25069.0,55280.0
Tajo,2022,4,0.4865,21515.0,44224.0
Tajo,2022,5,0.4972,27485.0,55280.0
Tajo,2022,6,0.4688,20733.0,44224.0
Tajo,2022,7,0.4396,19443.0,44224.0
Tajo,2022,8,0.3954,21859.0,55280.0
Tajo,2022,9,0.365,16142.0,44224.0
Tajo,2022,10,0.3563,15758.0,44224.0
Tajo,2022,11,0.382,21118.0,55280.0
Tajo,2022,12,0.5061,22382.0,44224.0
Tajo,2023,1,0.6469,35759.0,55280.0
Tajo,2023,2,0.6363,28138.0,44224.0
Tajo,2023,3,0.6256,27668.0,44224.0
Tajo,2023,4,0.618,27331.0,44224.0
Tajo,2023,5,0.5944,32856.0,55280.0
Tajo,2023,6,0.5794,25624.0,44224.0
Tajo,2023,7,0.5481,24239.0,44224.0
Tajo,2023,8,0.4991,27592.0,55280.0
Tajo,2023,9,0.4812,21282.0,44224.0
Tajo,2023,10,0.4765,26341.0,55280.0
Tajo,2023,11,0.5604,24784.0,44224.0
Tajo,2023,12,0.5993,26502.0,44224.0
Tajo,2024,1,0.6307,34867.0,55280.0
Tajo,2024,2,0.696,30778.0,44224.0
Tajo,2024,3,0.7233,31988.0,44224.0
Tajo,2024,4,0.797,44057.0,55280.0
Tajo,2024,5,0.7987,35320.0,44224.0
Tajo,2024,6,0.7709,34094.0,44224.0
Tajo,2024,7,0.7134,39436.0,55280.0
Tajo,2024,8,0.6346,28064.0,44224.0
Tajo,2024,9,0.5858,25905.0,44224.0
Tajo,2024,10,0.555,30681.0,55280.0
Tajo,2024,11,0.5639,24939.0,44224.0
Tajo,2024,12,0.5504,30425.0,55280.0
Tajo,2025,1,0.551,24369.0,44224.0
Tajo,2025,2,0.6277,27759.0,44224.0
Tajo,2025,3,0.7154,31636.0,44224.0
Tajo,2025,4,0.8325,46018.0,55280.0
Tajo,2025,5,0.8584,37962.0,44224.0
Tajo,2025,6,0.843,37279.0,44224.0
Tajo,2025,7,0.7761,42904.0,55280.0
Tajo,2025,8,0.7192,31807.0,44224.0
Tajo,2025,9,0.6575,36344.0,55280.0
Tajo,2025,10,0.5902,26100.0,44224.0
Tajo,2025,11,0.576,25472.0,44224.0
Tajo,2025,12,0.5995,33138.0,55280.0
Tajo,2026,1,0.6164,27261.0,44224.0
Tajo,2026,2,0.7912,34989.0,44224.0
Tajo,2026,3,0.8138,44985.0,55280.0
Tajo,2026,4,0.8009,35418.0,44224.0
Tajo,2026,5,0.7915,35002.0,44224.0
Tajo,2026,6,0.7554,41759.0,55280.0
Tajo,2026,7,0.7057,15604.0,22112.0
"Tinto, Odiel y Piedras",1988,1,0.9774,606.0,620.0
"Tinto, Odiel y Piedras",1988,2,0.9758,605.0,620.0
"Tinto, Odiel y Piedras",1988,3,0.9561,741.0,775.0
"Tinto, Odiel y Piedras",1988,4,0.9161,568.0,620.0
"Tinto, Odiel y Piedras",1988,5,0.8852,686.0,775.0
"Tinto, Odiel y Piedras",1988,6,0.8419,522.0,620.0
"Tinto, Odiel y Piedras",1988,7,0.8032,498.0,620.0
"Tinto, Odiel y Piedras",1988,8,0.7394,573.0,775.0
"Tinto, Odiel y Piedras",1988,9,0.671,416.0,620.0
"Tinto, Odiel y Piedras",1988,10,0.6129,380.0,620.0
"Tinto, Odiel y Piedras",1988,11,0.6813,528.0,775.0
"Tinto, Odiel y Piedras",1988,12,0.7661,475.0,620.0
"Tinto, Odiel y Piedras",1989,1,0.7677,595.0,775.0
"Tinto, Odiel y Piedras",1989,2,0.7839,486.0,620.0
"Tinto, Odiel y Piedras",1989,3,0.7387,458.0,620.0
"Tinto, Odiel y Piedras",1989,4,0.75,465.0,620.0
"Tinto, Odiel y Piedras",1989,5,0.7587,588.0,775.0
"Tinto, Odiel y Piedras",1989,6,0.7484,464.0,620.0
"Tinto, Odiel y Piedras",1989,7,0.721,447.0,620.0
"Tinto, Odiel y Piedras",1989,8,0.68,527.0,775.0
"Tinto, Odiel y Piedras",1989,9,0.65,403.0,620.0
"Tinto, Odiel y Piedras",1989,10,0.6748,523.0,775.0
"Tinto, Odiel y Piedras",1989,11,0.9065,562.0,620.0
"Tinto, Odiel y Piedras",1989,12,0.9629,597.0,620.0
"Tinto, Odiel y Piedras",1990,1,0.9716,753.0,775.0
"Tinto, Odiel y Piedras",1990,2,0.9141,649.0,710.0
"Tinto, Odiel y Piedras",1990,3,0.9149,677.0,740.0
"Tinto, Odiel y Piedras",1990,4,0.9324,690.0,740.0
"Tinto, Odiel y Piedras",1990,5,0.9276,858.0,925.0
"Tinto, Odiel y Piedras",1990,6,0.8689,643.0,740.0
"Tinto, Odiel y Piedras",1990,7,0.8054,745.0,925.0
"Tinto, Odiel y Piedras",1990,8,0.6905,511.0,740.0
"Tinto, Odiel y Piedras",1990,9,0.6392,473.0,740.0
"Tinto, Odiel y Piedras",1990,10,0.6314,584.0,925.0
"Tinto, Odiel y Piedras",1990,11,0.6203,459.0,740.0
"Tinto, Odiel y Piedras",1990,12,0.5932,439.0,740.0
"Tinto, Odiel y Piedras",1991,1,0.5751,532.0,925.0
"Tinto, Odiel y Piedras",1991,2,0.5784,428.0,740.0
"Tinto, Odiel y Piedras",1991,3,0.6649,492.0,740.0
"Tinto, Odiel y Piedras",1991,4,0.6962,644.0,925.0
"Tinto, Odiel y Piedras",1991,5,0.7108,526.0,740.0
"Tinto, Odiel y Piedras",1991,6,0.6878,509.0,740.0
"Tinto, Odiel y Piedras",1991,7,0.6519,603.0,925.0
"Tinto, Odiel y Piedras",1991,8,0.5959,441.0,740.0
"Tinto, Odiel y Piedras",1991,9,0.5568,412.0,740.0
"Tinto, Odiel y Piedras",1991,10,0.5546,513.0,925.0
"Tinto, Odiel y Piedras",1991,11,0.577,427.0,740.0
"Tinto, Odiel y Piedras",1991,12,0.5805,537.0,925.0
"Tinto, Odiel y Piedras",1992,1,0.5824,431.0,740.0
"Tinto, Odiel y Piedras",1992,2,0.5703,422.0,740.0
"Tinto, Odiel y Piedras",1992,3,0.5546,513.0,925.0
"Tinto, Odiel y Piedras",1992,4,0.5317,394.0,741.0
"Tinto, Odiel y Piedras",1992,5,0.4973,370.0,744.0
"Tinto, Odiel y Piedras",1992,6,0.4763,443.0,930.0
"Tinto, Odiel y Piedras",1992,7,0.4449,331.0,744.0
"Tinto, Odiel y Piedras",1992,8,0.4153,309.0,744.0
"Tinto, Odiel y Piedras",1992,9,0.3935,366.0,930.0
"Tinto, Odiel y Piedras",1992,10,0.3925,292.0,744.0
"Tinto, Odiel y Piedras",1992,11,0.4046,301.0,744.0
"Tinto, Odiel y Piedras",1992,12,0.4237,394.0,930.0
"Tinto, Odiel y Piedras",1993,1,0.4852,361.0,744.0
"Tinto, Odiel y Piedras",1993,2,0.4489,334.0,744.0
"Tinto, Odiel y Piedras",1993,3,0.443,412.0,930.0
"Tinto, Odiel y Piedras",1993,4,0.4194,312.0,744.0
"Tinto, Odiel y Piedras",1993,5,0.4005,298.0,744.0
"Tinto, Odiel y Piedras",1993,6,0.3968,369.0,930.0
"Tinto, Odiel y Piedras",1993,7,0.3925,292.0,744.0
"Tinto, Odiel y Piedras",1993,8,0.3806,354.0,930.0
"Tinto, Odiel y Piedras",1993,9,0.332,247.0,744.0
"Tinto, Odiel y Piedras",1993,10,0.3212,239.0,744.0
"Tinto, Odiel y Piedras",1993,11,0.6656,619.0,930.0
"Tinto, Odiel y Piedras",1993,12,0.6452,480.0,744.0
"Tinto, Odiel y Piedras",1994,1,0.6129,456.0,744.0
"Tinto, Odiel y Piedras",1994,2,0.6048,450.0,744.0
"Tinto, Odiel y Piedras",1994,3,0.6172,574.0,930.0
"Tinto, Odiel y Piedras",1994,4,0.5981,445.0,744.0
"Tinto, Odiel y Piedras",1994,5,0.5903,549.0,930.0
"Tinto, Odiel y Piedras",1994,6,0.5833,434.0,744.0
"Tinto, Odiel y Piedras",1994,7,0.5712,425.0,744.0
"Tinto, Odiel y Piedras",1994,8,0.543,505.0,930.0
"Tinto, Odiel y Piedras",1994,9,0.496,369.0,744.0
"Tinto, Odiel y Piedras",1994,10,0.4395,327.0,744.0
"Tinto, Odiel y Piedras",1994,11,0.4323,402.0,930.0
"Tinto, Odiel y Piedras",1994,12,0.4355,324.0,744.0
"Tinto, Odiel y Piedras",1995,1,0.4312,401.0,930.0
"Tinto, Odiel y Piedras",1995,2,0.4516,336.0,744.0
"Tinto, Odiel y Piedras",1995,3,0.4637,345.0,744.0
"Tinto, Odiel y Piedras",1995,4,0.4516,336.0,744.0
"Tinto, Odiel y Piedras",1995,5,0.4376,407.0,930.0
"Tinto, Odiel y Piedras",1995,6,0.4086,304.0,744.0
"Tinto, Odiel y Piedras",1995,7,0.379,282.0,744.0
"Tinto, Odiel y Piedras",1995,8,0.3495,325.0,930.0
"Tinto, Odiel y Piedras",1995,9,0.3306,246.0,744.0
"Tinto, Odiel y Piedras",1995,10,0.3118,290.0,930.0
"Tinto, Odiel y Piedras",1995,11,0.3481,259.0,744.0
"Tinto, Odiel y Piedras",1995,12,0.6304,469.0,744.0
"Tinto, Odiel y Piedras",1996,1,0.9742,906.0,930.0
"Tinto, Odiel y Piedras",1996,2,0.9852,733.0,744.0
"Tinto, Odiel y Piedras",1996,3,0.9556,711.0,744.0
"Tinto, Odiel y Piedras",1996,4,0.9441,878.0,930.0
"Tinto, Odiel y Piedras",1996,5,0.914,680.0,744.0
"Tinto, Odiel y Piedras",1996,6,0.8952,666.0,744.0
"Tinto, Odiel y Piedras",1996,7,0.8548,795.0,930.0
"Tinto, Odiel y Piedras",1996,8,0.7849,584.0,744.0
"Tinto, Odiel y Piedras",1996,9,0.7218,537.0,744.0
"Tinto, Odiel y Piedras",1996,10,0.686,638.0,930.0
"Tinto, Odiel y Piedras",1996,11,0.6788,505.0,744.0
"Tinto, Odiel y Piedras",1996,12,0.7957,740.0,930.0
"Tinto, Odiel y Piedras",1997,1,0.9852,733.0,744.0
"Tinto, Odiel y Piedras",1997,2,0.9745,725.0,744.0
"Tinto, Odiel y Piedras",1997,3,0.9382,698.0,744.0
"Tinto, Odiel y Piedras",1997,4,0.914,850.0,930.0
"Tinto, Odiel y Piedras",1997,5,0.9274,690.0,744.0
"Tinto, Odiel y Piedras",1997,6,0.9261,689.0,744.0
"Tinto, Odiel y Piedras",1997,7,0.7817,727.0,930.0
"Tinto, Odiel y Piedras",1997,8,0.7876,586.0,744.0
"Tinto, Odiel y Piedras",1997,9,0.714,664.0,930.0
"Tinto, Odiel y Piedras",1997,10,0.7272,541.0,744.0
"Tinto, Odiel y Piedras",1997,11,0.9207,685.0,744.0
"Tinto, Odiel y Piedras",1997,12,0.9602,893.0,930.0
"Tinto, Odiel y Piedras",1998,1,0.9959,735.0,738.0
"Tinto, Odiel y Piedras",1998,2,0.996,739.0,742.0
"Tinto, Odiel y Piedras",1998,3,0.9484,882.0,930.0
"Tinto, Odiel y Piedras",1998,4,0.8978,668.0,744.0
"Tinto, Odiel y Piedras",1998,5,0.8763,652.0,744.0
"Tinto, Odiel y Piedras",1998,6,0.828,770.0,930.0
"Tinto, Odiel y Piedras",1998,7,0.7473,556.0,744.0
"Tinto, Odiel y Piedras",1998,8,0.6935,516.0,744.0
"Tinto, Odiel y Piedras",1998,9,0.643,598.0,930.0
"Tinto, Odiel y Piedras",1998,10,0.6317,470.0,744.0
"Tinto, Odiel y Piedras",1998,11,0.6116,455.0,744.0
"Tinto, Odiel y Piedras",1998,12,0.5989,557.0,930.0
"Tinto, Odiel y Piedras",1999,1,0.6237,464.0,744.0
"Tinto, Odiel y Piedras",1999,2,0.6398,476.0,744.0
"Tinto, Odiel y Piedras",1999,3,0.6559,610.0,930.0
"Tinto, Odiel y Piedras",1999,4,0.6586,490.0,744.0
"Tinto, Odiel y Piedras",1999,5,0.6559,488.0,744.0
"Tinto, Odiel y Piedras",1999,6,0.6258,582.0,930.0
"Tinto, Odiel y Piedras",1999,7,0.5995,446.0,744.0
"Tinto, Odiel y Piedras",1999,8,0.5591,520.0,930.0
"Tinto, Odiel y Piedras",1999,9,0.5296,394.0,744.0
"Tinto, Odiel y Piedras",1999,10,0.5363,399.0,744.0
"Tinto, Odiel y Piedras",1999,11,0.5914,550.0,930.0
"Tinto, Odiel y Piedras",1999,12,0.6022,448.0,744.0
"Tinto, Odiel y Piedras",2000,1,0.6384,475.0,744.0
"Tinto, Odiel y Piedras",2000,2,0.657,611.0,930.0
"Tinto, Odiel y Piedras",2000,3,0.625,465.0,744.0
"Tinto, Odiel y Piedras",2000,4,0.6398,476.0,744.0
"Tinto, Odiel y Piedras",2000,5,0.7839,729.0,930.0
"Tinto, Odiel y Piedras",2000,6,0.7809,581.0,744.0
"Tinto, Odiel y Piedras",2000,7,0.754,561.0,744.0
"Tinto, Odiel y Piedras",2000,8,0.7086,659.0,930.0
"Tinto, Odiel y Piedras",2000,9,0.6398,476.0,744.0
"Tinto, Odiel y Piedras",2000,10,0.5935,552.0,930.0
"Tinto, Odiel y Piedras",2000,11,0.5793,431.0,744.0
"Tinto, Odiel y Piedras",2000,12,0.6761,503.0,744.0
"Tinto, Odiel y Piedras",2001,1,0.9806,912.0,930.0
"Tinto, Odiel y Piedras",2001,2,0.9798,729.0,744.0
"Tinto, Odiel y Piedras",2001,3,0.9812,730.0,744.0
"Tinto, Odiel y Piedras",2001,4,0.9301,692.0,744.0
"Tinto, Odiel y Piedras",2001,5,0.8763,815.0,930.0
"Tinto, Odiel y Piedras",2001,6,0.8374,623.0,744.0
"Tinto, Odiel y Piedras",2001,7,0.7989,743.0,930.0
"Tinto, Odiel y Piedras",2001,8,0.7446,554.0,744.0
"Tinto, Odiel y Piedras",2001,9,0.707,526.0,744.0
"Tinto, Odiel y Piedras",2001,10,0.7387,687.0,930.0
"Tinto, Odiel y Piedras",2001,11,0.8105,603.0,744.0
"Tinto, Odiel y Piedras",2001,12,0.8401,625.0,744.0
"Tinto, Odiel y Piedras",2002,1,0.9054,842.0,930.0
"Tinto, Odiel y Piedras",2002,2,0.9476,705.0,744.0
"Tinto, Odiel y Piedras",2002,3,0.9476,705.0,744.0
"Tinto, Odiel y Piedras",2002,4,0.9613,894.0,930.0
"Tinto, Odiel y Piedras",2002,5,0.9153,681.0,744.0
"Tinto, Odiel y Piedras",2002,6,0.8656,644.0,744.0
"Tinto, Odiel y Piedras",2002,7,0.8237,766.0,930.0
"Tinto, Odiel y Piedras",2002,8,0.7688,572.0,744.0
"Tinto, Odiel y Piedras",2002,9,0.7352,547.0,744.0
"Tinto, Odiel y Piedras",2002,10,0.7462,694.0,930.0
"Tinto, Odiel y Piedras",2002,11,0.7312,544.0,744.0
"Tinto, Odiel y Piedras",2002,12,0.8108,754.0,930.0
"Tinto, Odiel y Piedras",2003,1,0.9046,673.0,744.0
"Tinto, Odiel y Piedras",2003,2,0.8804,655.0,744.0
"Tinto, Odiel y Piedras",2003,3,0.9086,676.0,744.0
"Tinto, Odiel y Piedras",2003,4,0.9567,950.0,993.0
"Tinto, Odiel y Piedras",2003,5,0.9531,873.0,916.0
"Tinto, Odiel y Piedras",2003,6,0.9116,835.0,916.0
"Tinto, Odiel y Piedras",2003,7,0.855,979.0,1145.0
"Tinto, Odiel y Piedras",2003,8,0.7991,732.0,916.0
"Tinto, Odiel y Piedras",2003,9,0.7703,882.0,1145.0
"Tinto, Odiel y Piedras",2003,10,0.7445,682.0,916.0
"Tinto, Odiel y Piedras",2003,11,0.8166,748.0,916.0
"Tinto, Odiel y Piedras",2003,12,0.9415,1078.0,1145.0
"Tinto, Odiel y Piedras",2004,1,0.9432,864.0,916.0
"Tinto, Odiel y Piedras",2004,2,0.9148,838.0,916.0
"Tinto, Odiel y Piedras",2004,3,0.979,1121.0,1145.0
"Tinto, Odiel y Piedras",2004,4,0.9618,881.0,916.0
"Tinto, Odiel y Piedras",2004,5,0.9192,842.0,916.0
"Tinto, Odiel y Piedras",2004,6,0.8812,1009.0,1145.0
"Tinto, Odiel y Piedras",2004,7,0.8341,764.0,916.0
"Tinto, Odiel y Piedras",2004,8,0.7825,896.0,1145.0
"Tinto, Odiel y Piedras",2004,9,0.7336,672.0,916.0
"Tinto, Odiel y Piedras",2004,10,0.7085,649.0,916.0
"Tinto, Odiel y Piedras",2004,11,0.7721,884.0,1145.0
"Tinto, Odiel y Piedras",2004,12,0.7893,723.0,916.0
"Tinto, Odiel y Piedras",2005,1,0.8046,737.0,916.0
"Tinto, Odiel y Piedras",2005,2,0.8079,740.0,916.0
"Tinto, Odiel y Piedras",2005,3,0.8227,942.0,1145.0
"Tinto, Odiel y Piedras",2005,4,0.8166,748.0,916.0
"Tinto, Odiel y Piedras",2005,5,0.7799,893.0,1145.0
"Tinto, Odiel y Piedras",2005,6,0.7282,667.0,916.0
"Tinto, Odiel y Piedras",2005,7,0.6954,637.0,916.0
"Tinto, Odiel y Piedras",2005,8,0.6445,738.0,1145.0
"Tinto, Odiel y Piedras",2005,9,0.5884,539.0,916.0
"Tinto, Odiel y Piedras",2005,10,0.5731,525.0,916.0
"Tinto, Odiel y Piedras",2005,11,0.6079,696.0,1145.0
"Tinto, Odiel y Piedras",2005,12,0.6299,577.0,916.0
"Tinto, Odiel y Piedras",2006,1,0.6812,780.0,1145.0
"Tinto, Odiel y Piedras",2006,2,0.7882,722.0,916.0
"Tinto, Odiel y Piedras",2006,3,0.8679,795.0,916.0
"Tinto, Odiel y Piedras",2006,4,0.917,840.0,916.0
"Tinto, Odiel y Piedras",2006,5,0.9004,1031.0,1145.0
"Tinto, Odiel y Piedras",2006,6,0.8592,787.0,916.0
"Tinto, Odiel y Piedras",2006,7,0.8493,778.0,916.0
"Tinto, Odiel y Piedras",2006,8,0.8079,925.0,1145.0
"Tinto, Odiel y Piedras",2006,9,0.7664,702.0,916.0
"Tinto, Odiel y Piedras",2006,10,0.7275,833.0,1145.0
"Tinto, Odiel y Piedras",2006,11,0.952,872.0,916.0
"Tinto, Odiel y Piedras",2006,12,0.9902,907.0,916.0
"Tinto, Odiel y Piedras",2007,1,0.9546,1093.0,1145.0
"Tinto, Odiel y Piedras",2007,2,0.9738,892.0,916.0
"Tinto, Odiel y Piedras",2007,3,0.9716,890.0,916.0
"Tinto, Odiel y Piedras",2007,4,0.9727,891.0,916.0
"Tinto, Odiel y Piedras",2007,5,0.9572,1096.0,1145.0
"Tinto, Odiel y Piedras",2007,6,0.9378,859.0,916.0
"Tinto, Odiel y Piedras",2007,7,0.8873,1016.0,1145.0
"Tinto, Odiel y Piedras",2007,8,0.8286,759.0,916.0
"Tinto, Odiel y Piedras",2007,9,0.7915,725.0,916.0
"Tinto, Odiel y Piedras",2007,10,0.7948,910.0,1145.0
"Tinto, Odiel y Piedras",2007,11,0.7838,718.0,916.0
"Tinto, Odiel y Piedras",2007,12,0.7795,714.0,916.0
"Tinto, Odiel y Piedras",2008,1,0.7895,904.0,1145.0
"Tinto, Odiel y Piedras",2008,2,0.821,752.0,916.0
"Tinto, Odiel y Piedras",2008,3,0.8515,780.0,916.0
"Tinto, Odiel y Piedras",2008,4,0.8943,1024.0,1145.0
"Tinto, Odiel y Piedras",2008,5,0.9127,836.0,916.0
"Tinto, Odiel y Piedras",2008,6,0.9116,835.0,916.0
"Tinto, Odiel y Piedras",2008,7,0.8734,1000.0,1145.0
"Tinto, Odiel y Piedras",2008,8,0.8122,744.0,916.0
"Tinto, Odiel y Piedras",2008,9,0.752,861.0,1145.0
"Tinto, Odiel y Piedras",2008,10,0.7314,670.0,916.0
"Tinto, Odiel y Piedras",2008,11,0.7347,673.0,916.0
"Tinto, Odiel y Piedras",2008,12,0.7493,858.0,1145.0
"Tinto, Odiel y Piedras",2009,1,0.786,720.0,916.0
"Tinto, Odiel y Piedras",2009,2,0.8865,812.0,916.0
"Tinto, Odiel y Piedras",2009,3,0.8769,1004.0,1145.0
"Tinto, Odiel y Piedras",2009,4,0.8515,780.0,916.0
"Tinto, Odiel y Piedras",2009,5,0.8352,765.0,916.0
"Tinto, Odiel y Piedras",2009,6,0.8157,934.0,1145.0
"Tinto, Odiel y Piedras",2009,7,0.7751,710.0,916.0
"Tinto, Odiel y Piedras",2009,8,0.7358,674.0,916.0
"Tinto, Odiel y Piedras",2009,9,0.6952,796.0,1145.0
"Tinto, Odiel y Piedras",2009,10,0.6867,629.0,916.0
"Tinto, Odiel y Piedras",2009,11,0.6889,631.0,916.0
"Tinto, Odiel y Piedras",2009,12,0.7493,858.0,1145.0
"Tinto, Odiel y Piedras",2010,1,0.9454,866.0,916.0
"Tinto, Odiel y Piedras",2010,2,0.9454,866.0,916.0
"Tinto, Odiel y Piedras",2010,3,0.9415,1078.0,1145.0
"Tinto, Odiel y Piedras",2010,4,0.9258,848.0,916.0
"Tinto, Odiel y Piedras",2010,5,0.8941,819.0,916.0
"Tinto, Odiel y Piedras",2010,6,0.8454,968.0,1145.0
"Tinto, Odiel y Piedras",2010,7,0.7817,716.0,916.0
"Tinto, Odiel y Piedras",2010,8,0.7651,876.0,1145.0
"Tinto, Odiel y Piedras",2010,9,0.7467,684.0,916.0
"Tinto, Odiel y Piedras",2010,10,0.7402,678.0,916.0
"Tinto, Odiel y Piedras",2010,11,0.7284,834.0,1145.0
"Tinto, Odiel y Piedras",2010,12,0.8242,755.0,916.0
"Tinto, Odiel y Piedras",2011,1,0.9094,833.0,916.0
"Tinto, Odiel y Piedras",2011,2,0.8952,820.0,916.0
"Tinto, Odiel y Piedras",2011,3,0.9135,1046.0,1145.0
"Tinto, Odiel y Piedras",2011,4,0.9236,846.0,916.0
"Tinto, Odiel y Piedras",2011,5,0.8847,1013.0,1145.0
"Tinto, Odiel y Piedras",2011,6,0.881,807.0,916.0
"Tinto, Odiel y Piedras",2011,7,0.8275,758.0,916.0
"Tinto, Odiel y Piedras",2011,8,0.7895,904.0,1145.0
"Tinto, Odiel y Piedras",2011,9,0.7729,708.0,916.0
"Tinto, Odiel y Piedras",2011,10,0.738,676.0,916.0
"Tinto, Odiel y Piedras",2011,11,0.7476,856.0,1145.0
"Tinto, Odiel y Piedras",2011,12,0.75,687.0,916.0
"Tinto, Odiel y Piedras",2012,1,0.786,900.0,1145.0
"Tinto, Odiel y Piedras",2012,2,0.786,720.0,916.0
"Tinto, Odiel y Piedras",2012,3,0.786,720.0,916.0
"Tinto, Odiel y Piedras",2012,4,0.786,720.0,916.0
"Tinto, Odiel y Piedras",2012,5,0.786,900.0,1145.0
"Tinto, Odiel y Piedras",2012,6,0.786,720.0,916.0
"Tinto, Odiel y Piedras",2012,7,0.786,900.0,1145.0
"Tinto, Odiel y Piedras",2012,8,0.786,720.0,916.0
"Tinto, Odiel y Piedras",2012,9,0.786,720.0,916.0
"Tinto, Odiel y Piedras",2012,10,0.786,900.0,1145.0
"Tinto, Odiel y Piedras",2012,11,0.786,720.0,916.0
"Tinto, Odiel y Piedras",2012,12,0.786,720.0,916.0
"Tinto, Odiel y Piedras",2013,1,0.786,900.0,1145.0
"Tinto, Odiel y Piedras",2013,2,0.81,742.0,916.0
"Tinto, Odiel y Piedras",2013,3,0.8941,819.0,916.0
"Tinto, Odiel y Piedras",2013,4,0.9223,1056.0,1145.0
"Tinto, Odiel y Piedras",2013,5,0.9017,826.0,916.0
"Tinto, Odiel y Piedras",2013,6,0.8843,810.0,916.0
"Tinto, Odiel y Piedras",2013,7,0.8253,945.0,1145.0
"Tinto, Odiel y Piedras",2013,8,0.7762,711.0,916.0
"Tinto, Odiel y Piedras",2013,9,0.7522,689.0,916.0
"Tinto, Odiel y Piedras",2013,10,0.7162,820.0,1145.0
"Tinto, Odiel y Piedras",2013,11,0.7314,670.0,916.0
"Tinto, Odiel y Piedras",2013,12,0.7197,824.0,1145.0
"Tinto, Odiel y Piedras",2014,1,0.7533,690.0,916.0
"Tinto, Odiel y Piedras",2014,2,0.8046,737.0,916.0
"Tinto, Odiel y Piedras",2014,3,0.8253,756.0,916.0
"Tinto, Odiel y Piedras",2014,4,0.8463,969.0,1145.0
"Tinto, Odiel y Piedras",2014,5,0.8581,786.0,916.0
"Tinto, Odiel y Piedras",2014,6,0.8439,773.0,916.0
"Tinto, Odiel y Piedras",2014,7,0.7878,902.0,1145.0
"Tinto, Odiel y Piedras",2014,8,0.7445,682.0,916.0
"Tinto, Odiel y Piedras",2014,9,0.7179,822.0,1145.0
"Tinto, Odiel y Piedras",2014,10,0.6932,635.0,916.0
"Tinto, Odiel y Piedras",2014,11,0.6965,638.0,916.0
"Tinto, Odiel y Piedras",2014,12,0.8201,939.0,1145.0
"Tinto, Odiel y Piedras",2015,1,0.8308,761.0,916.0
"Tinto, Odiel y Piedras",2015,2,0.8428,772.0,916.0
"Tinto, Odiel y Piedras",2015,3,0.8349,956.0,1145.0
"Tinto, Odiel y Piedras",2015,4,0.8231,754.0,916.0
"Tinto, Odiel y Piedras",2015,5,0.8373,767.0,916.0
"Tinto, Odiel y Piedras",2015,6,0.8227,942.0,1145.0
"Tinto, Odiel y Piedras",2015,7,0.7697,705.0,916.0
"Tinto, Odiel y Piedras",2015,8,0.7216,661.0,916.0
"Tinto, Odiel y Piedras",2015,9,0.6969,798.0,1145.0
"Tinto, Odiel y Piedras",2015,10,0.7009,642.0,916.0
"Tinto, Odiel y Piedras",2015,11,0.7413,679.0,916.0
"Tinto, Odiel y Piedras",2015,12,0.7301,836.0,1145.0
"Tinto, Odiel y Piedras",2016,1,0.7544,691.0,916.0
"Tinto, Odiel y Piedras",2016,2,0.7697,705.0,916.0
"Tinto, Odiel y Piedras",2016,3,0.7659,877.0,1145.0
"Tinto, Odiel y Piedras",2016,4,0.8002,733.0,916.0
"Tinto, Odiel y Piedras",2016,5,0.8821,1010.0,1145.0
"Tinto, Odiel y Piedras",2016,6,0.8766,803.0,916.0
"Tinto, Odiel y Piedras",2016,7,0.8122,744.0,916.0
"Tinto, Odiel y Piedras",2016,8,0.7467,855.0,1145.0
"Tinto, Odiel y Piedras",2016,9,0.6965,638.0,916.0
"Tinto, Odiel y Piedras",2016,10,0.6812,624.0,916.0
"Tinto, Odiel y Piedras",2016,11,0.717,821.0,1145.0
"Tinto, Odiel y Piedras",2016,12,0.8974,822.0,916.0
"Tinto, Odiel y Piedras",2017,1,0.8978,1028.0,1145.0
"Tinto, Odiel y Piedras",2017,2,0.9159,839.0,916.0
"Tinto, Odiel y Piedras",2017,3,0.9247,847.0,916.0
"Tinto, Odiel y Piedras",2017,4,0.9017,826.0,916.0
"Tinto, Odiel y Piedras",2017,5,0.9074,1039.0,1145.0
"Tinto, Odiel y Piedras",2017,6,0.8821,808.0,916.0
"Tinto, Odiel y Piedras",2017,7,0.8111,743.0,916.0
"Tinto, Odiel y Piedras",2017,8,0.7397,847.0,1145.0
"Tinto, Odiel y Piedras",2017,9,0.7052,646.0,916.0
"Tinto, Odiel y Piedras",2017,10,0.6856,785.0,1145.0
"Tinto, Odiel y Piedras",2017,11,0.6725,616.0,916.0
"Tinto, Odiel y Piedras",2017,12,0.679,622.0,916.0
"Tinto, Odiel y Piedras",2018,1,0.7188,823.0,1145.0
"Tinto, Odiel y Piedras",2018,2,0.7424,680.0,916.0
"Tinto, Odiel y Piedras",2018,3,0.9345,856.0,916.0
"Tinto, Odiel y Piedras",2018,4,0.9378,859.0,916.0
"Tinto, Odiel y Piedras",2018,5,0.931,1066.0,1145.0
"Tinto, Odiel y Piedras",2018,6,0.9181,841.0,916.0
"Tinto, Odiel y Piedras",2018,7,0.8777,1005.0,1145.0
"Tinto, Odiel y Piedras",2018,8,0.8275,758.0,916.0
"Tinto, Odiel y Piedras",2018,9,0.786,720.0,916.0
"Tinto, Odiel y Piedras",2018,10,0.738,845.0,1145.0
"Tinto, Odiel y Piedras",2018,11,0.7915,725.0,916.0
"Tinto, Odiel y Piedras",2018,12,0.8493,778.0,916.0
"Tinto, Odiel y Piedras",2019,1,0.814,932.0,1145.0
"Tinto, Odiel y Piedras",2019,2,0.8002,733.0,916.0
"Tinto, Odiel y Piedras",2019,3,0.8068,739.0,916.0
"Tinto, Odiel y Piedras",2019,4,0.8009,917.0,1145.0
"Tinto, Odiel y Piedras",2019,5,0.8035,736.0,916.0
"Tinto, Odiel y Piedras",2019,6,0.7762,711.0,916.0
"Tinto, Odiel y Piedras",2019,7,0.7406,848.0,1145.0
"Tinto, Odiel y Piedras",2019,8,0.6681,612.0,916.0
"Tinto, Odiel y Piedras",2019,9,0.6419,588.0,916.0
"Tinto, Odiel y Piedras",2019,10,0.6166,706.0,1145.0
"Tinto, Odiel y Piedras",2019,11,0.6255,573.0,916.0
"Tinto, Odiel y Piedras",2019,12,0.6891,789.0,1145.0
"Tinto, Odiel y Piedras",2020,1,0.7784,713.0,916.0
"Tinto, Odiel y Piedras",2020,2,0.8079,740.0,916.0
"Tinto, Odiel y Piedras",2020,3,0.7886,903.0,1145.0
"Tinto, Odiel y Piedras",2020,4,0.821,752.0,916.0
"Tinto, Odiel y Piedras",2020,5,0.8024,735.0,916.0
"Tinto, Odiel y Piedras",2020,6,0.7825,896.0,1145.0
"Tinto, Odiel y Piedras",2020,7,0.75,687.0,916.0
"Tinto, Odiel y Piedras",2020,8,0.6976,639.0,916.0
"Tinto, Odiel y Piedras",2020,9,0.6332,725.0,1145.0
"Tinto, Odiel y Piedras",2020,10,0.607,556.0,916.0
"Tinto, Odiel y Piedras",2020,11,0.6812,624.0,916.0
"Tinto, Odiel y Piedras",2020,12,0.7616,872.0,1145.0
"Tinto, Odiel y Piedras",2021,1,0.7478,685.0,916.0
"Tinto, Odiel y Piedras",2021,2,0.7784,713.0,916.0
"Tinto, Odiel y Piedras",2021,3,0.8175,936.0,1145.0
"Tinto, Odiel y Piedras",2021,4,0.8166,748.0,916.0
"Tinto, Odiel y Piedras",2021,5,0.8122,744.0,916.0
"Tinto, Odiel y Piedras",2021,6,0.7834,897.0,1145.0
"Tinto, Odiel y Piedras",2021,7,0.7456,683.0,916.0
"Tinto, Odiel y Piedras",2021,8,0.6961,797.0,1145.0
"Tinto, Odiel y Piedras",2021,9,0.6638,608.0,916.0
"Tinto, Odiel y Piedras",2021,10,0.667,611.0,916.0
"Tinto, Odiel y Piedras",2021,11,0.6498,744.0,1145.0
"Tinto, Odiel y Piedras",2021,12,0.6539,599.0,916.0
"Tinto, Odiel y Piedras",2022,1,0.7303,669.0,916.0
"Tinto, Odiel y Piedras",2022,2,0.7413,679.0,916.0
"Tinto, Odiel y Piedras",2022,3,0.7502,859.0,1145.0
"Tinto, Odiel y Piedras",2022,4,0.8035,736.0,916.0
"Tinto, Odiel y Piedras",2022,5,0.8,916.0,1145.0
"Tinto, Odiel y Piedras",2022,6,0.7642,700.0,916.0
"Tinto, Odiel y Piedras",2022,7,0.7303,669.0,916.0
"Tinto, Odiel y Piedras",2022,8,0.6856,785.0,1145.0
"Tinto, Odiel y Piedras",2022,9,0.6583,603.0,916.0
"Tinto, Odiel y Piedras",2022,10,0.6474,593.0,916.0
"Tinto, Odiel y Piedras",2022,11,0.641,734.0,1145.0
"Tinto, Odiel y Piedras",2022,12,0.7795,714.0,916.0
"Tinto, Odiel y Piedras",2023,1,0.8218,941.0,1145.0
"Tinto, Odiel y Piedras",2023,2,0.8013,734.0,916.0
"Tinto, Odiel y Piedras",2023,3,0.7478,685.0,916.0
"Tinto, Odiel y Piedras",2023,4,0.6823,625.0,916.0
"Tinto, Odiel y Piedras",2023,5,0.6821,781.0,1145.0
"Tinto, Odiel y Piedras",2023,6,0.6998,641.0,916.0
"Tinto, Odiel y Piedras",2023,7,0.6801,623.0,916.0
"Tinto, Odiel y Piedras",2023,8,0.6262,717.0,1145.0
"Tinto, Odiel y Piedras",2023,9,0.5764,528.0,916.0
"Tinto, Odiel y Piedras",2023,10,0.5432,622.0,1145.0
"Tinto, Odiel y Piedras",2023,11,0.5928,543.0,916.0
"Tinto, Odiel y Piedras",2023,12,0.6092,558.0,916.0
"Tinto, Odiel y Piedras",2024,1,0.6515,746.0,1145.0
"Tinto, Odiel y Piedras",2024,2,0.7511,688.0,916.0
"Tinto, Odiel y Piedras",2024,3,0.7806,715.0,916.0
"Tinto, Odiel y Piedras",2024,4,0.8498,973.0,1145.0
"Tinto, Odiel y Piedras",2024,5,0.8493,778.0,916.0
"Tinto, Odiel y Piedras",2024,6,0.8461,775.0,916.0
"Tinto, Odiel y Piedras",2024,7,0.8323,953.0,1145.0
"Tinto, Odiel y Piedras",2024,8,0.7697,705.0,916.0
"Tinto, Odiel y Piedras",2024,9,0.7445,682.0,916.0
"Tinto, Odiel y Piedras",2024,10,0.7074,810.0,1145.0
"Tinto, Odiel y Piedras",2024,11,0.7871,721.0,916.0
"Tinto, Odiel y Piedras",2024,12,0.8323,953.0,1145.0
"Tinto, Odiel y Piedras",2025,1,0.8461,775.0,916.0
"Tinto, Odiel y Piedras",2025,2,0.9236,846.0,916.0
"Tinto, Odiel y Piedras",2025,3,0.9443,865.0,916.0
"Tinto, Odiel y Piedras",2025,4,0.9214,1055.0,1145.0
"Tinto, Odiel y Piedras",2025,5,0.9159,839.0,916.0
"Tinto, Odiel y Piedras",2025,6,0.881,807.0,916.0
"Tinto, Odiel y Piedras",2025,7,0.8428,965.0,1145.0
"Tinto, Odiel y Piedras",2025,8,0.7806,715.0,916.0
"Tinto, Odiel y Piedras",2025,9,0.7153,819.0,1145.0
"Tinto, Odiel y Piedras",2025,10,0.6386,585.0,916.0
"Tinto, Odiel y Piedras",2025,11,0.6834,626.0,916.0
"Tinto, Odiel y Piedras",2025,12,0.7782,891.0,1145.0
"Tinto, Odiel y Piedras",2026,1,0.9061,830.0,916.0
"Tinto, Odiel y Piedras",2026,2,0.941,862.0,916.0
"Tinto, Odiel y Piedras",2026,3,0.9074,1039.0,1145.0
"Tinto, Odiel y Piedras",2026,4,0.8843,810.0,916.0
"Tinto, Odiel y Piedras",2026,5,0.8723,799.0,916.0
"Tinto, Odiel y Piedras",2026,6,0.8376,959.0,1145.0
"Tinto, Odiel y Piedras",2026,7,0.8013,367.0,458.0
